0 verbose cli /usr/local/bin/node /usr/local/lib/node_modules/npm/bin/npm-cli.js
1 info using npm@10.2.4
2 info using node@v20.11.0
3 timing npm:load:whichnode Completed in 1ms
4 timing config:load:defaults Completed in 1ms
5 timing config:load:file:/usr/local/lib/node_modules/npm/npmrc Completed in 0ms
6 timing config:load:builtin Completed in 0ms
7 timing config:load:cli Completed in 1ms
8 timing config:load:env Completed in 0ms
9 timing config:load:file:/Users/khavasfayzullaevgmail.com/Documents/test-platform-deploy/.npmrc Completed in 0ms
10 timing config:load:project Completed in 0ms
11 timing config:load:file:/Users/khavasfayzullaevgmail.com/.npmrc Completed in 0ms
12 timing config:load:user Completed in 0ms
13 timing config:load:file:/usr/local/etc/npmrc Completed in 0ms
14 timing config:load:global Completed in 0ms
15 timing config:load:setEnvs Completed in 1ms
16 timing config:load Completed in 5ms
17 timing npm:load:configload Completed in 5ms
18 timing config:load:flatten Completed in 2ms
19 timing npm:load:mkdirpcache Completed in 0ms
20 timing npm:load:mkdirplogs Completed in 0ms
21 verbose title npm exec vercel whoami
22 verbose argv "exec" "--yes" "--" "vercel" "whoami"
23 timing npm:load:setTitle Completed in 9ms
24 timing npm:load:display Completed in 0ms
25 verbose logfile logs-max:10 dir:/Users/khavasfayzullaevgmail.com/Documents/test-platform-deploy/.npm-cache/_logs/2026-02-23T16_38_08_517Z-
26 verbose logfile /Users/khavasfayzullaevgmail.com/Documents/test-platform-deploy/.npm-cache/_logs/2026-02-23T16_38_08_517Z-debug-0.log
27 timing npm:load:logFile Completed in 7ms
28 timing npm:load:timers Completed in 0ms
29 timing npm:load:configScope Completed in 0ms
30 timing npm:load Completed in 35ms
31 silly logfile done cleaning log files
32 timing arborist:ctor Completed in 1ms
33 http fetch GET 200 https://registry.npmjs.org/vercel 673ms (cache revalidated)
34 timing arborist:ctor Completed in 0ms
35 timing arborist:ctor Completed in 0ms
36 timing arborist:ctor Completed in 0ms
37 timing idealTree:init Completed in 1ms
38 timing idealTree:userRequests Completed in 0ms
39 silly idealTree buildDeps
40 silly fetch manifest vercel@50.22.1
41 http fetch GET 200 https://registry.npmjs.org/vercel 8ms (cache hit)
42 silly placeDep ROOT vercel@50.22.1 OK for:  want: 50.22.1
43 silly fetch manifest jose@5.9.6
44 silly fetch manifest luxon@^3.4.0
45 silly fetch manifest esbuild@0.27.0
46 silly fetch manifest chokidar@4.0.0
47 silly fetch manifest form-data@^4.0.0
48 silly fetch manifest @vercel/go@3.4.1
49 silly fetch manifest @vercel/h3@0.1.48
50 silly fetch manifest @vercel/fun@1.3.0
51 silly fetch manifest @vercel/koa@0.1.22
52 silly fetch manifest proxy-agent@6.4.0
53 silly fetch manifest @vercel/blob@2.3.0
54 silly fetch manifest @vercel/hono@0.2.42
55 silly fetch manifest @vercel/next@4.15.31
56 silly fetch manifest @vercel/node@5.6.6
57 silly fetch manifest @vercel/ruby@2.3.1
58 silly fetch manifest @vercel/rust@1.0.5
59 silly fetch manifest @vercel/elysia@0.1.39
60 silly fetch manifest @vercel/nestjs@0.2.43
61 silly fetch manifest @vercel/python@6.15.1
62 silly fetch manifest @vercel/express@0.1.48
63 silly fetch manifest @vercel/fastify@0.1.42
64 silly fetch manifest @vercel/redwood@2.4.9
65 silly fetch manifest @vercel/backends@0.0.36
66 silly fetch manifest @vercel/hydrogen@1.3.5
67 silly fetch manifest @vercel/build-utils@13.4.3
68 silly fetch manifest @vercel/detect-agent@1.1.0
69 silly fetch manifest @vercel/static-build@2.8.40
70 silly fetch manifest @vercel/remix-builder@5.5.10
71 http fetch GET 200 https://registry.npmjs.org/jose 42ms (cache hit)
72 http fetch GET 200 https://registry.npmjs.org/luxon 44ms (cache hit)
73 http fetch GET 200 https://registry.npmjs.org/form-data 44ms (cache hit)
74 http fetch GET 200 https://registry.npmjs.org/@vercel%2ffun 44ms (cache hit)
75 http fetch GET 200 https://registry.npmjs.org/esbuild 47ms (cache hit)
76 http fetch GET 200 https://registry.npmjs.org/@vercel%2fhono 48ms (cache hit)
77 http fetch GET 200 https://registry.npmjs.org/@vercel%2fkoa 50ms (cache hit)
78 http fetch GET 200 https://registry.npmjs.org/@vercel%2fgo 52ms (cache hit)
79 http fetch GET 200 https://registry.npmjs.org/@vercel%2fexpress 50ms (cache hit)
80 http fetch GET 200 https://registry.npmjs.org/@vercel%2fblob 52ms (cache hit)
81 http fetch GET 200 https://registry.npmjs.org/@vercel%2fnestjs 52ms (cache hit)
82 http fetch GET 200 https://registry.npmjs.org/@vercel%2felysia 53ms (cache hit)
83 http fetch GET 200 https://registry.npmjs.org/@vercel%2ffastify 52ms (cache hit)
84 http fetch GET 200 https://registry.npmjs.org/chokidar 57ms (cache hit)
85 http fetch GET 200 https://registry.npmjs.org/@vercel%2fpython 55ms (cache hit)
86 http fetch GET 200 https://registry.npmjs.org/@vercel%2fnode 58ms (cache hit)
87 http fetch GET 200 https://registry.npmjs.org/@vercel%2fbackends 60ms (cache hit)
88 http fetch GET 200 https://registry.npmjs.org/@vercel%2fredwood 60ms (cache hit)
89 http fetch GET 200 https://registry.npmjs.org/@vercel%2fh3 66ms (cache hit)
90 http fetch GET 200 https://registry.npmjs.org/@vercel%2fhydrogen 61ms (cache hit)
91 http fetch GET 200 https://registry.npmjs.org/@vercel%2fnext 66ms (cache hit)
92 http fetch GET 200 https://registry.npmjs.org/@vercel%2fdetect-agent 67ms (cache hit)
93 http fetch GET 200 https://registry.npmjs.org/proxy-agent 71ms (cache hit)
94 http fetch GET 200 https://registry.npmjs.org/@vercel%2fruby 71ms (cache hit)
95 http fetch GET 200 https://registry.npmjs.org/@vercel%2fbuild-utils 70ms (cache hit)
96 http fetch GET 200 https://registry.npmjs.org/@vercel%2frust 77ms (cache hit)
97 http fetch GET 200 https://registry.npmjs.org/@vercel%2fstatic-build 75ms (cache hit)
98 http fetch GET 200 https://registry.npmjs.org/@vercel%2fremix-builder 78ms (cache hit)
99 timing idealTree:#root Completed in 121ms
100 silly fetch manifest typescript@^4.0.0 || ^5.0.0
101 http fetch GET 200 https://registry.npmjs.org/typescript 14ms (cache hit)
102 silly placeDep ROOT @vercel/backends@0.0.36 OK for: vercel@50.22.1 want: 0.0.36
103 silly placeDep ROOT typescript@5.9.3 OK for: @vercel/backends@0.0.36 want: ^4.0.0 || ^5.0.0
104 silly fetch manifest tsx@4.21.0
105 silly fetch manifest zod@3.22.4
106 silly fetch manifest srvx@0.8.9
107 silly fetch manifest execa@3.2.0
108 silly fetch manifest fs-extra@11.1.0
109 silly fetch manifest rolldown@1.0.0-rc.1
110 silly fetch manifest @vercel/nft@1.3.0
111 silly fetch manifest oxc-transform@0.111.0
112 silly fetch manifest path-to-regexp@8.3.0
113 silly fetch manifest resolve.exports@2.0.3
114 silly placeDep ROOT @vercel/blob@2.3.0 OK for: vercel@50.22.1 want: 2.3.0
115 silly fetch manifest async-retry@^1.3.3
116 silly fetch manifest is-buffer@^2.0.5
117 silly fetch manifest is-node-process@^1.2.0
118 silly fetch manifest throttleit@^2.1.0
119 silly fetch manifest undici@^6.23.0
120 silly placeDep ROOT @vercel/build-utils@13.4.3 OK for: vercel@50.22.1 want: 13.4.3
121 silly fetch manifest @vercel/python-analysis@0.6.0
122 silly placeDep ROOT @vercel/detect-agent@1.1.0 OK for: vercel@50.22.1 want: 1.1.0
123 silly placeDep ROOT @vercel/elysia@0.1.39 OK for: vercel@50.22.1 want: 0.1.39
124 silly fetch manifest @vercel/static-config@3.1.2
125 silly placeDep ROOT @vercel/express@0.1.48 OK for: vercel@50.22.1 want: 0.1.48
126 silly fetch manifest ts-morph@12.0.0
127 silly fetch manifest @vercel/nft@1.1.1
128 silly fetch manifest @vercel/cervel@0.0.23
129 silly placeDep ROOT @vercel/fastify@0.1.42 OK for: vercel@50.22.1 want: 0.1.42
130 silly placeDep ROOT @vercel/fun@1.3.0 OK for: vercel@50.22.1 want: 1.3.0
131 silly fetch manifest @tootallnate/once@2.0.0
132 silly fetch manifest async-listen@1.2.0
133 silly fetch manifest debug@4.3.4
134 silly fetch manifest generic-pool@3.4.2
135 silly fetch manifest micro@9.3.5-canary.3
136 silly fetch manifest ms@2.1.1
137 silly fetch manifest node-fetch@2.6.7
138 silly fetch manifest path-to-regexp@8.2.0
139 silly fetch manifest promisepipe@3.0.0
140 silly fetch manifest semver@7.5.4
141 silly fetch manifest stat-mode@0.3.0
142 silly fetch manifest stream-to-promise@2.2.0
143 silly fetch manifest tar@7.5.7
144 silly fetch manifest tinyexec@0.3.2
145 silly fetch manifest tree-kill@1.2.2
146 silly fetch manifest uid-promise@1.0.0
147 silly fetch manifest xdg-app-paths@5.1.0
148 silly fetch manifest yauzl-promise@2.1.3
149 silly placeDep ROOT @vercel/go@3.4.1 OK for: vercel@50.22.1 want: 3.4.1
150 silly placeDep ROOT @vercel/h3@0.1.48 OK for: vercel@50.22.1 want: 0.1.48
151 silly placeDep ROOT @vercel/hono@0.2.42 OK for: vercel@50.22.1 want: 0.2.42
152 silly placeDep ROOT @vercel/hydrogen@1.3.5 OK for: vercel@50.22.1 want: 1.3.5
153 silly placeDep ROOT @vercel/koa@0.1.22 OK for: vercel@50.22.1 want: 0.1.22
154 silly placeDep ROOT @vercel/nestjs@0.2.43 OK for: vercel@50.22.1 want: 0.2.43
155 silly placeDep ROOT @vercel/next@4.15.31 OK for: vercel@50.22.1 want: 4.15.31
156 silly placeDep ROOT @vercel/node@5.6.6 OK for: vercel@50.22.1 want: 5.6.6
157 silly fetch manifest etag@1.8.1
158 silly fetch manifest undici@5.28.4
159 silly fetch manifest mime-types@2.1.35
160 silly fetch manifest node-fetch@2.6.9
161 silly fetch manifest @types/node@20.11.0
162 silly fetch manifest async-listen@3.0.0
163 silly fetch manifest edge-runtime@2.5.9
164 silly fetch manifest path-to-regexp@6.1.0
165 silly fetch manifest es-module-lexer@1.4.1
166 silly fetch manifest @edge-runtime/vm@3.2.0
167 silly fetch manifest cjs-module-lexer@1.2.3
168 silly fetch manifest @vercel/error-utils@2.0.3
169 silly fetch manifest path-to-regexp-updated@npm:path-to-regexp@6.3.0
170 silly fetch manifest @edge-runtime/node-utils@2.3.0
171 silly fetch manifest @edge-runtime/primitives@4.1.0
172 silly placeDep ROOT @vercel/python@6.15.1 OK for: vercel@50.22.1 want: 6.15.1
173 silly placeDep ROOT @vercel/redwood@2.4.9 OK for: vercel@50.22.1 want: 2.4.9
174 silly fetch manifest semver@6.3.1
175 silly placeDep ROOT @vercel/remix-builder@5.5.10 OK for: vercel@50.22.1 want: 5.5.10
176 silly placeDep ROOT @vercel/ruby@2.3.1 OK for: vercel@50.22.1 want: 2.3.1
177 silly placeDep ROOT @vercel/rust@1.0.5 OK for: vercel@50.22.1 want: 1.0.5
178 silly fetch manifest execa@5
179 silly fetch manifest @iarna/toml@^2.2.5
180 silly placeDep ROOT @vercel/static-build@2.8.40 OK for: vercel@50.22.1 want: 2.8.40
181 silly fetch manifest @vercel/gatsby-plugin-vercel-builder@2.0.138
182 silly fetch manifest @vercel/gatsby-plugin-vercel-analytics@1.0.11
183 silly placeDep ROOT chokidar@4.0.0 OK for: vercel@50.22.1 want: 4.0.0
184 silly fetch manifest readdirp@^4.0.1
185 silly placeDep ROOT esbuild@0.27.0 OK for: vercel@50.22.1 want: 0.27.0
186 silly fetch manifest @esbuild/aix-ppc64@0.27.0
187 silly fetch manifest @esbuild/linux-arm@0.27.0
188 silly fetch manifest @esbuild/linux-x64@0.27.0
189 silly fetch manifest @esbuild/sunos-x64@0.27.0
190 silly fetch manifest @esbuild/win32-x64@0.27.0
191 silly fetch manifest @esbuild/darwin-x64@0.27.0
192 silly fetch manifest @esbuild/linux-ia32@0.27.0
193 silly fetch manifest @esbuild/netbsd-x64@0.27.0
194 silly fetch manifest @esbuild/win32-ia32@0.27.0
195 silly fetch manifest @esbuild/android-arm@0.27.0
196 silly fetch manifest @esbuild/android-x64@0.27.0
197 silly fetch manifest @esbuild/freebsd-x64@0.27.0
198 silly fetch manifest @esbuild/linux-arm64@0.27.0
199 silly fetch manifest @esbuild/linux-ppc64@0.27.0
200 silly fetch manifest @esbuild/linux-s390x@0.27.0
201 silly fetch manifest @esbuild/openbsd-x64@0.27.0
202 silly fetch manifest @esbuild/win32-arm64@0.27.0
203 silly fetch manifest @esbuild/darwin-arm64@0.27.0
204 silly fetch manifest @esbuild/netbsd-arm64@0.27.0
205 silly fetch manifest @esbuild/android-arm64@0.27.0
206 silly fetch manifest @esbuild/freebsd-arm64@0.27.0
207 silly fetch manifest @esbuild/linux-loong64@0.27.0
208 silly fetch manifest @esbuild/linux-riscv64@0.27.0
209 silly fetch manifest @esbuild/openbsd-arm64@0.27.0
210 silly fetch manifest @esbuild/linux-mips64el@0.27.0
211 silly fetch manifest @esbuild/openharmony-arm64@0.27.0
212 silly placeDep ROOT form-data@4.0.5 OK for: vercel@50.22.1 want: ^4.0.0
213 silly fetch manifest asynckit@^0.4.0
214 silly fetch manifest combined-stream@^1.0.8
215 silly fetch manifest es-set-tostringtag@^2.1.0
216 silly fetch manifest hasown@^2.0.2
217 silly fetch manifest mime-types@^2.1.12
218 silly placeDep ROOT jose@5.9.6 OK for: vercel@50.22.1 want: 5.9.6
219 silly placeDep ROOT luxon@3.7.2 OK for: vercel@50.22.1 want: ^3.4.0
220 silly placeDep ROOT proxy-agent@6.4.0 OK for: vercel@50.22.1 want: 6.4.0
221 silly fetch manifest debug@^4.3.4
222 silly fetch manifest lru-cache@^7.14.1
223 silly fetch manifest agent-base@^7.0.2
224 silly fetch manifest proxy-from-env@^1.1.0
225 silly fetch manifest pac-proxy-agent@^7.0.1
226 silly fetch manifest http-proxy-agent@^7.0.1
227 silly fetch manifest https-proxy-agent@^7.0.3
228 silly fetch manifest socks-proxy-agent@^8.0.2
229 http fetch GET 200 https://registry.npmjs.org/throttleit 146ms (cache hit)
230 http fetch GET 200 https://registry.npmjs.org/@vercel%2fstatic-config 145ms (cache hit)
231 http fetch GET 200 https://registry.npmjs.org/async-retry 148ms (cache hit)
232 http fetch GET 200 https://registry.npmjs.org/execa 150ms (cache hit)
233 http fetch GET 200 https://registry.npmjs.org/fs-extra 151ms (cache hit)
234 http fetch GET 200 https://registry.npmjs.org/oxc-transform 152ms (cache hit)
235 http fetch GET 200 https://registry.npmjs.org/tsx 155ms (cache hit)
236 http fetch GET 200 https://registry.npmjs.org/resolve.exports 154ms (cache hit)
237 http fetch GET 200 https://registry.npmjs.org/path-to-regexp 155ms (cache hit)
238 http fetch GET 200 https://registry.npmjs.org/zod 158ms (cache hit)
239 http fetch GET 200 https://registry.npmjs.org/ts-morph 158ms (cache hit)
240 http fetch GET 200 https://registry.npmjs.org/debug 151ms (cache hit)
241 http fetch GET 200 https://registry.npmjs.org/undici 163ms (cache hit)
242 http fetch GET 200 https://registry.npmjs.org/@vercel%2fpython-analysis 166ms (cache hit)
243 http fetch GET 200 https://registry.npmjs.org/async-listen 157ms (cache hit)
244 http fetch GET 200 https://registry.npmjs.org/is-buffer 168ms (cache hit)
245 http fetch GET 200 https://registry.npmjs.org/path-to-regexp 153ms (cache hit)
246 http fetch GET 200 https://registry.npmjs.org/rolldown 173ms (cache hit)
247 http fetch GET 200 https://registry.npmjs.org/micro 163ms (cache hit)
248 http fetch GET 200 https://registry.npmjs.org/stream-to-promise 160ms (cache hit)
249 http fetch GET 200 https://registry.npmjs.org/generic-pool 165ms (cache hit)
250 http fetch GET 200 https://registry.npmjs.org/stat-mode 161ms (cache hit)
251 http fetch GET 200 https://registry.npmjs.org/node-fetch 164ms (cache hit)
252 http fetch GET 200 https://registry.npmjs.org/node-fetch 151ms (cache hit)
253 http fetch GET 200 https://registry.npmjs.org/@vercel%2fcervel 176ms (cache hit)
254 http fetch GET 200 https://registry.npmjs.org/@tootallnate%2fonce 170ms (cache hit)
255 http fetch GET 200 https://registry.npmjs.org/@vercel%2fnft 183ms (cache hit)
256 http fetch GET 200 https://registry.npmjs.org/srvx 188ms (cache hit)
257 http fetch GET 200 https://registry.npmjs.org/etag 159ms (cache hit)
258 http fetch GET 200 https://registry.npmjs.org/tinyexec 166ms (cache hit)
259 http fetch GET 200 https://registry.npmjs.org/uid-promise 166ms (cache hit)
260 http fetch GET 200 https://registry.npmjs.org/path-to-regexp 155ms (cache hit)
261 http fetch GET 200 https://registry.npmjs.org/undici 160ms (cache hit)
262 http fetch GET 200 https://registry.npmjs.org/tar 171ms (cache hit)
263 http fetch GET 200 https://registry.npmjs.org/promisepipe 175ms (cache hit)
264 http fetch GET 200 https://registry.npmjs.org/@vercel%2ferror-utils 155ms (cache hit)
265 http fetch GET 200 https://registry.npmjs.org/execa 149ms (cache hit)
266 http fetch GET 200 https://registry.npmjs.org/@vercel%2fnft 188ms (cache hit)
267 http fetch GET 200 https://registry.npmjs.org/ms 180ms (cache hit)
268 http fetch GET 200 https://registry.npmjs.org/@edge-runtime%2fvm 160ms (cache hit)
269 http fetch GET 200 https://registry.npmjs.org/cjs-module-lexer 160ms (cache hit)
270 http fetch GET 200 https://registry.npmjs.org/@edge-runtime%2fprimitives 158ms (cache hit)
271 http fetch GET 200 https://registry.npmjs.org/es-module-lexer 163ms (cache hit)
272 http fetch GET 200 https://registry.npmjs.org/@esbuild%2flinux-arm 150ms (cache hit)
273 http fetch GET 200 https://registry.npmjs.org/mime-types 169ms (cache hit)
274 http fetch GET 200 https://registry.npmjs.org/@esbuild%2faix-ppc64 153ms (cache hit)
275 http fetch GET 200 https://registry.npmjs.org/async-listen 169ms (cache hit)
276 http fetch GET 200 https://registry.npmjs.org/path-to-regexp 162ms (cache hit)
277 http fetch GET 200 https://registry.npmjs.org/@iarna%2ftoml 157ms (cache hit)
278 http fetch GET 200 https://registry.npmjs.org/is-node-process 199ms (cache hit)
279 http fetch GET 200 https://registry.npmjs.org/xdg-app-paths 179ms (cache hit)
280 http fetch GET 200 https://registry.npmjs.org/@esbuild%2fwin32-x64 152ms (cache hit)
281 http fetch GET 200 https://registry.npmjs.org/edge-runtime 170ms (cache hit)
282 http fetch GET 200 https://registry.npmjs.org/@vercel%2fgatsby-plugin-vercel-analytics 158ms (cache hit)
283 http fetch GET 200 https://registry.npmjs.org/@esbuild%2fsunos-x64 154ms (cache hit)
284 http fetch GET 200 https://registry.npmjs.org/@esbuild%2flinux-x64 156ms (cache hit)
285 http fetch GET 200 https://registry.npmjs.org/@esbuild%2flinux-ppc64 153ms (cache hit)
286 http fetch GET 200 https://registry.npmjs.org/readdirp 162ms (cache hit)
287 http fetch GET 200 https://registry.npmjs.org/semver 169ms (cache hit)
288 http fetch GET 200 https://registry.npmjs.org/semver 191ms (cache hit)
289 http fetch GET 200 https://registry.npmjs.org/@types%2fnode 182ms (cache hit)
290 http fetch GET 200 https://registry.npmjs.org/@esbuild%2flinux-ia32 169ms (cache hit)
291 http fetch GET 200 https://registry.npmjs.org/@edge-runtime%2fnode-utils 182ms (cache hit)
292 http fetch GET 200 https://registry.npmjs.org/@esbuild%2fwin32-arm64 164ms (cache hit)
293 http fetch GET 200 https://registry.npmjs.org/yauzl-promise 198ms (cache hit)
294 http fetch GET 200 https://registry.npmjs.org/@esbuild%2flinux-s390x 166ms (cache hit)
295 http fetch GET 200 https://registry.npmjs.org/@esbuild%2fopenbsd-arm64 160ms (cache hit)
296 http fetch GET 200 https://registry.npmjs.org/@vercel%2fgatsby-plugin-vercel-builder 178ms (cache hit)
297 http fetch GET 200 https://registry.npmjs.org/@esbuild%2fwin32-ia32 171ms (cache hit)
298 http fetch GET 200 https://registry.npmjs.org/@esbuild%2flinux-arm64 170ms (cache hit)
299 http fetch GET 200 https://registry.npmjs.org/mime-types 157ms (cache hit)
300 http fetch GET 200 https://registry.npmjs.org/@esbuild%2fdarwin-arm64 169ms (cache hit)
301 http fetch GET 200 https://registry.npmjs.org/asynckit 162ms (cache hit)
302 http fetch GET 200 https://registry.npmjs.org/combined-stream 161ms (cache hit)
303 http fetch GET 200 https://registry.npmjs.org/@esbuild%2flinux-riscv64 174ms (cache hit)
304 http fetch GET 200 https://registry.npmjs.org/@esbuild%2fnetbsd-arm64 179ms (cache hit)
305 http fetch GET 200 https://registry.npmjs.org/debug 168ms (cache hit)
306 http fetch GET 200 https://registry.npmjs.org/@esbuild%2fopenharmony-arm64 173ms (cache hit)
307 http fetch GET 200 https://registry.npmjs.org/@esbuild%2fandroid-arm 185ms (cache hit)
308 http fetch GET 200 https://registry.npmjs.org/@esbuild%2fnetbsd-x64 186ms (cache hit)
309 http fetch GET 200 https://registry.npmjs.org/@esbuild%2fdarwin-x64 188ms (cache hit)
310 http fetch GET 200 https://registry.npmjs.org/pac-proxy-agent 164ms (cache hit)
311 http fetch GET 200 https://registry.npmjs.org/hasown 173ms (cache hit)
312 http fetch GET 200 https://registry.npmjs.org/@esbuild%2fandroid-x64 186ms (cache hit)
313 http fetch GET 200 https://registry.npmjs.org/es-set-tostringtag 173ms (cache hit)
314 http fetch GET 200 https://registry.npmjs.org/@esbuild%2flinux-mips64el 177ms (cache hit)
315 http fetch GET 200 https://registry.npmjs.org/proxy-from-env 167ms (cache hit)
316 http fetch GET 200 https://registry.npmjs.org/agent-base 170ms (cache hit)
317 http fetch GET 200 https://registry.npmjs.org/@esbuild%2ffreebsd-arm64 181ms (cache hit)
318 http fetch GET 200 https://registry.npmjs.org/@esbuild%2ffreebsd-x64 188ms (cache hit)
319 http fetch GET 200 https://registry.npmjs.org/@esbuild%2fandroid-arm64 184ms (cache hit)
320 http fetch GET 200 https://registry.npmjs.org/http-proxy-agent 172ms (cache hit)
321 http fetch GET 200 https://registry.npmjs.org/tree-kill 226ms (cache hit)
322 http fetch GET 200 https://registry.npmjs.org/@esbuild%2flinux-loong64 186ms (cache hit)
323 http fetch GET 200 https://registry.npmjs.org/lru-cache 179ms (cache hit)
324 http fetch GET 200 https://registry.npmjs.org/@esbuild%2fopenbsd-x64 194ms (cache hit)
325 http fetch GET 200 https://registry.npmjs.org/socks-proxy-agent 176ms (cache hit)
326 http fetch GET 200 https://registry.npmjs.org/https-proxy-agent 176ms (cache hit)
327 timing idealTree:node_modules/vercel Completed in 317ms
328 silly placeDep ROOT @vercel/nft@1.3.0 OK for: @vercel/backends@0.0.36 want: 1.3.0
329 silly fetch manifest glob@^13.0.0
330 silly fetch manifest acorn@^8.6.0
331 silly fetch manifest bindings@^1.4.0
332 silly fetch manifest picomatch@^4.0.2
333 silly fetch manifest async-sema@^3.1.1
334 silly fetch manifest graceful-fs@^4.2.9
335 silly fetch manifest resolve-from@^5.0.0
336 silly fetch manifest estree-walker@2.0.2
337 silly fetch manifest node-gyp-build@^4.2.2
338 silly fetch manifest @rollup/pluginutils@^5.1.3
339 silly fetch manifest @mapbox/node-pre-gyp@^2.0.0
340 silly fetch manifest acorn-import-attributes@^1.9.5
341 silly placeDep ROOT execa@3.2.0 OK for: @vercel/backends@0.0.36 want: 3.2.0
342 silly fetch manifest onetime@^5.1.0
343 silly fetch manifest is-stream@^2.0.0
344 silly fetch manifest p-finally@^2.0.0
345 silly fetch manifest get-stream@^5.0.0
346 silly fetch manifest cross-spawn@^7.0.0
347 silly fetch manifest signal-exit@^3.0.2
348 silly fetch manifest merge-stream@^2.0.0
349 silly fetch manifest npm-run-path@^4.0.0
350 silly fetch manifest human-signals@^1.1.1
351 silly fetch manifest strip-final-newline@^2.0.0
352 silly placeDep ROOT fs-extra@11.1.0 OK for: @vercel/backends@0.0.36 want: 11.1.0
353 silly fetch manifest jsonfile@^6.0.1
354 silly fetch manifest graceful-fs@^4.2.0
355 silly fetch manifest universalify@^2.0.0
356 silly placeDep ROOT oxc-transform@0.111.0 OK for: @vercel/backends@0.0.36 want: 0.111.0
357 silly fetch manifest @oxc-transform/binding-darwin-x64@0.111.0
358 silly fetch manifest @oxc-transform/binding-freebsd-x64@0.111.0
359 silly fetch manifest @oxc-transform/binding-wasm32-wasi@0.111.0
360 silly fetch manifest @oxc-transform/binding-darwin-arm64@0.111.0
361 silly fetch manifest @oxc-transform/binding-android-arm64@0.111.0
362 silly fetch manifest @oxc-transform/binding-linux-x64-gnu@0.111.0
363 silly fetch manifest @oxc-transform/binding-linux-x64-musl@0.111.0
364 silly fetch manifest @oxc-transform/binding-win32-x64-msvc@0.111.0
365 silly fetch manifest @oxc-transform/binding-linux-arm64-gnu@0.111.0
366 silly fetch manifest @oxc-transform/binding-linux-ppc64-gnu@0.111.0
367 silly fetch manifest @oxc-transform/binding-linux-s390x-gnu@0.111.0
368 silly fetch manifest @oxc-transform/binding-win32-ia32-msvc@0.111.0
369 silly fetch manifest @oxc-transform/binding-android-arm-eabi@0.111.0
370 silly fetch manifest @oxc-transform/binding-linux-arm64-musl@0.111.0
371 silly fetch manifest @oxc-transform/binding-win32-arm64-msvc@0.111.0
372 silly fetch manifest @oxc-transform/binding-linux-riscv64-gnu@0.111.0
373 silly fetch manifest @oxc-transform/binding-openharmony-arm64@0.111.0
374 silly fetch manifest @oxc-transform/binding-linux-riscv64-musl@0.111.0
375 silly fetch manifest @oxc-transform/binding-linux-arm-gnueabihf@0.111.0
376 silly fetch manifest @oxc-transform/binding-linux-arm-musleabihf@0.111.0
377 silly placeDep ROOT path-to-regexp@8.3.0 OK for: @vercel/backends@0.0.36 want: 8.3.0
378 silly placeDep ROOT resolve.exports@2.0.3 OK for: @vercel/backends@0.0.36 want: 2.0.3
379 silly placeDep ROOT rolldown@1.0.0-rc.1 OK for: @vercel/backends@0.0.36 want: 1.0.0-rc.1
380 silly fetch manifest @oxc-project/types@=0.110.0
381 silly fetch manifest @rolldown/pluginutils@1.0.0-rc.1
382 silly fetch manifest @rolldown/binding-darwin-x64@1.0.0-rc.1
383 silly fetch manifest @rolldown/binding-freebsd-x64@1.0.0-rc.1
384 silly fetch manifest @rolldown/binding-wasm32-wasi@1.0.0-rc.1
385 silly fetch manifest @rolldown/binding-darwin-arm64@1.0.0-rc.1
386 silly fetch manifest @rolldown/binding-android-arm64@1.0.0-rc.1
387 silly fetch manifest @rolldown/binding-linux-x64-gnu@1.0.0-rc.1
388 silly fetch manifest @rolldown/binding-linux-x64-musl@1.0.0-rc.1
389 silly fetch manifest @rolldown/binding-win32-x64-msvc@1.0.0-rc.1
390 silly fetch manifest @rolldown/binding-linux-arm64-gnu@1.0.0-rc.1
391 silly fetch manifest @rolldown/binding-linux-arm64-musl@1.0.0-rc.1
392 silly fetch manifest @rolldown/binding-win32-arm64-msvc@1.0.0-rc.1
393 silly fetch manifest @rolldown/binding-openharmony-arm64@1.0.0-rc.1
394 silly fetch manifest @rolldown/binding-linux-arm-gnueabihf@1.0.0-rc.1
395 silly placeDep ROOT srvx@0.8.9 OK for: @vercel/backends@0.0.36 want: 0.8.9
396 silly fetch manifest cookie-es@^2.0.0
397 silly placeDep ROOT tsx@4.21.0 OK for: @vercel/backends@0.0.36 want: 4.21.0
398 silly fetch manifest get-tsconfig@^4.7.5
399 silly fetch manifest fsevents@~2.3.3
400 silly placeDep ROOT zod@3.22.4 OK for: @vercel/backends@0.0.36 want: 3.22.4
401 http fetch GET 200 https://registry.npmjs.org/bindings 74ms (cache hit)
402 http fetch GET 200 https://registry.npmjs.org/async-sema 73ms (cache hit)
403 http fetch GET 200 https://registry.npmjs.org/@rollup%2fpluginutils 72ms (cache hit)
404 http fetch GET 200 https://registry.npmjs.org/acorn-import-attributes 72ms (cache hit)
405 http fetch GET 200 https://registry.npmjs.org/estree-walker 73ms (cache hit)
406 http fetch GET 200 https://registry.npmjs.org/acorn 76ms (cache hit)
407 http fetch GET 200 https://registry.npmjs.org/glob 77ms (cache hit)
408 http fetch GET 200 https://registry.npmjs.org/node-gyp-build 76ms (cache hit)
409 http fetch GET 200 https://registry.npmjs.org/graceful-fs 78ms (cache hit)
410 http fetch GET 200 https://registry.npmjs.org/graceful-fs 69ms (cache hit)
411 http fetch GET 200 https://registry.npmjs.org/cross-spawn 75ms (cache hit)
412 http fetch GET 200 https://registry.npmjs.org/resolve-from 78ms (cache hit)
413 http fetch GET 200 https://registry.npmjs.org/npm-run-path 74ms (cache hit)
414 http fetch GET 200 https://registry.npmjs.org/onetime 77ms (cache hit)
415 http fetch GET 200 https://registry.npmjs.org/picomatch 80ms (cache hit)
416 http fetch GET 200 https://registry.npmjs.org/@oxc-transform%2fbinding-freebsd-x64 69ms (cache hit)
417 http fetch GET 200 https://registry.npmjs.org/signal-exit 76ms (cache hit)
418 http fetch GET 200 https://registry.npmjs.org/merge-stream 76ms (cache hit)
419 http fetch GET 200 https://registry.npmjs.org/jsonfile 72ms (cache hit)
420 http fetch GET 200 https://registry.npmjs.org/@oxc-transform%2fbinding-android-arm64 70ms (cache hit)
421 http fetch GET 200 https://registry.npmjs.org/get-stream 78ms (cache hit)
422 http fetch GET 200 https://registry.npmjs.org/p-finally 78ms (cache hit)
423 http fetch GET 200 https://registry.npmjs.org/strip-final-newline 77ms (cache hit)
424 http fetch GET 200 https://registry.npmjs.org/@oxc-transform%2fbinding-win32-x64-msvc 70ms (cache hit)
425 http fetch GET 200 https://registry.npmjs.org/human-signals 77ms (cache hit)
426 http fetch GET 200 https://registry.npmjs.org/@oxc-transform%2fbinding-openharmony-arm64 68ms (cache hit)
427 http fetch GET 200 https://registry.npmjs.org/@oxc-transform%2fbinding-win32-ia32-msvc 70ms (cache hit)
428 http fetch GET 200 https://registry.npmjs.org/@oxc-transform%2fbinding-android-arm-eabi 70ms (cache hit)
429 http fetch GET 200 https://registry.npmjs.org/@oxc-transform%2fbinding-linux-riscv64-gnu 70ms (cache hit)
430 http fetch GET 200 https://registry.npmjs.org/universalify 75ms (cache hit)
431 http fetch GET 200 https://registry.npmjs.org/is-stream 82ms (cache hit)
432 http fetch GET 200 https://registry.npmjs.org/@oxc-transform%2fbinding-linux-ppc64-gnu 71ms (cache hit)
433 http fetch GET 200 https://registry.npmjs.org/@oxc-transform%2fbinding-linux-s390x-gnu 71ms (cache hit)
434 http fetch GET 200 https://registry.npmjs.org/@oxc-transform%2fbinding-linux-arm64-gnu 73ms (cache hit)
435 http fetch GET 200 https://registry.npmjs.org/@rolldown%2fpluginutils 67ms (cache hit)
436 http fetch GET 200 https://registry.npmjs.org/@oxc-transform%2fbinding-linux-arm-musleabihf 70ms (cache hit)
437 http fetch GET 200 https://registry.npmjs.org/@oxc-transform%2fbinding-linux-arm64-musl 73ms (cache hit)
438 http fetch GET 200 https://registry.npmjs.org/@oxc-transform%2fbinding-linux-x64-gnu 76ms (cache hit)
439 http fetch GET 200 https://registry.npmjs.org/@oxc-project%2ftypes 71ms (cache hit)
440 http fetch GET 200 https://registry.npmjs.org/@rolldown%2fbinding-darwin-arm64 70ms (cache hit)
441 http fetch GET 200 https://registry.npmjs.org/@oxc-transform%2fbinding-darwin-arm64 80ms (cache hit)
442 http fetch GET 200 https://registry.npmjs.org/@rolldown%2fbinding-android-arm64 73ms (cache hit)
443 http fetch GET 200 https://registry.npmjs.org/@rolldown%2fbinding-win32-x64-msvc 73ms (cache hit)
444 http fetch GET 200 https://registry.npmjs.org/@rolldown%2fbinding-wasm32-wasi 76ms (cache hit)
445 http fetch GET 200 https://registry.npmjs.org/@oxc-transform%2fbinding-wasm32-wasi 88ms (cache hit)
446 http fetch GET 200 https://registry.npmjs.org/@rolldown%2fbinding-linux-arm64-gnu 79ms (cache hit)
447 http fetch GET 200 https://registry.npmjs.org/@rolldown%2fbinding-linux-x64-musl 81ms (cache hit)
448 http fetch GET 200 https://registry.npmjs.org/@rolldown%2fbinding-openharmony-arm64 81ms (cache hit)
449 http fetch GET 200 https://registry.npmjs.org/@mapbox%2fnode-pre-gyp 103ms (cache hit)
450 http fetch GET 200 https://registry.npmjs.org/@rolldown%2fbinding-linux-arm-gnueabihf 82ms (cache hit)
451 http fetch GET 200 https://registry.npmjs.org/@oxc-transform%2fbinding-darwin-x64 98ms (cache hit)
452 http fetch GET 200 https://registry.npmjs.org/@rolldown%2fbinding-linux-x64-gnu 90ms (cache hit)
453 http fetch GET 200 https://registry.npmjs.org/@oxc-transform%2fbinding-win32-arm64-msvc 102ms (cache hit)
454 http fetch GET 200 https://registry.npmjs.org/@rolldown%2fbinding-linux-arm64-musl 96ms (cache hit)
455 http fetch GET 200 https://registry.npmjs.org/@rolldown%2fbinding-freebsd-x64 102ms (cache hit)
456 http fetch GET 200 https://registry.npmjs.org/get-tsconfig 98ms (cache hit)
457 http fetch GET 200 https://registry.npmjs.org/cookie-es 99ms (cache hit)
458 http fetch GET 200 https://registry.npmjs.org/@rolldown%2fbinding-win32-arm64-msvc 101ms (cache hit)
459 http fetch GET 200 https://registry.npmjs.org/fsevents 102ms (cache hit)
460 http fetch GET 200 https://registry.npmjs.org/@oxc-transform%2fbinding-linux-riscv64-musl 114ms (cache hit)
461 http fetch GET 200 https://registry.npmjs.org/@oxc-transform%2fbinding-linux-x64-musl 117ms (cache hit)
462 http fetch GET 200 https://registry.npmjs.org/@rolldown%2fbinding-darwin-x64 112ms (cache hit)
463 http fetch GET 200 https://registry.npmjs.org/@oxc-transform%2fbinding-linux-arm-gnueabihf 117ms (cache hit)
464 timing idealTree:node_modules/@vercel/backends Completed in 139ms
465 silly placeDep ROOT async-retry@1.3.3 OK for: @vercel/blob@2.3.0 want: ^1.3.3
466 silly fetch manifest retry@0.13.1
467 silly placeDep ROOT is-buffer@2.0.5 OK for: @vercel/blob@2.3.0 want: ^2.0.5
468 silly placeDep ROOT is-node-process@1.2.0 OK for: @vercel/blob@2.3.0 want: ^1.2.0
469 silly placeDep ROOT throttleit@2.1.0 OK for: @vercel/blob@2.3.0 want: ^2.1.0
470 silly placeDep ROOT undici@6.23.0 OK for: @vercel/blob@2.3.0 want: ^6.23.0
471 http fetch GET 200 https://registry.npmjs.org/retry 8ms (cache hit)
472 timing idealTree:node_modules/@vercel/blob Completed in 10ms
473 silly placeDep ROOT @vercel/python-analysis@0.6.0 OK for: @vercel/build-utils@13.4.3 want: 0.6.0
474 silly fetch manifest js-yaml@4.1.1
475 silly fetch manifest fs-extra@11.1.1
476 silly fetch manifest minimatch@10.1.1
477 silly fetch manifest smol-toml@1.5.2
478 silly fetch manifest @renovatebot/pep440@4.2.1
479 silly fetch manifest pip-requirements-js@1.0.2
480 silly fetch manifest @bytecodealliance/preview2-shim@0.17.6
481 http fetch GET 200 https://registry.npmjs.org/js-yaml 7ms (cache hit)
482 http fetch GET 200 https://registry.npmjs.org/pip-requirements-js 6ms (cache hit)
483 http fetch GET 200 https://registry.npmjs.org/minimatch 8ms (cache hit)
484 http fetch GET 200 https://registry.npmjs.org/@bytecodealliance%2fpreview2-shim 7ms (cache hit)
485 http fetch GET 200 https://registry.npmjs.org/smol-toml 8ms (cache hit)
486 http fetch GET 200 https://registry.npmjs.org/@renovatebot%2fpep440 9ms (cache hit)
487 timing idealTree:node_modules/@vercel/build-utils Completed in 11ms
488 timing idealTree:node_modules/@vercel/detect-agent Completed in 0ms
489 silly placeDep ROOT @vercel/static-config@3.1.2 OK for: @vercel/elysia@0.1.39 want: 3.1.2
490 silly fetch manifest ajv@8.6.3
491 silly fetch manifest json-schema-to-ts@1.6.4
492 http fetch GET 200 https://registry.npmjs.org/ajv 3ms (cache hit)
493 http fetch GET 200 https://registry.npmjs.org/json-schema-to-ts 6ms (cache hit)
494 timing idealTree:node_modules/@vercel/elysia Completed in 8ms
495 silly placeDep ROOT @vercel/cervel@0.0.23 OK for: @vercel/express@0.1.48 want: 0.0.23
496 silly placeDep node_modules/@vercel/express @vercel/nft@1.1.1 OK for: @vercel/express@0.1.48 want: 1.1.1
497 silly placeDep ROOT ts-morph@12.0.0 OK for: @vercel/express@0.1.48 want: 12.0.0
498 silly fetch manifest @ts-morph/common@~0.11.0
499 silly fetch manifest code-block-writer@^10.1.1
500 http fetch GET 200 https://registry.npmjs.org/@ts-morph%2fcommon 5ms (cache hit)
501 http fetch GET 200 https://registry.npmjs.org/code-block-writer 6ms (cache hit)
502 timing idealTree:node_modules/@vercel/express Completed in 12ms
503 timing idealTree:node_modules/@vercel/cervel Completed in 0ms
504 timing idealTree:node_modules/@vercel/fastify Completed in 0ms
505 silly fetch manifest encoding@^0.1.0
506 http fetch GET 200 https://registry.npmjs.org/encoding 2ms (cache hit)
507 silly placeDep ROOT @tootallnate/once@2.0.0 OK for: @vercel/fun@1.3.0 want: 2.0.0
508 silly placeDep ROOT async-listen@1.2.0 OK for: @vercel/fun@1.3.0 want: 1.2.0
509 silly placeDep ROOT debug@4.3.4 OK for: @vercel/fun@1.3.0 want: 4.3.4
510 silly fetch manifest ms@2.1.2
511 silly placeDep ROOT generic-pool@3.4.2 OK for: @vercel/fun@1.3.0 want: 3.4.2
512 silly placeDep ROOT micro@9.3.5-canary.3 OK for: @vercel/fun@1.3.0 want: 9.3.5-canary.3
513 silly fetch manifest arg@4.1.0
514 silly fetch manifest raw-body@2.4.1
515 silly fetch manifest content-type@1.0.4
516 silly placeDep ROOT ms@2.1.1 OK for: @vercel/fun@1.3.0 want: 2.1.1
517 silly placeDep ROOT node-fetch@2.6.7 OK for: @vercel/fun@1.3.0 want: 2.6.7
518 silly fetch manifest whatwg-url@^5.0.0
519 silly placeDep node_modules/@vercel/fun path-to-regexp@8.2.0 OK for: @vercel/fun@1.3.0 want: 8.2.0
520 silly placeDep ROOT promisepipe@3.0.0 OK for: @vercel/fun@1.3.0 want: 3.0.0
521 silly placeDep ROOT semver@7.5.4 OK for: @vercel/fun@1.3.0 want: 7.5.4
522 silly fetch manifest lru-cache@^6.0.0
523 silly placeDep ROOT stat-mode@0.3.0 OK for: @vercel/fun@1.3.0 want: 0.3.0
524 silly placeDep ROOT stream-to-promise@2.2.0 OK for: @vercel/fun@1.3.0 want: 2.2.0
525 silly fetch manifest any-promise@~1.3.0
526 silly fetch manifest end-of-stream@~1.1.0
527 silly fetch manifest stream-to-array@~2.3.0
528 silly placeDep ROOT tar@7.5.7 OK for: @vercel/fun@1.3.0 want: 7.5.7
529 silly fetch manifest chownr@^3.0.0
530 silly fetch manifest yallist@^5.0.0
531 silly fetch manifest minipass@^7.1.2
532 silly fetch manifest minizlib@^3.1.0
533 silly fetch manifest @isaacs/fs-minipass@^4.0.0
534 silly placeDep ROOT tinyexec@0.3.2 OK for: @vercel/fun@1.3.0 want: 0.3.2
535 silly placeDep ROOT tree-kill@1.2.2 OK for: @vercel/fun@1.3.0 want: 1.2.2
536 silly placeDep ROOT uid-promise@1.0.0 OK for: @vercel/fun@1.3.0 want: 1.0.0
537 silly placeDep ROOT xdg-app-paths@5.1.0 OK for: @vercel/fun@1.3.0 want: 5.1.0
538 silly fetch manifest xdg-portable@^7.0.0
539 silly placeDep ROOT yauzl-promise@2.1.3 OK for: @vercel/fun@1.3.0 want: 2.1.3
540 silly fetch manifest yauzl@^2.9.1
541 silly fetch manifest yauzl-clone@^1.0.4
542 http fetch GET 200 https://registry.npmjs.org/arg 23ms (cache hit)
543 http fetch GET 200 https://registry.npmjs.org/content-type 23ms (cache hit)
544 http fetch GET 200 https://registry.npmjs.org/any-promise 19ms (cache hit)
545 http fetch GET 200 https://registry.npmjs.org/whatwg-url 22ms (cache hit)
546 http fetch GET 200 https://registry.npmjs.org/raw-body 25ms (cache hit)
547 http fetch GET 200 https://registry.npmjs.org/stream-to-array 21ms (cache hit)
548 http fetch GET 200 https://registry.npmjs.org/xdg-portable 17ms (cache hit)
549 http fetch GET 200 https://registry.npmjs.org/yauzl-clone 17ms (cache hit)
550 http fetch GET 200 https://registry.npmjs.org/minipass 22ms (cache hit)
551 http fetch GET 200 https://registry.npmjs.org/@isaacs%2ffs-minipass 21ms (cache hit)
552 http fetch GET 200 https://registry.npmjs.org/chownr 23ms (cache hit)
553 http fetch GET 200 https://registry.npmjs.org/yallist 23ms (cache hit)
554 http fetch GET 200 https://registry.npmjs.org/yauzl 20ms (cache hit)
555 http fetch GET 200 https://registry.npmjs.org/minizlib 22ms (cache hit)
556 http fetch GET 200 https://registry.npmjs.org/end-of-stream 25ms (cache hit)
557 timing idealTree:node_modules/@vercel/fun Completed in 37ms
558 timing idealTree:node_modules/@tootallnate/once Completed in 0ms
559 timing idealTree:node_modules/@vercel/go Completed in 0ms
560 timing idealTree:node_modules/@vercel/h3 Completed in 0ms
561 silly placeDep node_modules/@vercel/hono @vercel/nft@1.1.1 OK for: @vercel/hono@0.2.42 want: 1.1.1
562 timing idealTree:node_modules/@vercel/hono Completed in 2ms
563 timing idealTree:node_modules/@vercel/hydrogen Completed in 0ms
564 timing idealTree:node_modules/@vercel/koa Completed in 0ms
565 timing idealTree:node_modules/@vercel/nestjs Completed in 0ms
566 silly placeDep node_modules/@vercel/next @vercel/nft@1.1.1 OK for: @vercel/next@4.15.31 want: 1.1.1
567 timing idealTree:node_modules/@vercel/next Completed in 1ms
568 silly fetch manifest rollup@^1.20.0||^2.0.0||^3.0.0||^4.0.0
569 http fetch GET 200 https://registry.npmjs.org/rollup 9ms (cache hit)
570 silly placeDep ROOT @mapbox/node-pre-gyp@2.0.3 OK for: @vercel/nft@1.3.0 want: ^2.0.0
571 silly fetch manifest nopt@^8.0.0
572 silly fetch manifest consola@^3.2.3
573 silly fetch manifest detect-libc@^2.0.0
574 silly fetch manifest https-proxy-agent@^7.0.5
575 silly placeDep ROOT @rollup/pluginutils@5.3.0 OK for: @vercel/nft@1.3.0 want: ^5.1.3
576 silly fetch manifest @types/estree@^1.0.0
577 silly fetch manifest estree-walker@^2.0.2
578 silly placeDep ROOT acorn@8.16.0 OK for: @vercel/nft@1.3.0 want: ^8.6.0
579 silly placeDep ROOT acorn-import-attributes@1.9.5 OK for: @vercel/nft@1.3.0 want: ^1.9.5
580 silly placeDep ROOT async-sema@3.1.1 OK for: @vercel/nft@1.3.0 want: ^3.1.1
581 silly placeDep ROOT bindings@1.5.0 OK for: @vercel/nft@1.3.0 want: ^1.4.0
582 silly fetch manifest file-uri-to-path@1.0.0
583 silly placeDep ROOT estree-walker@2.0.2 OK for: @vercel/nft@1.3.0 want: 2.0.2
584 silly placeDep ROOT glob@13.0.6 OK for: @vercel/nft@1.3.0 want: ^13.0.0
585 silly fetch manifest minimatch@^10.2.2
586 silly fetch manifest minipass@^7.1.3
587 silly fetch manifest path-scurry@^2.0.2
588 silly placeDep ROOT graceful-fs@4.2.11 OK for: @vercel/nft@1.3.0 want: ^4.2.9
589 silly placeDep ROOT node-gyp-build@4.8.4 OK for: @vercel/nft@1.3.0 want: ^4.2.2
590 silly placeDep ROOT picomatch@4.0.3 OK for: @vercel/nft@1.3.0 want: ^4.0.2
591 silly placeDep ROOT resolve-from@5.0.0 OK for: @vercel/nft@1.3.0 want: ^5.0.0
592 http fetch GET 200 https://registry.npmjs.org/nopt 16ms (cache hit)
593 http fetch GET 200 https://registry.npmjs.org/file-uri-to-path 13ms (cache hit)
594 http fetch GET 200 https://registry.npmjs.org/consola 17ms (cache hit)
595 http fetch GET 200 https://registry.npmjs.org/detect-libc 17ms (cache hit)
596 http fetch GET 200 https://registry.npmjs.org/path-scurry 12ms (cache hit)
597 http fetch GET 200 https://registry.npmjs.org/@types%2festree 17ms (cache hit)
598 timing idealTree:node_modules/@vercel/nft Completed in 48ms
599 silly placeDep ROOT consola@3.4.2 OK for: @mapbox/node-pre-gyp@2.0.3 want: ^3.2.3
600 silly placeDep ROOT detect-libc@2.1.2 OK for: @mapbox/node-pre-gyp@2.0.3 want: ^2.0.0
601 silly placeDep ROOT https-proxy-agent@7.0.6 OK for: @mapbox/node-pre-gyp@2.0.3 want: ^7.0.5
602 silly fetch manifest agent-base@^7.1.2
603 silly placeDep ROOT nopt@8.1.0 OK for: @mapbox/node-pre-gyp@2.0.3 want: ^8.0.0
604 silly fetch manifest abbrev@^3.0.0
605 http fetch GET 200 https://registry.npmjs.org/abbrev 2ms (cache hit)
606 timing idealTree:node_modules/@mapbox/node-pre-gyp Completed in 5ms
607 silly placeDep ROOT @types/estree@1.0.8 OK for: @rollup/pluginutils@5.3.0 want: ^1.0.0
608 timing idealTree:node_modules/@rollup/pluginutils Completed in 1ms
609 timing idealTree:node_modules/@types/estree Completed in 0ms
610 silly placeDep ROOT @edge-runtime/node-utils@2.3.0 OK for: @vercel/node@5.6.6 want: 2.3.0
611 silly placeDep ROOT @edge-runtime/primitives@4.1.0 OK for: @vercel/node@5.6.6 want: 4.1.0
612 silly placeDep ROOT @edge-runtime/vm@3.2.0 OK for: @vercel/node@5.6.6 want: 3.2.0
613 silly placeDep ROOT @types/node@20.11.0 OK for: @vercel/node@5.6.6 want: 20.11.0
614 silly fetch manifest undici-types@~5.26.4
615 silly placeDep ROOT @vercel/error-utils@2.0.3 OK for: @vercel/node@5.6.6 want: 2.0.3
616 silly placeDep node_modules/@vercel/node @vercel/nft@1.1.1 OK for: @vercel/node@5.6.6 want: 1.1.1
617 silly placeDep node_modules/@vercel/node async-listen@3.0.0 OK for: @vercel/node@5.6.6 want: 3.0.0
618 silly placeDep ROOT cjs-module-lexer@1.2.3 OK for: @vercel/node@5.6.6 want: 1.2.3
619 silly placeDep ROOT edge-runtime@2.5.9 OK for: @vercel/node@5.6.6 want: 2.5.9
620 silly fetch manifest mri@1.2.0
621 silly fetch manifest pretty-ms@7.0.1
622 silly fetch manifest time-span@4.0.0
623 silly fetch manifest picocolors@1.0.0
624 silly fetch manifest signal-exit@4.0.2
625 silly fetch manifest async-listen@3.0.1
626 silly fetch manifest @edge-runtime/format@2.2.1
627 silly fetch manifest @edge-runtime/ponyfill@2.4.2
628 silly placeDep ROOT es-module-lexer@1.4.1 OK for: @vercel/node@5.6.6 want: 1.4.1
629 silly placeDep ROOT etag@1.8.1 OK for: @vercel/node@5.6.6 want: 1.8.1
630 silly placeDep ROOT mime-types@2.1.35 OK for: @vercel/node@5.6.6 want: 2.1.35
631 silly fetch manifest mime-db@1.52.0
632 silly placeDep node_modules/@vercel/node node-fetch@2.6.9 OK for: @vercel/node@5.6.6 want: 2.6.9
633 silly placeDep node_modules/@vercel/node path-to-regexp@6.1.0 OK for: @vercel/node@5.6.6 want: 6.1.0
634 silly placeDep ROOT path-to-regexp-updated@6.3.0 OK for: @vercel/node@5.6.6 want: npm:path-to-regexp@6.3.0
635 silly placeDep node_modules/@vercel/node undici@5.28.4 OK for: @vercel/node@5.6.6 want: 5.28.4
636 silly fetch manifest @fastify/busboy@^2.0.0
637 http fetch GET 200 https://registry.npmjs.org/undici-types 17ms (cache hit)
638 http fetch GET 200 https://registry.npmjs.org/@edge-runtime%2fformat 14ms (cache hit)
639 http fetch GET 200 https://registry.npmjs.org/picocolors 15ms (cache hit)
640 http fetch GET 200 https://registry.npmjs.org/time-span 15ms (cache hit)
641 http fetch GET 200 https://registry.npmjs.org/pretty-ms 16ms (cache hit)
642 http fetch GET 200 https://registry.npmjs.org/mri 17ms (cache hit)
643 http fetch GET 200 https://registry.npmjs.org/@fastify%2fbusboy 12ms (cache hit)
644 http fetch GET 200 https://registry.npmjs.org/mime-db 15ms (cache hit)
645 http fetch GET 200 https://registry.npmjs.org/@edge-runtime%2fponyfill 16ms (cache hit)
646 timing idealTree:node_modules/@vercel/node Completed in 25ms
647 timing idealTree:node_modules/@edge-runtime/node-utils Completed in 0ms
648 timing idealTree:node_modules/@edge-runtime/primitives Completed in 0ms
649 timing idealTree:node_modules/@edge-runtime/vm Completed in 0ms
650 silly placeDep ROOT undici-types@5.26.5 OK for: @types/node@20.11.0 want: ~5.26.4
651 timing idealTree:node_modules/@types/node Completed in 1ms
652 timing idealTree:node_modules/@vercel/error-utils Completed in 0ms
653 timing idealTree:node_modules/@vercel/python Completed in 0ms
654 silly placeDep ROOT @bytecodealliance/preview2-shim@0.17.6 OK for: @vercel/python-analysis@0.6.0 want: 0.17.6
655 silly placeDep ROOT @renovatebot/pep440@4.2.1 OK for: @vercel/python-analysis@0.6.0 want: 4.2.1
656 silly placeDep node_modules/@vercel/python-analysis fs-extra@11.1.1 OK for: @vercel/python-analysis@0.6.0 want: 11.1.1
657 silly placeDep ROOT js-yaml@4.1.1 OK for: @vercel/python-analysis@0.6.0 want: 4.1.1
658 silly fetch manifest argparse@^2.0.1
659 silly placeDep ROOT minimatch@10.1.1 OK for: @vercel/python-analysis@0.6.0 want: 10.1.1
660 silly fetch manifest @isaacs/brace-expansion@^5.0.0
661 silly placeDep ROOT pip-requirements-js@1.0.2 OK for: @vercel/python-analysis@0.6.0 want: 1.0.2
662 silly fetch manifest ohm-js@^17.1.0
663 silly placeDep ROOT smol-toml@1.5.2 OK for: @vercel/python-analysis@0.6.0 want: 1.5.2
664 http fetch GET 200 https://registry.npmjs.org/argparse 5ms (cache hit)
665 http fetch GET 200 https://registry.npmjs.org/ohm-js 4ms (cache hit)
666 http fetch GET 200 https://registry.npmjs.org/@isaacs%2fbrace-expansion 5ms (cache hit)
667 timing idealTree:node_modules/@vercel/python-analysis Completed in 9ms
668 timing idealTree:node_modules/@bytecodealliance/preview2-shim Completed in 0ms
669 timing idealTree:node_modules/@renovatebot/pep440 Completed in 0ms
670 silly placeDep node_modules/@vercel/redwood @vercel/nft@1.1.1 OK for: @vercel/redwood@2.4.9 want: 1.1.1
671 silly placeDep node_modules/@vercel/redwood semver@6.3.1 OK for: @vercel/redwood@2.4.9 want: 6.3.1
672 timing idealTree:node_modules/@vercel/redwood Completed in 2ms
673 silly placeDep node_modules/@vercel/remix-builder @vercel/nft@1.1.1 OK for: @vercel/remix-builder@5.5.10 want: 1.1.1
674 silly placeDep node_modules/@vercel/remix-builder path-to-regexp@6.1.0 OK for: @vercel/remix-builder@5.5.10 want: 6.1.0
675 timing idealTree:node_modules/@vercel/remix-builder Completed in 1ms
676 timing idealTree:node_modules/@vercel/ruby Completed in 0ms
677 silly placeDep ROOT @iarna/toml@2.2.5 OK for: @vercel/rust@1.0.5 want: ^2.2.5
678 silly placeDep node_modules/@vercel/rust execa@5.1.1 OK for: @vercel/rust@1.0.5 want: 5
679 silly fetch manifest onetime@^5.1.2
680 silly fetch manifest get-stream@^6.0.0
681 silly fetch manifest cross-spawn@^7.0.3
682 silly fetch manifest signal-exit@^3.0.3
683 silly fetch manifest npm-run-path@^4.0.1
684 silly fetch manifest human-signals@^2.1.0
685 timing idealTree:node_modules/@vercel/rust Completed in 2ms
686 timing idealTree:node_modules/@iarna/toml Completed in 0ms
687 silly placeDep ROOT @vercel/gatsby-plugin-vercel-analytics@1.0.11 OK for: @vercel/static-build@2.8.40 want: 1.0.11
688 silly fetch manifest web-vitals@0.2.4
689 silly placeDep ROOT @vercel/gatsby-plugin-vercel-builder@2.0.138 OK for: @vercel/static-build@2.8.40 want: 2.0.138
690 silly fetch manifest @sinclair/typebox@0.25.24
691 http fetch GET 200 https://registry.npmjs.org/@sinclair%2ftypebox 5ms (cache hit)
692 http fetch GET 200 https://registry.npmjs.org/web-vitals 8ms (cache hit)
693 timing idealTree:node_modules/@vercel/static-build Completed in 10ms
694 silly placeDep ROOT web-vitals@0.2.4 OK for: @vercel/gatsby-plugin-vercel-analytics@1.0.11 want: 0.2.4
695 timing idealTree:node_modules/@vercel/gatsby-plugin-vercel-analytics Completed in 1ms
696 silly placeDep ROOT @sinclair/typebox@0.25.24 OK for: @vercel/gatsby-plugin-vercel-builder@2.0.138 want: 0.25.24
697 timing idealTree:node_modules/@vercel/gatsby-plugin-vercel-builder Completed in 0ms
698 timing idealTree:node_modules/@sinclair/typebox Completed in 0ms
699 silly placeDep ROOT ajv@8.6.3 OK for: @vercel/static-config@3.1.2 want: 8.6.3
700 silly fetch manifest uri-js@^4.2.2
701 silly fetch manifest fast-deep-equal@^3.1.1
702 silly fetch manifest require-from-string@^2.0.2
703 silly fetch manifest json-schema-traverse@^1.0.0
704 silly placeDep ROOT json-schema-to-ts@1.6.4 OK for: @vercel/static-config@3.1.2 want: 1.6.4
705 silly fetch manifest ts-toolbelt@^6.15.5
706 silly fetch manifest @types/json-schema@^7.0.6
707 http fetch GET 200 https://registry.npmjs.org/uri-js 6ms (cache hit)
708 http fetch GET 200 https://registry.npmjs.org/fast-deep-equal 7ms (cache hit)
709 http fetch GET 200 https://registry.npmjs.org/@types%2fjson-schema 5ms (cache hit)
710 http fetch GET 200 https://registry.npmjs.org/json-schema-traverse 7ms (cache hit)
711 http fetch GET 200 https://registry.npmjs.org/require-from-string 8ms (cache hit)
712 http fetch GET 200 https://registry.npmjs.org/ts-toolbelt 9ms (cache hit)
713 timing idealTree:node_modules/@vercel/static-config Completed in 20ms
714 timing idealTree:node_modules/acorn Completed in 0ms
715 timing idealTree:node_modules/acorn-import-attributes Completed in 0ms
716 silly placeDep ROOT fast-deep-equal@3.1.3 OK for: ajv@8.6.3 want: ^3.1.1
717 silly placeDep ROOT json-schema-traverse@1.0.0 OK for: ajv@8.6.3 want: ^1.0.0
718 silly placeDep ROOT require-from-string@2.0.2 OK for: ajv@8.6.3 want: ^2.0.2
719 silly placeDep ROOT uri-js@4.4.1 OK for: ajv@8.6.3 want: ^4.2.2
720 silly fetch manifest punycode@^2.1.0
721 http fetch GET 200 https://registry.npmjs.org/punycode 5ms (cache hit)
722 timing idealTree:node_modules/ajv Completed in 7ms
723 timing idealTree:node_modules/async-listen Completed in 0ms
724 silly placeDep ROOT retry@0.13.1 OK for: async-retry@1.3.3 want: 0.13.1
725 timing idealTree:node_modules/async-retry Completed in 1ms
726 timing idealTree:node_modules/async-sema Completed in 0ms
727 silly placeDep ROOT file-uri-to-path@1.0.0 OK for: bindings@1.5.0 want: 1.0.0
728 timing idealTree:node_modules/bindings Completed in 1ms
729 silly placeDep ROOT readdirp@4.1.2 OK for: chokidar@4.0.0 want: ^4.0.1
730 timing idealTree:node_modules/chokidar Completed in 0ms
731 timing idealTree:node_modules/cjs-module-lexer Completed in 0ms
732 timing idealTree:node_modules/consola Completed in 0ms
733 silly placeDep node_modules/debug ms@2.1.2 OK for: debug@4.3.4 want: 2.1.2
734 timing idealTree:node_modules/debug Completed in 1ms
735 timing idealTree:node_modules/detect-libc Completed in 0ms
736 silly placeDep ROOT @edge-runtime/format@2.2.1 OK for: edge-runtime@2.5.9 want: 2.2.1
737 silly placeDep ROOT @edge-runtime/ponyfill@2.4.2 OK for: edge-runtime@2.5.9 want: 2.4.2
738 silly placeDep node_modules/edge-runtime async-listen@3.0.1 OK for: edge-runtime@2.5.9 want: 3.0.1
739 silly placeDep ROOT mri@1.2.0 OK for: edge-runtime@2.5.9 want: 1.2.0
740 silly placeDep ROOT picocolors@1.0.0 OK for: edge-runtime@2.5.9 want: 1.0.0
741 silly placeDep ROOT pretty-ms@7.0.1 OK for: edge-runtime@2.5.9 want: 7.0.1
742 silly fetch manifest parse-ms@^2.1.0
743 silly placeDep ROOT signal-exit@4.0.2 OK for: edge-runtime@2.5.9 want: 4.0.2
744 silly placeDep ROOT time-span@4.0.0 OK for: edge-runtime@2.5.9 want: 4.0.0
745 silly fetch manifest convert-hrtime@^3.0.0
746 http fetch GET 200 https://registry.npmjs.org/parse-ms 3ms (cache hit)
747 http fetch GET 200 https://registry.npmjs.org/convert-hrtime 3ms (cache hit)
748 timing idealTree:node_modules/edge-runtime Completed in 7ms
749 timing idealTree:node_modules/@edge-runtime/format Completed in 0ms
750 timing idealTree:node_modules/@edge-runtime/ponyfill Completed in 0ms
751 timing idealTree:node_modules/es-module-lexer Completed in 0ms
752 silly placeDep ROOT @esbuild/aix-ppc64@0.27.0 OK for: esbuild@0.27.0 want: 0.27.0
753 silly placeDep ROOT @esbuild/android-arm@0.27.0 OK for: esbuild@0.27.0 want: 0.27.0
754 silly placeDep ROOT @esbuild/android-arm64@0.27.0 OK for: esbuild@0.27.0 want: 0.27.0
755 silly placeDep ROOT @esbuild/android-x64@0.27.0 OK for: esbuild@0.27.0 want: 0.27.0
756 silly placeDep ROOT @esbuild/darwin-arm64@0.27.0 OK for: esbuild@0.27.0 want: 0.27.0
757 silly placeDep ROOT @esbuild/darwin-x64@0.27.0 OK for: esbuild@0.27.0 want: 0.27.0
758 silly placeDep ROOT @esbuild/freebsd-arm64@0.27.0 OK for: esbuild@0.27.0 want: 0.27.0
759 silly placeDep ROOT @esbuild/freebsd-x64@0.27.0 OK for: esbuild@0.27.0 want: 0.27.0
760 silly placeDep ROOT @esbuild/linux-arm@0.27.0 OK for: esbuild@0.27.0 want: 0.27.0
761 silly placeDep ROOT @esbuild/linux-arm64@0.27.0 OK for: esbuild@0.27.0 want: 0.27.0
762 silly placeDep ROOT @esbuild/linux-ia32@0.27.0 OK for: esbuild@0.27.0 want: 0.27.0
763 silly placeDep ROOT @esbuild/linux-loong64@0.27.0 OK for: esbuild@0.27.0 want: 0.27.0
764 silly placeDep ROOT @esbuild/linux-mips64el@0.27.0 OK for: esbuild@0.27.0 want: 0.27.0
765 silly placeDep ROOT @esbuild/linux-ppc64@0.27.0 OK for: esbuild@0.27.0 want: 0.27.0
766 silly placeDep ROOT @esbuild/linux-riscv64@0.27.0 OK for: esbuild@0.27.0 want: 0.27.0
767 silly placeDep ROOT @esbuild/linux-s390x@0.27.0 OK for: esbuild@0.27.0 want: 0.27.0
768 silly placeDep ROOT @esbuild/linux-x64@0.27.0 OK for: esbuild@0.27.0 want: 0.27.0
769 silly placeDep ROOT @esbuild/netbsd-arm64@0.27.0 OK for: esbuild@0.27.0 want: 0.27.0
770 silly placeDep ROOT @esbuild/netbsd-x64@0.27.0 OK for: esbuild@0.27.0 want: 0.27.0
771 silly placeDep ROOT @esbuild/openbsd-arm64@0.27.0 OK for: esbuild@0.27.0 want: 0.27.0
772 silly placeDep ROOT @esbuild/openbsd-x64@0.27.0 OK for: esbuild@0.27.0 want: 0.27.0
773 silly placeDep ROOT @esbuild/openharmony-arm64@0.27.0 OK for: esbuild@0.27.0 want: 0.27.0
774 silly placeDep ROOT @esbuild/sunos-x64@0.27.0 OK for: esbuild@0.27.0 want: 0.27.0
775 silly placeDep ROOT @esbuild/win32-arm64@0.27.0 OK for: esbuild@0.27.0 want: 0.27.0
776 silly placeDep ROOT @esbuild/win32-ia32@0.27.0 OK for: esbuild@0.27.0 want: 0.27.0
777 silly placeDep ROOT @esbuild/win32-x64@0.27.0 OK for: esbuild@0.27.0 want: 0.27.0
778 timing idealTree:node_modules/esbuild Completed in 10ms
779 timing idealTree:node_modules/@esbuild/aix-ppc64 Completed in 0ms
780 timing idealTree:node_modules/@esbuild/android-arm Completed in 0ms
781 timing idealTree:node_modules/@esbuild/android-arm64 Completed in 0ms
782 timing idealTree:node_modules/@esbuild/android-x64 Completed in 0ms
783 timing idealTree:node_modules/@esbuild/darwin-arm64 Completed in 0ms
784 timing idealTree:node_modules/@esbuild/darwin-x64 Completed in 0ms
785 timing idealTree:node_modules/@esbuild/freebsd-arm64 Completed in 0ms
786 timing idealTree:node_modules/@esbuild/freebsd-x64 Completed in 0ms
787 timing idealTree:node_modules/@esbuild/linux-arm Completed in 0ms
788 timing idealTree:node_modules/@esbuild/linux-arm64 Completed in 0ms
789 timing idealTree:node_modules/@esbuild/linux-ia32 Completed in 0ms
790 timing idealTree:node_modules/@esbuild/linux-loong64 Completed in 0ms
791 timing idealTree:node_modules/@esbuild/linux-mips64el Completed in 0ms
792 timing idealTree:node_modules/@esbuild/linux-ppc64 Completed in 0ms
793 timing idealTree:node_modules/@esbuild/linux-riscv64 Completed in 0ms
794 timing idealTree:node_modules/@esbuild/linux-s390x Completed in 0ms
795 timing idealTree:node_modules/@esbuild/linux-x64 Completed in 0ms
796 timing idealTree:node_modules/@esbuild/netbsd-arm64 Completed in 0ms
797 timing idealTree:node_modules/@esbuild/netbsd-x64 Completed in 0ms
798 timing idealTree:node_modules/@esbuild/openbsd-arm64 Completed in 0ms
799 timing idealTree:node_modules/@esbuild/openbsd-x64 Completed in 0ms
800 timing idealTree:node_modules/@esbuild/openharmony-arm64 Completed in 0ms
801 timing idealTree:node_modules/@esbuild/sunos-x64 Completed in 0ms
802 timing idealTree:node_modules/@esbuild/win32-arm64 Completed in 0ms
803 timing idealTree:node_modules/@esbuild/win32-ia32 Completed in 0ms
804 timing idealTree:node_modules/@esbuild/win32-x64 Completed in 0ms
805 timing idealTree:node_modules/estree-walker Completed in 0ms
806 timing idealTree:node_modules/etag Completed in 0ms
807 silly placeDep ROOT cross-spawn@7.0.6 OK for: execa@3.2.0 want: ^7.0.0
808 silly fetch manifest which@^2.0.1
809 silly fetch manifest path-key@^3.1.0
810 silly fetch manifest shebang-command@^2.0.0
811 silly placeDep ROOT get-stream@5.2.0 OK for: execa@3.2.0 want: ^5.0.0
812 silly fetch manifest pump@^3.0.0
813 silly placeDep ROOT human-signals@1.1.1 OK for: execa@3.2.0 want: ^1.1.1
814 silly placeDep ROOT is-stream@2.0.1 OK for: execa@3.2.0 want: ^2.0.0
815 silly placeDep ROOT merge-stream@2.0.0 OK for: execa@3.2.0 want: ^2.0.0
816 silly placeDep ROOT npm-run-path@4.0.1 OK for: execa@3.2.0 want: ^4.0.0
817 silly fetch manifest path-key@^3.0.0
818 silly placeDep ROOT onetime@5.1.2 OK for: execa@3.2.0 want: ^5.1.0
819 silly fetch manifest mimic-fn@^2.1.0
820 silly placeDep ROOT p-finally@2.0.1 OK for: execa@3.2.0 want: ^2.0.0
821 silly placeDep node_modules/execa signal-exit@3.0.7 OK for: execa@3.2.0 want: ^3.0.2
822 silly placeDep ROOT strip-final-newline@2.0.0 OK for: execa@3.2.0 want: ^2.0.0
823 http fetch GET 200 https://registry.npmjs.org/which 11ms (cache hit)
824 http fetch GET 200 https://registry.npmjs.org/shebang-command 12ms (cache hit)
825 http fetch GET 200 https://registry.npmjs.org/path-key 7ms (cache hit)
826 http fetch GET 200 https://registry.npmjs.org/mimic-fn 7ms (cache hit)
827 http fetch GET 200 https://registry.npmjs.org/path-key 13ms (cache hit)
828 http fetch GET 200 https://registry.npmjs.org/pump 12ms (cache hit)
829 timing idealTree:node_modules/execa Completed in 16ms
830 silly placeDep ROOT path-key@3.1.1 OK for: cross-spawn@7.0.6 want: ^3.1.0
831 silly placeDep ROOT shebang-command@2.0.0 OK for: cross-spawn@7.0.6 want: ^2.0.0
832 silly fetch manifest shebang-regex@^3.0.0
833 silly placeDep ROOT which@2.0.2 OK for: cross-spawn@7.0.6 want: ^2.0.1
834 silly fetch manifest isexe@^2.0.0
835 http fetch GET 200 https://registry.npmjs.org/shebang-regex 3ms (cache hit)
836 http fetch GET 200 https://registry.npmjs.org/isexe 3ms (cache hit)
837 timing idealTree:node_modules/cross-spawn Completed in 5ms
838 timing idealTree:node_modules/fast-deep-equal Completed in 0ms
839 timing idealTree:node_modules/file-uri-to-path Completed in 0ms
840 silly placeDep ROOT asynckit@0.4.0 OK for: form-data@4.0.5 want: ^0.4.0
841 silly placeDep ROOT combined-stream@1.0.8 OK for: form-data@4.0.5 want: ^1.0.8
842 silly fetch manifest delayed-stream@~1.0.0
843 silly placeDep ROOT es-set-tostringtag@2.1.0 OK for: form-data@4.0.5 want: ^2.1.0
844 silly fetch manifest es-errors@^1.3.0
845 silly fetch manifest get-intrinsic@^1.2.6
846 silly fetch manifest has-tostringtag@^1.0.2
847 silly placeDep ROOT hasown@2.0.2 OK for: form-data@4.0.5 want: ^2.0.2
848 silly fetch manifest function-bind@^1.1.2
849 http fetch GET 200 https://registry.npmjs.org/get-intrinsic 5ms (cache hit)
850 http fetch GET 200 https://registry.npmjs.org/es-errors 5ms (cache hit)
851 http fetch GET 200 https://registry.npmjs.org/delayed-stream 7ms (cache hit)
852 http fetch GET 200 https://registry.npmjs.org/has-tostringtag 6ms (cache hit)
853 http fetch GET 200 https://registry.npmjs.org/function-bind 5ms (cache hit)
854 timing idealTree:node_modules/form-data Completed in 9ms
855 timing idealTree:node_modules/asynckit Completed in 0ms
856 silly placeDep ROOT delayed-stream@1.0.0 OK for: combined-stream@1.0.8 want: ~1.0.0
857 timing idealTree:node_modules/combined-stream Completed in 1ms
858 timing idealTree:node_modules/delayed-stream Completed in 0ms
859 silly placeDep ROOT es-errors@1.3.0 OK for: es-set-tostringtag@2.1.0 want: ^1.3.0
860 silly placeDep ROOT get-intrinsic@1.3.0 OK for: es-set-tostringtag@2.1.0 want: ^1.2.6
861 silly fetch manifest gopd@^1.2.0
862 silly fetch manifest get-proto@^1.0.1
863 silly fetch manifest has-symbols@^1.1.0
864 silly fetch manifest es-object-atoms@^1.1.1
865 silly fetch manifest math-intrinsics@^1.1.0
866 silly fetch manifest es-define-property@^1.0.1
867 silly fetch manifest call-bind-apply-helpers@^1.0.2
868 silly placeDep ROOT has-tostringtag@1.0.2 OK for: es-set-tostringtag@2.1.0 want: ^1.0.2
869 silly fetch manifest has-symbols@^1.0.3
870 http fetch GET 200 https://registry.npmjs.org/has-symbols 8ms (cache hit)
871 http fetch GET 200 https://registry.npmjs.org/gopd 10ms (cache hit)
872 http fetch GET 200 https://registry.npmjs.org/math-intrinsics 8ms (cache hit)
873 http fetch GET 200 https://registry.npmjs.org/es-object-atoms 9ms (cache hit)
874 http fetch GET 200 https://registry.npmjs.org/has-symbols 8ms (cache hit)
875 http fetch GET 200 https://registry.npmjs.org/es-define-property 9ms (cache hit)
876 http fetch GET 200 https://registry.npmjs.org/get-proto 10ms (cache hit)
877 http fetch GET 200 https://registry.npmjs.org/call-bind-apply-helpers 9ms (cache hit)
878 timing idealTree:node_modules/es-set-tostringtag Completed in 13ms
879 timing idealTree:node_modules/es-errors Completed in 0ms
880 silly placeDep ROOT jsonfile@6.2.0 OK for: fs-extra@11.1.0 want: ^6.0.1
881 silly placeDep ROOT universalify@2.0.1 OK for: fs-extra@11.1.0 want: ^2.0.0
882 timing idealTree:node_modules/fs-extra Completed in 1ms
883 timing idealTree:node_modules/generic-pool Completed in 0ms
884 silly placeDep ROOT call-bind-apply-helpers@1.0.2 OK for: get-intrinsic@1.3.0 want: ^1.0.2
885 silly placeDep ROOT es-define-property@1.0.1 OK for: get-intrinsic@1.3.0 want: ^1.0.1
886 silly placeDep ROOT es-object-atoms@1.1.1 OK for: get-intrinsic@1.3.0 want: ^1.1.1
887 silly placeDep ROOT function-bind@1.1.2 OK for: get-intrinsic@1.3.0 want: ^1.1.2
888 silly placeDep ROOT get-proto@1.0.1 OK for: get-intrinsic@1.3.0 want: ^1.0.1
889 silly fetch manifest dunder-proto@^1.0.1
890 silly placeDep ROOT gopd@1.2.0 OK for: get-intrinsic@1.3.0 want: ^1.2.0
891 silly placeDep ROOT has-symbols@1.1.0 OK for: get-intrinsic@1.3.0 want: ^1.1.0
892 silly placeDep ROOT math-intrinsics@1.1.0 OK for: get-intrinsic@1.3.0 want: ^1.1.0
893 http fetch GET 200 https://registry.npmjs.org/dunder-proto 3ms (cache hit)
894 timing idealTree:node_modules/get-intrinsic Completed in 6ms
895 timing idealTree:node_modules/call-bind-apply-helpers Completed in 0ms
896 timing idealTree:node_modules/es-define-property Completed in 0ms
897 timing idealTree:node_modules/es-object-atoms Completed in 0ms
898 timing idealTree:node_modules/function-bind Completed in 0ms
899 silly placeDep ROOT dunder-proto@1.0.1 OK for: get-proto@1.0.1 want: ^1.0.1
900 timing idealTree:node_modules/get-proto Completed in 0ms
901 timing idealTree:node_modules/dunder-proto Completed in 0ms
902 silly placeDep ROOT pump@3.0.3 OK for: get-stream@5.2.0 want: ^3.0.0
903 silly fetch manifest end-of-stream@^1.1.0
904 silly fetch manifest once@^1.3.1
905 http fetch GET 200 https://registry.npmjs.org/once 4ms (cache hit)
906 timing idealTree:node_modules/get-stream Completed in 5ms
907 silly placeDep node_modules/glob minimatch@10.2.2 OK for: glob@13.0.6 want: ^10.2.2
908 silly fetch manifest brace-expansion@^5.0.2
909 silly placeDep ROOT minipass@7.1.3 OK for: glob@13.0.6 want: ^7.1.3
910 silly placeDep ROOT path-scurry@2.0.2 OK for: glob@13.0.6 want: ^2.0.2
911 silly fetch manifest lru-cache@^11.0.0
912 http fetch GET 200 https://registry.npmjs.org/brace-expansion 195ms (cache miss)
913 timing idealTree:node_modules/glob Completed in 197ms
914 timing idealTree:node_modules/gopd Completed in 0ms
915 timing idealTree:node_modules/graceful-fs Completed in 0ms
916 timing idealTree:node_modules/has-symbols Completed in 0ms
917 timing idealTree:node_modules/has-tostringtag Completed in 0ms
918 timing idealTree:node_modules/hasown Completed in 0ms
919 silly placeDep ROOT agent-base@7.1.4 OK for: https-proxy-agent@7.0.6 want: ^7.1.2
920 timing idealTree:node_modules/https-proxy-agent Completed in 1ms
921 timing idealTree:node_modules/agent-base Completed in 0ms
922 timing idealTree:node_modules/human-signals Completed in 0ms
923 timing idealTree:node_modules/is-buffer Completed in 0ms
924 timing idealTree:node_modules/is-node-process Completed in 0ms
925 timing idealTree:node_modules/is-stream Completed in 0ms
926 timing idealTree:node_modules/jose Completed in 0ms
927 silly placeDep ROOT argparse@2.0.1 OK for: js-yaml@4.1.1 want: ^2.0.1
928 timing idealTree:node_modules/js-yaml Completed in 1ms
929 timing idealTree:node_modules/argparse Completed in 0ms
930 silly placeDep ROOT @types/json-schema@7.0.15 OK for: json-schema-to-ts@1.6.4 want: ^7.0.6
931 silly placeDep ROOT ts-toolbelt@6.15.5 OK for: json-schema-to-ts@1.6.4 want: ^6.15.5
932 timing idealTree:node_modules/json-schema-to-ts Completed in 1ms
933 timing idealTree:node_modules/@types/json-schema Completed in 0ms
934 timing idealTree:node_modules/json-schema-traverse Completed in 0ms
935 timing idealTree:node_modules/jsonfile Completed in 0ms
936 timing idealTree:node_modules/luxon Completed in 0ms
937 timing idealTree:node_modules/math-intrinsics Completed in 0ms
938 timing idealTree:node_modules/merge-stream Completed in 0ms
939 silly placeDep ROOT arg@4.1.0 OK for: micro@9.3.5-canary.3 want: 4.1.0
940 silly placeDep ROOT content-type@1.0.4 OK for: micro@9.3.5-canary.3 want: 1.0.4
941 silly placeDep ROOT raw-body@2.4.1 OK for: micro@9.3.5-canary.3 want: 2.4.1
942 silly fetch manifest bytes@3.1.0
943 silly fetch manifest unpipe@1.0.0
944 silly fetch manifest iconv-lite@0.4.24
945 silly fetch manifest http-errors@1.7.3
946 http fetch GET 200 https://registry.npmjs.org/bytes 179ms (cache miss)
947 http fetch GET 200 https://registry.npmjs.org/unpipe 588ms (cache miss)
948 http fetch GET 200 https://registry.npmjs.org/http-errors 609ms (cache miss)
949 http fetch GET 200 https://registry.npmjs.org/iconv-lite 611ms (cache miss)
950 timing idealTree:node_modules/micro Completed in 615ms
951 timing idealTree:node_modules/arg Completed in 0ms
952 timing idealTree:node_modules/content-type Completed in 0ms
953 silly placeDep ROOT mime-db@1.52.0 OK for: mime-types@2.1.35 want: 1.52.0
954 timing idealTree:node_modules/mime-types Completed in 1ms
955 timing idealTree:node_modules/mime-db Completed in 0ms
956 silly placeDep ROOT @isaacs/brace-expansion@5.0.1 OK for: minimatch@10.1.1 want: ^5.0.0
957 silly fetch manifest @isaacs/balanced-match@^4.0.1
958 http fetch GET 200 https://registry.npmjs.org/@isaacs%2fbalanced-match 199ms (cache miss)
959 timing idealTree:node_modules/minimatch Completed in 202ms
960 silly placeDep ROOT @isaacs/balanced-match@4.0.1 OK for: @isaacs/brace-expansion@5.0.1 want: ^4.0.1
961 timing idealTree:node_modules/@isaacs/brace-expansion Completed in 2ms
962 timing idealTree:node_modules/@isaacs/balanced-match Completed in 0ms
963 timing idealTree:node_modules/minipass Completed in 0ms
964 timing idealTree:node_modules/mri Completed in 0ms
965 timing idealTree:node_modules/ms Completed in 0ms
966 silly placeDep ROOT whatwg-url@5.0.0 OK for: node-fetch@2.6.7 want: ^5.0.0
967 silly fetch manifest tr46@~0.0.3
968 silly fetch manifest webidl-conversions@^3.0.0
969 http fetch GET 200 https://registry.npmjs.org/webidl-conversions 181ms (cache miss)
970 http fetch GET 200 https://registry.npmjs.org/tr46 182ms (cache miss)
971 timing idealTree:node_modules/node-fetch Completed in 184ms
972 timing idealTree:node_modules/node-gyp-build Completed in 1ms
973 silly placeDep ROOT abbrev@3.0.1 OK for: nopt@8.1.0 want: ^3.0.0
974 timing idealTree:node_modules/nopt Completed in 1ms
975 timing idealTree:node_modules/abbrev Completed in 0ms
976 timing idealTree:node_modules/npm-run-path Completed in 0ms
977 silly placeDep ROOT mimic-fn@2.1.0 OK for: onetime@5.1.2 want: ^2.1.0
978 timing idealTree:node_modules/onetime Completed in 1ms
979 timing idealTree:node_modules/mimic-fn Completed in 0ms
980 silly placeDep ROOT @oxc-transform/binding-android-arm-eabi@0.111.0 OK for: oxc-transform@0.111.0 want: 0.111.0
981 silly placeDep ROOT @oxc-transform/binding-android-arm64@0.111.0 OK for: oxc-transform@0.111.0 want: 0.111.0
982 silly placeDep ROOT @oxc-transform/binding-darwin-arm64@0.111.0 OK for: oxc-transform@0.111.0 want: 0.111.0
983 silly placeDep ROOT @oxc-transform/binding-darwin-x64@0.111.0 OK for: oxc-transform@0.111.0 want: 0.111.0
984 silly placeDep ROOT @oxc-transform/binding-freebsd-x64@0.111.0 OK for: oxc-transform@0.111.0 want: 0.111.0
985 silly placeDep ROOT @oxc-transform/binding-linux-arm-gnueabihf@0.111.0 OK for: oxc-transform@0.111.0 want: 0.111.0
986 silly placeDep ROOT @oxc-transform/binding-linux-arm-musleabihf@0.111.0 OK for: oxc-transform@0.111.0 want: 0.111.0
987 silly placeDep ROOT @oxc-transform/binding-linux-arm64-gnu@0.111.0 OK for: oxc-transform@0.111.0 want: 0.111.0
988 silly placeDep ROOT @oxc-transform/binding-linux-arm64-musl@0.111.0 OK for: oxc-transform@0.111.0 want: 0.111.0
989 silly placeDep ROOT @oxc-transform/binding-linux-ppc64-gnu@0.111.0 OK for: oxc-transform@0.111.0 want: 0.111.0
990 silly placeDep ROOT @oxc-transform/binding-linux-riscv64-gnu@0.111.0 OK for: oxc-transform@0.111.0 want: 0.111.0
991 silly placeDep ROOT @oxc-transform/binding-linux-riscv64-musl@0.111.0 OK for: oxc-transform@0.111.0 want: 0.111.0
992 silly placeDep ROOT @oxc-transform/binding-linux-s390x-gnu@0.111.0 OK for: oxc-transform@0.111.0 want: 0.111.0
993 silly placeDep ROOT @oxc-transform/binding-linux-x64-gnu@0.111.0 OK for: oxc-transform@0.111.0 want: 0.111.0
994 silly placeDep ROOT @oxc-transform/binding-linux-x64-musl@0.111.0 OK for: oxc-transform@0.111.0 want: 0.111.0
995 silly placeDep ROOT @oxc-transform/binding-openharmony-arm64@0.111.0 OK for: oxc-transform@0.111.0 want: 0.111.0
996 silly placeDep ROOT @oxc-transform/binding-wasm32-wasi@0.111.0 OK for: oxc-transform@0.111.0 want: 0.111.0
997 silly fetch manifest @napi-rs/wasm-runtime@^1.1.1
998 silly placeDep ROOT @oxc-transform/binding-win32-arm64-msvc@0.111.0 OK for: oxc-transform@0.111.0 want: 0.111.0
999 silly placeDep ROOT @oxc-transform/binding-win32-ia32-msvc@0.111.0 OK for: oxc-transform@0.111.0 want: 0.111.0
1000 silly placeDep ROOT @oxc-transform/binding-win32-x64-msvc@0.111.0 OK for: oxc-transform@0.111.0 want: 0.111.0
1001 http fetch GET 200 https://registry.npmjs.org/@napi-rs%2fwasm-runtime 186ms (cache miss)
1002 timing idealTree:node_modules/oxc-transform Completed in 198ms
1003 timing idealTree:node_modules/@oxc-transform/binding-android-arm-eabi Completed in 0ms
1004 timing idealTree:node_modules/@oxc-transform/binding-android-arm64 Completed in 0ms
1005 timing idealTree:node_modules/@oxc-transform/binding-darwin-arm64 Completed in 0ms
1006 timing idealTree:node_modules/@oxc-transform/binding-darwin-x64 Completed in 0ms
1007 timing idealTree:node_modules/@oxc-transform/binding-freebsd-x64 Completed in 0ms
1008 timing idealTree:node_modules/@oxc-transform/binding-linux-arm-gnueabihf Completed in 0ms
1009 timing idealTree:node_modules/@oxc-transform/binding-linux-arm-musleabihf Completed in 0ms
1010 timing idealTree:node_modules/@oxc-transform/binding-linux-arm64-gnu Completed in 0ms
1011 timing idealTree:node_modules/@oxc-transform/binding-linux-arm64-musl Completed in 0ms
1012 timing idealTree:node_modules/@oxc-transform/binding-linux-ppc64-gnu Completed in 0ms
1013 timing idealTree:node_modules/@oxc-transform/binding-linux-riscv64-gnu Completed in 0ms
1014 timing idealTree:node_modules/@oxc-transform/binding-linux-riscv64-musl Completed in 0ms
1015 timing idealTree:node_modules/@oxc-transform/binding-linux-s390x-gnu Completed in 0ms
1016 timing idealTree:node_modules/@oxc-transform/binding-linux-x64-gnu Completed in 0ms
1017 timing idealTree:node_modules/@oxc-transform/binding-linux-x64-musl Completed in 0ms
1018 timing idealTree:node_modules/@oxc-transform/binding-openharmony-arm64 Completed in 0ms
1019 silly placeDep ROOT @napi-rs/wasm-runtime@1.1.1 OK for: @oxc-transform/binding-wasm32-wasi@0.111.0 want: ^1.1.1
1020 silly fetch manifest @emnapi/core@^1.7.1
1021 silly fetch manifest @emnapi/runtime@^1.7.1
1022 silly fetch manifest @tybys/wasm-util@^0.10.1
1023 http fetch GET 200 https://registry.npmjs.org/@tybys%2fwasm-util 185ms (cache miss)
1024 http fetch GET 200 https://registry.npmjs.org/@emnapi%2fruntime 189ms (cache miss)
1025 http fetch GET 200 https://registry.npmjs.org/@emnapi%2fcore 196ms (cache miss)
1026 timing idealTree:node_modules/@oxc-transform/binding-wasm32-wasi Completed in 197ms
1027 silly placeDep ROOT @emnapi/core@1.8.1 OK for: @napi-rs/wasm-runtime@1.1.1 want: ^1.7.1
1028 silly fetch manifest @emnapi/wasi-threads@1.1.0
1029 silly fetch manifest tslib@^2.4.0
1030 silly placeDep ROOT @emnapi/runtime@1.8.1 OK for: @napi-rs/wasm-runtime@1.1.1 want: ^1.7.1
1031 silly placeDep ROOT @tybys/wasm-util@0.10.1 OK for: @napi-rs/wasm-runtime@1.1.1 want: ^0.10.1
1032 http fetch GET 200 https://registry.npmjs.org/@emnapi%2fwasi-threads 186ms (cache miss)
1033 http fetch GET 200 https://registry.npmjs.org/tslib 185ms (cache miss)
1034 timing idealTree:node_modules/@napi-rs/wasm-runtime Completed in 189ms
1035 silly placeDep ROOT @emnapi/wasi-threads@1.1.0 OK for: @emnapi/core@1.8.1 want: 1.1.0
1036 silly placeDep ROOT tslib@2.8.1 OK for: @emnapi/core@1.8.1 want: ^2.4.0
1037 timing idealTree:node_modules/@emnapi/core Completed in 2ms
1038 timing idealTree:node_modules/@emnapi/runtime Completed in 0ms
1039 timing idealTree:node_modules/@emnapi/wasi-threads Completed in 0ms
1040 timing idealTree:node_modules/@oxc-transform/binding-win32-arm64-msvc Completed in 0ms
1041 timing idealTree:node_modules/@oxc-transform/binding-win32-ia32-msvc Completed in 0ms
1042 timing idealTree:node_modules/@oxc-transform/binding-win32-x64-msvc Completed in 0ms
1043 timing idealTree:node_modules/@tybys/wasm-util Completed in 0ms
1044 timing idealTree:node_modules/p-finally Completed in 0ms
1045 timing idealTree:node_modules/path-key Completed in 0ms
1046 silly placeDep ROOT lru-cache@11.2.6 OK for: path-scurry@2.0.2 want: ^11.0.0
1047 timing idealTree:node_modules/path-scurry Completed in 2ms
1048 timing idealTree:node_modules/lru-cache Completed in 0ms
1049 timing idealTree:node_modules/path-to-regexp Completed in 0ms
1050 timing idealTree:node_modules/path-to-regexp-updated Completed in 0ms
1051 timing idealTree:node_modules/picocolors Completed in 0ms
1052 timing idealTree:node_modules/picomatch Completed in 0ms
1053 silly placeDep ROOT ohm-js@17.5.0 OK for: pip-requirements-js@1.0.2 want: ^17.1.0
1054 timing idealTree:node_modules/pip-requirements-js Completed in 1ms
1055 timing idealTree:node_modules/ohm-js Completed in 0ms
1056 silly placeDep ROOT parse-ms@2.1.0 OK for: pretty-ms@7.0.1 want: ^2.1.0
1057 timing idealTree:node_modules/pretty-ms Completed in 1ms
1058 timing idealTree:node_modules/parse-ms Completed in 0ms
1059 timing idealTree:node_modules/promisepipe Completed in 0ms
1060 silly placeDep ROOT http-proxy-agent@7.0.2 OK for: proxy-agent@6.4.0 want: ^7.0.1
1061 silly placeDep node_modules/proxy-agent lru-cache@7.18.3 OK for: proxy-agent@6.4.0 want: ^7.14.1
1062 silly placeDep ROOT pac-proxy-agent@7.2.0 OK for: proxy-agent@6.4.0 want: ^7.0.1
1063 silly fetch manifest @tootallnate/quickjs-emscripten@^0.23.0
1064 silly fetch manifest get-uri@^6.0.1
1065 silly fetch manifest pac-resolver@^7.0.1
1066 silly fetch manifest socks-proxy-agent@^8.0.5
1067 silly placeDep ROOT proxy-from-env@1.1.0 OK for: proxy-agent@6.4.0 want: ^1.1.0
1068 silly placeDep ROOT socks-proxy-agent@8.0.5 OK for: proxy-agent@6.4.0 want: ^8.0.2
1069 silly fetch manifest socks@^2.8.3
1070 http fetch GET 200 https://registry.npmjs.org/pac-resolver 182ms (cache miss)
1071 http fetch GET 200 https://registry.npmjs.org/get-uri 227ms (cache miss)
1072 http fetch GET 200 https://registry.npmjs.org/socks 231ms (cache miss)
1073 http fetch GET 200 https://registry.npmjs.org/@tootallnate%2fquickjs-emscripten 236ms (cache miss)
1074 timing idealTree:node_modules/proxy-agent Completed in 240ms
1075 timing idealTree:node_modules/http-proxy-agent Completed in 0ms
1076 silly placeDep ROOT @tootallnate/quickjs-emscripten@0.23.0 OK for: pac-proxy-agent@7.2.0 want: ^0.23.0
1077 silly placeDep ROOT get-uri@6.0.5 OK for: pac-proxy-agent@7.2.0 want: ^6.0.1
1078 silly fetch manifest basic-ftp@^5.0.2
1079 silly fetch manifest data-uri-to-buffer@^6.0.2
1080 silly placeDep ROOT pac-resolver@7.0.1 OK for: pac-proxy-agent@7.2.0 want: ^7.0.1
1081 silly fetch manifest degenerator@^5.0.0
1082 silly fetch manifest netmask@^2.0.2
1083 http fetch GET 200 https://registry.npmjs.org/netmask 190ms (cache miss)
1084 http fetch GET 200 https://registry.npmjs.org/data-uri-to-buffer 193ms (cache miss)
1085 http fetch GET 200 https://registry.npmjs.org/degenerator 206ms (cache miss)
1086 http fetch GET 200 https://registry.npmjs.org/basic-ftp 262ms (cache miss)
1087 timing idealTree:node_modules/pac-proxy-agent Completed in 266ms
1088 timing idealTree:node_modules/@tootallnate/quickjs-emscripten Completed in 0ms
1089 silly placeDep ROOT basic-ftp@5.2.0 OK for: get-uri@6.0.5 want: ^5.0.2
1090 silly placeDep ROOT data-uri-to-buffer@6.0.2 OK for: get-uri@6.0.5 want: ^6.0.2
1091 timing idealTree:node_modules/get-uri Completed in 3ms
1092 timing idealTree:node_modules/basic-ftp Completed in 0ms
1093 timing idealTree:node_modules/data-uri-to-buffer Completed in 0ms
1094 silly placeDep ROOT degenerator@5.0.1 OK for: pac-resolver@7.0.1 want: ^5.0.0
1095 silly fetch manifest ast-types@^0.13.4
1096 silly fetch manifest escodegen@^2.1.0
1097 silly fetch manifest esprima@^4.0.1
1098 silly placeDep ROOT netmask@2.0.2 OK for: pac-resolver@7.0.1 want: ^2.0.2
1099 http fetch GET 200 https://registry.npmjs.org/escodegen 168ms (cache miss)
1100 http fetch GET 200 https://registry.npmjs.org/esprima 169ms (cache miss)
1101 http fetch GET 200 https://registry.npmjs.org/ast-types 187ms (cache miss)
1102 timing idealTree:node_modules/pac-resolver Completed in 192ms
1103 silly placeDep ROOT ast-types@0.13.4 OK for: degenerator@5.0.1 want: ^0.13.4
1104 silly placeDep ROOT escodegen@2.1.0 OK for: degenerator@5.0.1 want: ^2.1.0
1105 silly fetch manifest estraverse@^5.2.0
1106 silly fetch manifest esutils@^2.0.2
1107 silly fetch manifest source-map@~0.6.1
1108 silly placeDep ROOT esprima@4.0.1 OK for: degenerator@5.0.1 want: ^4.0.1
1109 http fetch GET 200 https://registry.npmjs.org/estraverse 189ms (cache miss)
1110 http fetch GET 200 https://registry.npmjs.org/source-map 191ms (cache miss)
1111 http fetch GET 200 https://registry.npmjs.org/esutils 198ms (cache miss)
1112 timing idealTree:node_modules/degenerator Completed in 202ms
1113 timing idealTree:node_modules/ast-types Completed in 0ms
1114 silly placeDep ROOT estraverse@5.3.0 OK for: escodegen@2.1.0 want: ^5.2.0
1115 silly placeDep ROOT esutils@2.0.3 OK for: escodegen@2.1.0 want: ^2.0.2
1116 silly placeDep ROOT source-map@0.6.1 OK for: escodegen@2.1.0 want: ~0.6.1
1117 timing idealTree:node_modules/escodegen Completed in 3ms
1118 timing idealTree:node_modules/esprima Completed in 0ms
1119 timing idealTree:node_modules/estraverse Completed in 0ms
1120 timing idealTree:node_modules/esutils Completed in 0ms
1121 timing idealTree:node_modules/netmask Completed in 0ms
1122 timing idealTree:node_modules/proxy-from-env Completed in 0ms
1123 silly placeDep ROOT end-of-stream@1.4.5 OK for: pump@3.0.3 want: ^1.1.0
1124 silly fetch manifest once@^1.4.0
1125 silly placeDep ROOT once@1.4.0 OK for: pump@3.0.3 want: ^1.3.1
1126 silly fetch manifest wrappy@1
1127 http fetch GET 200 https://registry.npmjs.org/wrappy 184ms (cache miss)
1128 timing idealTree:node_modules/pump Completed in 188ms
1129 timing idealTree:node_modules/end-of-stream Completed in 0ms
1130 silly placeDep ROOT wrappy@1.0.2 OK for: once@1.4.0 want: 1
1131 timing idealTree:node_modules/once Completed in 1ms
1132 silly placeDep ROOT bytes@3.1.0 OK for: raw-body@2.4.1 want: 3.1.0
1133 silly placeDep ROOT http-errors@1.7.3 OK for: raw-body@2.4.1 want: 1.7.3
1134 silly fetch manifest depd@~1.1.2
1135 silly fetch manifest inherits@2.0.4
1136 silly fetch manifest statuses@>= 1.5.0 < 2
1137 silly fetch manifest toidentifier@1.0.0
1138 silly fetch manifest setprototypeof@1.1.1
1139 silly placeDep ROOT iconv-lite@0.4.24 OK for: raw-body@2.4.1 want: 0.4.24
1140 silly fetch manifest safer-buffer@>= 2.1.2 < 3
1141 silly placeDep ROOT unpipe@1.0.0 OK for: raw-body@2.4.1 want: 1.0.0
1142 http fetch GET 200 https://registry.npmjs.org/toidentifier 195ms (cache miss)
1143 http fetch GET 200 https://registry.npmjs.org/depd 197ms (cache miss)
1144 http fetch GET 200 https://registry.npmjs.org/statuses 196ms (cache miss)
1145 http fetch GET 200 https://registry.npmjs.org/inherits 201ms (cache miss)
1146 http fetch GET 200 https://registry.npmjs.org/safer-buffer 537ms (cache miss)
1147 http fetch GET 200 https://registry.npmjs.org/setprototypeof 593ms (cache miss)
1148 timing idealTree:node_modules/raw-body Completed in 597ms
1149 timing idealTree:node_modules/bytes Completed in 0ms
1150 silly placeDep ROOT depd@1.1.2 OK for: http-errors@1.7.3 want: ~1.1.2
1151 silly placeDep ROOT inherits@2.0.4 OK for: http-errors@1.7.3 want: 2.0.4
1152 silly placeDep ROOT setprototypeof@1.1.1 OK for: http-errors@1.7.3 want: 1.1.1
1153 silly placeDep ROOT statuses@1.5.0 OK for: http-errors@1.7.3 want: >= 1.5.0 < 2
1154 silly placeDep ROOT toidentifier@1.0.0 OK for: http-errors@1.7.3 want: 1.0.0
1155 timing idealTree:node_modules/http-errors Completed in 5ms
1156 timing idealTree:node_modules/depd Completed in 0ms
1157 silly placeDep ROOT safer-buffer@2.1.2 OK for: iconv-lite@0.4.24 want: >= 2.1.2 < 3
1158 timing idealTree:node_modules/iconv-lite Completed in 1ms
1159 timing idealTree:node_modules/inherits Completed in 0ms
1160 timing idealTree:node_modules/readdirp Completed in 0ms
1161 timing idealTree:node_modules/require-from-string Completed in 0ms
1162 timing idealTree:node_modules/resolve-from Completed in 0ms
1163 timing idealTree:node_modules/resolve.exports Completed in 0ms
1164 timing idealTree:node_modules/retry Completed in 0ms
1165 silly placeDep ROOT @oxc-project/types@0.110.0 OK for: rolldown@1.0.0-rc.1 want: =0.110.0
1166 silly placeDep ROOT @rolldown/binding-android-arm64@1.0.0-rc.1 OK for: rolldown@1.0.0-rc.1 want: 1.0.0-rc.1
1167 silly placeDep ROOT @rolldown/binding-darwin-arm64@1.0.0-rc.1 OK for: rolldown@1.0.0-rc.1 want: 1.0.0-rc.1
1168 silly placeDep ROOT @rolldown/binding-darwin-x64@1.0.0-rc.1 OK for: rolldown@1.0.0-rc.1 want: 1.0.0-rc.1
1169 silly placeDep ROOT @rolldown/binding-freebsd-x64@1.0.0-rc.1 OK for: rolldown@1.0.0-rc.1 want: 1.0.0-rc.1
1170 silly placeDep ROOT @rolldown/binding-linux-arm-gnueabihf@1.0.0-rc.1 OK for: rolldown@1.0.0-rc.1 want: 1.0.0-rc.1
1171 silly placeDep ROOT @rolldown/binding-linux-arm64-gnu@1.0.0-rc.1 OK for: rolldown@1.0.0-rc.1 want: 1.0.0-rc.1
1172 silly placeDep ROOT @rolldown/binding-linux-arm64-musl@1.0.0-rc.1 OK for: rolldown@1.0.0-rc.1 want: 1.0.0-rc.1
1173 silly placeDep ROOT @rolldown/binding-linux-x64-gnu@1.0.0-rc.1 OK for: rolldown@1.0.0-rc.1 want: 1.0.0-rc.1
1174 silly placeDep ROOT @rolldown/binding-linux-x64-musl@1.0.0-rc.1 OK for: rolldown@1.0.0-rc.1 want: 1.0.0-rc.1
1175 silly placeDep ROOT @rolldown/binding-openharmony-arm64@1.0.0-rc.1 OK for: rolldown@1.0.0-rc.1 want: 1.0.0-rc.1
1176 silly placeDep ROOT @rolldown/binding-wasm32-wasi@1.0.0-rc.1 OK for: rolldown@1.0.0-rc.1 want: 1.0.0-rc.1
1177 silly placeDep ROOT @rolldown/binding-win32-arm64-msvc@1.0.0-rc.1 OK for: rolldown@1.0.0-rc.1 want: 1.0.0-rc.1
1178 silly placeDep ROOT @rolldown/binding-win32-x64-msvc@1.0.0-rc.1 OK for: rolldown@1.0.0-rc.1 want: 1.0.0-rc.1
1179 silly placeDep ROOT @rolldown/pluginutils@1.0.0-rc.1 OK for: rolldown@1.0.0-rc.1 want: 1.0.0-rc.1
1180 timing idealTree:node_modules/rolldown Completed in 12ms
1181 timing idealTree:node_modules/@oxc-project/types Completed in 0ms
1182 timing idealTree:node_modules/@rolldown/binding-android-arm64 Completed in 0ms
1183 timing idealTree:node_modules/@rolldown/binding-darwin-arm64 Completed in 1ms
1184 timing idealTree:node_modules/@rolldown/binding-darwin-x64 Completed in 0ms
1185 timing idealTree:node_modules/@rolldown/binding-freebsd-x64 Completed in 0ms
1186 timing idealTree:node_modules/@rolldown/binding-linux-arm-gnueabihf Completed in 0ms
1187 timing idealTree:node_modules/@rolldown/binding-linux-arm64-gnu Completed in 0ms
1188 timing idealTree:node_modules/@rolldown/binding-linux-arm64-musl Completed in 0ms
1189 timing idealTree:node_modules/@rolldown/binding-linux-x64-gnu Completed in 0ms
1190 timing idealTree:node_modules/@rolldown/binding-linux-x64-musl Completed in 0ms
1191 timing idealTree:node_modules/@rolldown/binding-openharmony-arm64 Completed in 0ms
1192 timing idealTree:node_modules/@rolldown/binding-wasm32-wasi Completed in 0ms
1193 timing idealTree:node_modules/@rolldown/binding-win32-arm64-msvc Completed in 0ms
1194 timing idealTree:node_modules/@rolldown/binding-win32-x64-msvc Completed in 0ms
1195 timing idealTree:node_modules/@rolldown/pluginutils Completed in 0ms
1196 timing idealTree:node_modules/safer-buffer Completed in 0ms
1197 silly placeDep node_modules/semver lru-cache@6.0.0 OK for: semver@7.5.4 want: ^6.0.0
1198 silly fetch manifest yallist@^4.0.0
1199 timing idealTree:node_modules/semver Completed in 1ms
1200 timing idealTree:node_modules/setprototypeof Completed in 1ms
1201 silly placeDep ROOT shebang-regex@3.0.0 OK for: shebang-command@2.0.0 want: ^3.0.0
1202 timing idealTree:node_modules/shebang-command Completed in 0ms
1203 timing idealTree:node_modules/shebang-regex Completed in 0ms
1204 timing idealTree:node_modules/signal-exit Completed in 0ms
1205 timing idealTree:node_modules/smol-toml Completed in 0ms
1206 silly placeDep ROOT socks@2.8.7 OK for: socks-proxy-agent@8.0.5 want: ^2.8.3
1207 silly fetch manifest ip-address@^10.0.1
1208 silly fetch manifest smart-buffer@^4.2.0
1209 http fetch GET 200 https://registry.npmjs.org/smart-buffer 170ms (cache miss)
1210 http fetch GET 200 https://registry.npmjs.org/ip-address 171ms (cache miss)
1211 timing idealTree:node_modules/socks-proxy-agent Completed in 174ms
1212 silly placeDep ROOT ip-address@10.1.0 OK for: socks@2.8.7 want: ^10.0.1
1213 silly placeDep ROOT smart-buffer@4.2.0 OK for: socks@2.8.7 want: ^4.2.0
1214 timing idealTree:node_modules/socks Completed in 1ms
1215 timing idealTree:node_modules/ip-address Completed in 0ms
1216 timing idealTree:node_modules/smart-buffer Completed in 0ms
1217 timing idealTree:node_modules/source-map Completed in 0ms
1218 silly placeDep ROOT cookie-es@2.0.0 OK for: srvx@0.8.9 want: ^2.0.0
1219 timing idealTree:node_modules/srvx Completed in 1ms
1220 timing idealTree:node_modules/cookie-es Completed in 0ms
1221 timing idealTree:node_modules/stat-mode Completed in 0ms
1222 timing idealTree:node_modules/statuses Completed in 0ms
1223 silly placeDep ROOT any-promise@1.3.0 OK for: stream-to-promise@2.2.0 want: ~1.3.0
1224 silly placeDep node_modules/stream-to-promise end-of-stream@1.1.0 OK for: stream-to-promise@2.2.0 want: ~1.1.0
1225 silly fetch manifest once@~1.3.0
1226 silly placeDep ROOT stream-to-array@2.3.0 OK for: stream-to-promise@2.2.0 want: ~2.3.0
1227 timing idealTree:node_modules/stream-to-promise Completed in 1ms
1228 timing idealTree:node_modules/any-promise Completed in 0ms
1229 timing idealTree:node_modules/stream-to-array Completed in 0ms
1230 timing idealTree:node_modules/strip-final-newline Completed in 0ms
1231 silly placeDep ROOT @isaacs/fs-minipass@4.0.1 OK for: tar@7.5.7 want: ^4.0.0
1232 silly placeDep ROOT chownr@3.0.0 OK for: tar@7.5.7 want: ^3.0.0
1233 silly placeDep ROOT minizlib@3.1.0 OK for: tar@7.5.7 want: ^3.1.0
1234 silly placeDep ROOT yallist@5.0.0 OK for: tar@7.5.7 want: ^5.0.0
1235 timing idealTree:node_modules/tar Completed in 2ms
1236 timing idealTree:node_modules/@isaacs/fs-minipass Completed in 0ms
1237 timing idealTree:node_modules/chownr Completed in 0ms
1238 timing idealTree:node_modules/minizlib Completed in 0ms
1239 timing idealTree:node_modules/throttleit Completed in 0ms
1240 silly placeDep ROOT convert-hrtime@3.0.0 OK for: time-span@4.0.0 want: ^3.0.0
1241 timing idealTree:node_modules/time-span Completed in 0ms
1242 timing idealTree:node_modules/convert-hrtime Completed in 0ms
1243 timing idealTree:node_modules/tinyexec Completed in 0ms
1244 timing idealTree:node_modules/toidentifier Completed in 0ms
1245 timing idealTree:node_modules/tree-kill Completed in 0ms
1246 silly placeDep ROOT @ts-morph/common@0.11.1 OK for: ts-morph@12.0.0 want: ~0.11.0
1247 silly fetch manifest mkdirp@^1.0.4
1248 silly fetch manifest fast-glob@^3.2.7
1249 silly fetch manifest minimatch@^3.0.4
1250 silly fetch manifest path-browserify@^1.0.1
1251 silly placeDep ROOT code-block-writer@10.1.1 OK for: ts-morph@12.0.0 want: ^10.1.1
1252 http fetch GET 200 https://registry.npmjs.org/path-browserify 183ms (cache miss)
1253 http fetch GET 200 https://registry.npmjs.org/mkdirp 222ms (cache miss)
1254 http fetch GET 200 https://registry.npmjs.org/fast-glob 243ms (cache miss)
1255 timing idealTree:node_modules/ts-morph Completed in 248ms
1256 silly placeDep ROOT fast-glob@3.3.3 OK for: @ts-morph/common@0.11.1 want: ^3.2.7
1257 silly fetch manifest @nodelib/fs.stat@^2.0.2
1258 silly fetch manifest @nodelib/fs.walk@^1.2.3
1259 silly fetch manifest glob-parent@^5.1.2
1260 silly fetch manifest merge2@^1.3.0
1261 silly fetch manifest micromatch@^4.0.8
1262 silly placeDep node_modules/@ts-morph/common minimatch@3.1.3 OK for: @ts-morph/common@0.11.1 want: ^3.0.4
1263 silly fetch manifest brace-expansion@^1.1.7
1264 silly placeDep ROOT mkdirp@1.0.4 OK for: @ts-morph/common@0.11.1 want: ^1.0.4
1265 silly placeDep ROOT path-browserify@1.0.1 OK for: @ts-morph/common@0.11.1 want: ^1.0.1
1266 http fetch GET 200 https://registry.npmjs.org/glob-parent 183ms (cache miss)
1267 http fetch GET 200 https://registry.npmjs.org/merge2 194ms (cache miss)
1268 http fetch GET 200 https://registry.npmjs.org/micromatch 195ms (cache miss)
1269 http fetch GET 200 https://registry.npmjs.org/@nodelib%2ffs.walk 209ms (cache miss)
1270 http fetch GET 200 https://registry.npmjs.org/@nodelib%2ffs.stat 254ms (cache miss)
1271 timing idealTree:node_modules/@ts-morph/common Completed in 258ms
1272 timing idealTree:node_modules/code-block-writer Completed in 0ms
1273 silly placeDep ROOT @nodelib/fs.stat@2.0.5 OK for: fast-glob@3.3.3 want: ^2.0.2
1274 silly placeDep ROOT @nodelib/fs.walk@1.2.8 OK for: fast-glob@3.3.3 want: ^1.2.3
1275 silly fetch manifest fastq@^1.6.0
1276 silly fetch manifest @nodelib/fs.scandir@2.1.5
1277 silly placeDep ROOT glob-parent@5.1.2 OK for: fast-glob@3.3.3 want: ^5.1.2
1278 silly fetch manifest is-glob@^4.0.1
1279 silly placeDep ROOT merge2@1.4.1 OK for: fast-glob@3.3.3 want: ^1.3.0
1280 silly placeDep ROOT micromatch@4.0.8 OK for: fast-glob@3.3.3 want: ^4.0.8
1281 silly fetch manifest braces@^3.0.3
1282 silly fetch manifest picomatch@^2.3.1
1283 http fetch GET 200 https://registry.npmjs.org/fastq 186ms (cache miss)
1284 http fetch GET 200 https://registry.npmjs.org/is-glob 188ms (cache miss)
1285 http fetch GET 200 https://registry.npmjs.org/braces 187ms (cache miss)
1286 http fetch GET 200 https://registry.npmjs.org/@nodelib%2ffs.scandir 254ms (cache miss)
1287 timing idealTree:node_modules/fast-glob Completed in 258ms
1288 timing idealTree:node_modules/@nodelib/fs.stat Completed in 0ms
1289 silly placeDep ROOT @nodelib/fs.scandir@2.1.5 OK for: @nodelib/fs.walk@1.2.8 want: 2.1.5
1290 silly fetch manifest run-parallel@^1.1.9
1291 silly placeDep ROOT fastq@1.20.1 OK for: @nodelib/fs.walk@1.2.8 want: ^1.6.0
1292 silly fetch manifest reusify@^1.0.4
1293 http fetch GET 200 https://registry.npmjs.org/run-parallel 180ms (cache miss)
1294 http fetch GET 200 https://registry.npmjs.org/reusify 217ms (cache miss)
1295 timing idealTree:node_modules/@nodelib/fs.walk Completed in 221ms
1296 silly placeDep ROOT run-parallel@1.2.0 OK for: @nodelib/fs.scandir@2.1.5 want: ^1.1.9
1297 silly fetch manifest queue-microtask@^1.2.2
1298 http fetch GET 200 https://registry.npmjs.org/queue-microtask 180ms (cache miss)
1299 timing idealTree:node_modules/@nodelib/fs.scandir Completed in 183ms
1300 silly placeDep ROOT reusify@1.1.0 OK for: fastq@1.20.1 want: ^1.0.4
1301 timing idealTree:node_modules/fastq Completed in 1ms
1302 silly placeDep ROOT is-glob@4.0.3 OK for: glob-parent@5.1.2 want: ^4.0.1
1303 silly fetch manifest is-extglob@^2.1.1
1304 http fetch GET 200 https://registry.npmjs.org/is-extglob 204ms (cache miss)
1305 timing idealTree:node_modules/glob-parent Completed in 207ms
1306 silly placeDep ROOT is-extglob@2.1.1 OK for: is-glob@4.0.3 want: ^2.1.1
1307 timing idealTree:node_modules/is-glob Completed in 2ms
1308 timing idealTree:node_modules/is-extglob Completed in 0ms
1309 timing idealTree:node_modules/merge2 Completed in 0ms
1310 silly placeDep ROOT braces@3.0.3 OK for: micromatch@4.0.8 want: ^3.0.3
1311 silly fetch manifest fill-range@^7.1.1
1312 silly placeDep node_modules/micromatch picomatch@2.3.1 OK for: micromatch@4.0.8 want: ^2.3.1
1313 http fetch GET 200 https://registry.npmjs.org/fill-range 180ms (cache miss)
1314 timing idealTree:node_modules/micromatch Completed in 183ms
1315 silly placeDep ROOT fill-range@7.1.1 OK for: braces@3.0.3 want: ^7.1.1
1316 silly fetch manifest to-regex-range@^5.0.1
1317 http fetch GET 200 https://registry.npmjs.org/to-regex-range 238ms (cache miss)
1318 timing idealTree:node_modules/braces Completed in 240ms
1319 silly placeDep ROOT to-regex-range@5.0.1 OK for: fill-range@7.1.1 want: ^5.0.1
1320 silly fetch manifest is-number@^7.0.0
1321 http fetch GET 200 https://registry.npmjs.org/is-number 209ms (cache miss)
1322 timing idealTree:node_modules/fill-range Completed in 212ms
1323 timing idealTree:node_modules/mkdirp Completed in 0ms
1324 timing idealTree:node_modules/path-browserify Completed in 0ms
1325 timing idealTree:node_modules/reusify Completed in 0ms
1326 silly placeDep ROOT queue-microtask@1.2.3 OK for: run-parallel@1.2.0 want: ^1.2.2
1327 timing idealTree:node_modules/run-parallel Completed in 1ms
1328 timing idealTree:node_modules/queue-microtask Completed in 0ms
1329 silly placeDep ROOT is-number@7.0.0 OK for: to-regex-range@5.0.1 want: ^7.0.0
1330 timing idealTree:node_modules/to-regex-range Completed in 1ms
1331 timing idealTree:node_modules/is-number Completed in 0ms
1332 timing idealTree:node_modules/ts-toolbelt Completed in 0ms
1333 timing idealTree:node_modules/tslib Completed in 0ms
1334 silly placeDep ROOT fsevents@2.3.3 OK for: tsx@4.21.0 want: ~2.3.3
1335 silly placeDep ROOT get-tsconfig@4.13.6 OK for: tsx@4.21.0 want: ^4.7.5
1336 silly fetch manifest resolve-pkg-maps@^1.0.0
1337 http fetch GET 200 https://registry.npmjs.org/resolve-pkg-maps 474ms (cache miss)
1338 timing idealTree:node_modules/tsx Completed in 477ms
1339 timing idealTree:node_modules/fsevents Completed in 0ms
1340 silly placeDep ROOT resolve-pkg-maps@1.0.0 OK for: get-tsconfig@4.13.6 want: ^1.0.0
1341 timing idealTree:node_modules/get-tsconfig Completed in 2ms
1342 timing idealTree:node_modules/resolve-pkg-maps Completed in 0ms
1343 timing idealTree:node_modules/typescript Completed in 0ms
1344 timing idealTree:node_modules/uid-promise Completed in 0ms
1345 timing idealTree:node_modules/undici Completed in 0ms
1346 timing idealTree:node_modules/undici-types Completed in 0ms
1347 timing idealTree:node_modules/universalify Completed in 0ms
1348 timing idealTree:node_modules/unpipe Completed in 0ms
1349 silly placeDep ROOT punycode@2.3.1 OK for: uri-js@4.4.1 want: ^2.1.0
1350 timing idealTree:node_modules/uri-js Completed in 1ms
1351 timing idealTree:node_modules/punycode Completed in 0ms
1352 timing idealTree:node_modules/web-vitals Completed in 0ms
1353 silly placeDep ROOT tr46@0.0.3 OK for: whatwg-url@5.0.0 want: ~0.0.3
1354 silly placeDep ROOT webidl-conversions@3.0.1 OK for: whatwg-url@5.0.0 want: ^3.0.0
1355 timing idealTree:node_modules/whatwg-url Completed in 1ms
1356 timing idealTree:node_modules/tr46 Completed in 0ms
1357 timing idealTree:node_modules/webidl-conversions Completed in 0ms
1358 silly placeDep ROOT isexe@2.0.0 OK for: which@2.0.2 want: ^2.0.0
1359 timing idealTree:node_modules/which Completed in 1ms
1360 timing idealTree:node_modules/isexe Completed in 0ms
1361 timing idealTree:node_modules/wrappy Completed in 0ms
1362 silly placeDep ROOT xdg-portable@7.3.0 OK for: xdg-app-paths@5.1.0 want: ^7.0.0
1363 silly fetch manifest os-paths@^4.0.1
1364 http fetch GET 200 https://registry.npmjs.org/os-paths 198ms (cache miss)
1365 timing idealTree:node_modules/xdg-app-paths Completed in 201ms
1366 silly placeDep ROOT os-paths@4.4.0 OK for: xdg-portable@7.3.0 want: ^4.0.1
1367 timing idealTree:node_modules/xdg-portable Completed in 1ms
1368 timing idealTree:node_modules/os-paths Completed in 0ms
1369 timing idealTree:node_modules/yallist Completed in 0ms
1370 silly placeDep ROOT yauzl@2.10.0 OK for: yauzl-promise@2.1.3 want: ^2.9.1
1371 silly fetch manifest fd-slicer@~1.1.0
1372 silly fetch manifest buffer-crc32@~0.2.3
1373 silly placeDep ROOT yauzl-clone@1.0.4 OK for: yauzl-promise@2.1.3 want: ^1.0.4
1374 silly fetch manifest events-intercept@^2.0.0
1375 http fetch GET 200 https://registry.npmjs.org/events-intercept 264ms (cache miss)
1376 http fetch GET 200 https://registry.npmjs.org/buffer-crc32 273ms (cache miss)
1377 http fetch GET 200 https://registry.npmjs.org/fd-slicer 292ms (cache miss)
1378 timing idealTree:node_modules/yauzl-promise Completed in 293ms
1379 silly placeDep ROOT buffer-crc32@0.2.13 OK for: yauzl@2.10.0 want: ~0.2.3
1380 silly placeDep ROOT fd-slicer@1.1.0 OK for: yauzl@2.10.0 want: ~1.1.0
1381 silly fetch manifest pend@~1.2.0
1382 http fetch GET 200 https://registry.npmjs.org/pend 968ms (cache miss)
1383 timing idealTree:node_modules/yauzl Completed in 971ms
1384 timing idealTree:node_modules/buffer-crc32 Completed in 0ms
1385 silly placeDep ROOT pend@1.2.0 OK for: fd-slicer@1.1.0 want: ~1.2.0
1386 timing idealTree:node_modules/fd-slicer Completed in 1ms
1387 timing idealTree:node_modules/pend Completed in 0ms
1388 silly placeDep ROOT events-intercept@2.0.0 OK for: yauzl-clone@1.0.4 want: ^2.0.0
1389 timing idealTree:node_modules/yauzl-clone Completed in 1ms
1390 timing idealTree:node_modules/events-intercept Completed in 0ms
1391 timing idealTree:node_modules/zod Completed in 0ms
1392 silly placeDep ROOT brace-expansion@1.1.12 OK for: minimatch@3.1.3 want: ^1.1.7
1393 silly fetch manifest concat-map@0.0.1
1394 silly fetch manifest balanced-match@^1.0.0
1395 http fetch GET 200 https://registry.npmjs.org/balanced-match 638ms (cache miss)
1396 http fetch GET 200 https://registry.npmjs.org/concat-map 644ms (cache miss)
1397 timing idealTree:node_modules/@ts-morph/common/node_modules/minimatch Completed in 646ms
1398 silly placeDep ROOT balanced-match@1.0.2 OK for: brace-expansion@1.1.12 want: ^1.0.0
1399 silly placeDep ROOT concat-map@0.0.1 OK for: brace-expansion@1.1.12 want: 0.0.1
1400 timing idealTree:node_modules/brace-expansion Completed in 2ms
1401 timing idealTree:node_modules/balanced-match Completed in 0ms
1402 timing idealTree:node_modules/concat-map Completed in 0ms
1403 timing idealTree:node_modules/@vercel/express/node_modules/@vercel/nft Completed in 0ms
1404 timing idealTree:node_modules/@vercel/fun/node_modules/path-to-regexp Completed in 0ms
1405 timing idealTree:node_modules/@vercel/hono/node_modules/@vercel/nft Completed in 0ms
1406 timing idealTree:node_modules/@vercel/next/node_modules/@vercel/nft Completed in 0ms
1407 timing idealTree:node_modules/@vercel/node/node_modules/@vercel/nft Completed in 0ms
1408 timing idealTree:node_modules/@vercel/node/node_modules/async-listen Completed in 0ms
1409 timing idealTree:node_modules/@vercel/node/node_modules/node-fetch Completed in 0ms
1410 timing idealTree:node_modules/@vercel/node/node_modules/path-to-regexp Completed in 0ms
1411 silly placeDep ROOT @fastify/busboy@2.1.1 OK for: undici@5.28.4 want: ^2.0.0
1412 timing idealTree:node_modules/@vercel/node/node_modules/undici Completed in 1ms
1413 timing idealTree:node_modules/@fastify/busboy Completed in 0ms
1414 timing idealTree:node_modules/@vercel/python-analysis/node_modules/fs-extra Completed in 0ms
1415 timing idealTree:node_modules/@vercel/redwood/node_modules/@vercel/nft Completed in 0ms
1416 timing idealTree:node_modules/@vercel/redwood/node_modules/semver Completed in 0ms
1417 timing idealTree:node_modules/@vercel/remix-builder/node_modules/@vercel/nft Completed in 0ms
1418 timing idealTree:node_modules/@vercel/remix-builder/node_modules/path-to-regexp Completed in 0ms
1419 silly placeDep node_modules/@vercel/rust get-stream@6.0.1 OK for: execa@5.1.1 want: ^6.0.0
1420 silly placeDep node_modules/@vercel/rust human-signals@2.1.0 OK for: execa@5.1.1 want: ^2.1.0
1421 silly placeDep node_modules/@vercel/rust signal-exit@3.0.7 OK for: execa@5.1.1 want: ^3.0.3
1422 timing idealTree:node_modules/@vercel/rust/node_modules/execa Completed in 3ms
1423 timing idealTree:node_modules/@vercel/rust/node_modules/get-stream Completed in 0ms
1424 timing idealTree:node_modules/@vercel/rust/node_modules/human-signals Completed in 0ms
1425 timing idealTree:node_modules/@vercel/rust/node_modules/signal-exit Completed in 0ms
1426 timing idealTree:node_modules/debug/node_modules/ms Completed in 0ms
1427 timing idealTree:node_modules/edge-runtime/node_modules/async-listen Completed in 0ms
1428 timing idealTree:node_modules/execa/node_modules/signal-exit Completed in 0ms
1429 silly placeDep node_modules/glob brace-expansion@5.0.3 OK for: minimatch@10.2.2 want: ^5.0.2
1430 silly fetch manifest balanced-match@^4.0.2
1431 timing idealTree:node_modules/glob/node_modules/minimatch Completed in 2ms
1432 silly placeDep node_modules/glob balanced-match@4.0.4 OK for: brace-expansion@5.0.3 want: ^4.0.2
1433 timing idealTree:node_modules/glob/node_modules/brace-expansion Completed in 1ms
1434 timing idealTree:node_modules/glob/node_modules/balanced-match Completed in 0ms
1435 timing idealTree:node_modules/micromatch/node_modules/picomatch Completed in 0ms
1436 timing idealTree:node_modules/proxy-agent/node_modules/lru-cache Completed in 0ms
1437 silly placeDep node_modules/semver yallist@4.0.0 OK for: lru-cache@6.0.0 want: ^4.0.0
1438 timing idealTree:node_modules/semver/node_modules/lru-cache Completed in 1ms
1439 timing idealTree:node_modules/semver/node_modules/yallist Completed in 0ms
1440 silly placeDep node_modules/stream-to-promise once@1.3.3 OK for: end-of-stream@1.1.0 want: ~1.3.0
1441 timing idealTree:node_modules/stream-to-promise/node_modules/end-of-stream Completed in 1ms
1442 timing idealTree:node_modules/stream-to-promise/node_modules/once Completed in 0ms
1443 timing idealTree:buildDeps Completed in 9195ms
1444 timing idealTree:fixDepFlags Completed in 3ms
1445 warn EBADENGINE Unsupported engine {
1445 warn EBADENGINE   package: 'oxc-transform@0.111.0',
1445 warn EBADENGINE   required: { node: '^20.19.0 || >=22.12.0' },
1445 warn EBADENGINE   current: { node: 'v20.11.0', npm: '10.2.4' }
1445 warn EBADENGINE }
1446 warn EBADENGINE Unsupported engine {
1446 warn EBADENGINE   package: 'rolldown@1.0.0-rc.1',
1446 warn EBADENGINE   required: { node: '^20.19.0 || >=22.12.0' },
1446 warn EBADENGINE   current: { node: 'v20.11.0', npm: '10.2.4' }
1446 warn EBADENGINE }
1447 warn EBADENGINE Unsupported engine {
1447 warn EBADENGINE   package: 'srvx@0.8.9',
1447 warn EBADENGINE   required: { node: '>=20.16.0' },
1447 warn EBADENGINE   current: { node: 'v20.11.0', npm: '10.2.4' }
1447 warn EBADENGINE }
1448 timing idealTree Completed in 9208ms
1449 timing reify:loadTrees Completed in 9208ms
1450 timing reify:diffTrees Completed in 4ms
1451 silly reify moves {}
1452 timing reify:retireShallow Completed in 0ms
1453 timing reify:createSparse Completed in 28ms
1454 timing reify:loadBundles Completed in 0ms
1455 silly audit bulk request {
1455 silly audit   vercel: [ '50.22.1' ],
1455 silly audit   '@vercel/backends': [ '0.0.36' ],
1455 silly audit   typescript: [ '5.9.3' ],
1455 silly audit   '@vercel/blob': [ '2.3.0' ],
1455 silly audit   '@vercel/build-utils': [ '13.4.3' ],
1455 silly audit   '@vercel/detect-agent': [ '1.1.0' ],
1455 silly audit   '@vercel/elysia': [ '0.1.39' ],
1455 silly audit   '@vercel/express': [ '0.1.48' ],
1455 silly audit   '@vercel/fastify': [ '0.1.42' ],
1455 silly audit   '@vercel/fun': [ '1.3.0' ],
1455 silly audit   '@vercel/go': [ '3.4.1' ],
1455 silly audit   '@vercel/h3': [ '0.1.48' ],
1455 silly audit   '@vercel/hono': [ '0.2.42' ],
1455 silly audit   '@vercel/hydrogen': [ '1.3.5' ],
1455 silly audit   '@vercel/koa': [ '0.1.22' ],
1455 silly audit   '@vercel/nestjs': [ '0.2.43' ],
1455 silly audit   '@vercel/next': [ '4.15.31' ],
1455 silly audit   '@vercel/node': [ '5.6.6' ],
1455 silly audit   '@vercel/python': [ '6.15.1' ],
1455 silly audit   '@vercel/redwood': [ '2.4.9' ],
1455 silly audit   '@vercel/remix-builder': [ '5.5.10' ],
1455 silly audit   '@vercel/ruby': [ '2.3.1' ],
1455 silly audit   '@vercel/rust': [ '1.0.5' ],
1455 silly audit   '@vercel/static-build': [ '2.8.40' ],
1455 silly audit   chokidar: [ '4.0.0' ],
1455 silly audit   esbuild: [ '0.27.0' ],
1455 silly audit   'form-data': [ '4.0.5' ],
1455 silly audit   jose: [ '5.9.6' ],
1455 silly audit   luxon: [ '3.7.2' ],
1455 silly audit   'proxy-agent': [ '6.4.0' ],
1455 silly audit   '@vercel/nft': [ '1.3.0', '1.1.1' ],
1455 silly audit   execa: [ '3.2.0', '5.1.1' ],
1455 silly audit   'fs-extra': [ '11.1.0', '11.1.1' ],
1455 silly audit   'oxc-transform': [ '0.111.0' ],
1455 silly audit   'path-to-regexp': [ '8.3.0', '8.2.0', '6.1.0', '6.3.0' ],
1455 silly audit   'resolve.exports': [ '2.0.3' ],
1455 silly audit   rolldown: [ '1.0.0-rc.1' ],
1455 silly audit   srvx: [ '0.8.9' ],
1455 silly audit   tsx: [ '4.21.0' ],
1455 silly audit   zod: [ '3.22.4' ],
1455 silly audit   'async-retry': [ '1.3.3' ],
1455 silly audit   'is-buffer': [ '2.0.5' ],
1455 silly audit   'is-node-process': [ '1.2.0' ],
1455 silly audit   throttleit: [ '2.1.0' ],
1455 silly audit   undici: [ '6.23.0', '5.28.4' ],
1455 silly audit   '@vercel/python-analysis': [ '0.6.0' ],
1455 silly audit   '@vercel/static-config': [ '3.1.2' ],
1455 silly audit   '@vercel/cervel': [ '0.0.23' ],
1455 silly audit   'ts-morph': [ '12.0.0' ],
1455 silly audit   '@tootallnate/once': [ '2.0.0' ],
1455 silly audit   'async-listen': [ '1.2.0', '3.0.0', '3.0.1' ],
1455 silly audit   debug: [ '4.3.4' ],
1455 silly audit   'generic-pool': [ '3.4.2' ],
1455 silly audit   micro: [ '9.3.5-canary.3' ],
1455 silly audit   ms: [ '2.1.1', '2.1.2' ],
1455 silly audit   'node-fetch': [ '2.6.7', '2.6.9' ],
1455 silly audit   promisepipe: [ '3.0.0' ],
1455 silly audit   semver: [ '7.5.4', '6.3.1' ],
1455 silly audit   'stat-mode': [ '0.3.0' ],
1455 silly audit   'stream-to-promise': [ '2.2.0' ],
1455 silly audit   tar: [ '7.5.7' ],
1455 silly audit   tinyexec: [ '0.3.2' ],
1455 silly audit   'tree-kill': [ '1.2.2' ],
1455 silly audit   'uid-promise': [ '1.0.0' ],
1455 silly audit   'xdg-app-paths': [ '5.1.0' ],
1455 silly audit   'yauzl-promise': [ '2.1.3' ],
1455 silly audit   '@mapbox/node-pre-gyp': [ '2.0.3' ],
1455 silly audit   '@rollup/pluginutils': [ '5.3.0' ],
1455 silly audit   acorn: [ '8.16.0' ],
1455 silly audit   'acorn-import-attributes': [ '1.9.5' ],
1455 silly audit   'async-sema': [ '3.1.1' ],
1455 silly audit   bindings: [ '1.5.0' ],
1455 silly audit   'estree-walker': [ '2.0.2' ],
1455 silly audit   glob: [ '13.0.6' ],
1455 silly audit   'graceful-fs': [ '4.2.11' ],
1455 silly audit   'node-gyp-build': [ '4.8.4' ],
1455 silly audit   picomatch: [ '4.0.3', '2.3.1' ],
1455 silly audit   'resolve-from': [ '5.0.0' ],
1455 silly audit   consola: [ '3.4.2' ],
1455 silly audit   'detect-libc': [ '2.1.2' ],
1455 silly audit   'https-proxy-agent': [ '7.0.6' ],
1455 silly audit   nopt: [ '8.1.0' ],
1455 silly audit   '@types/estree': [ '1.0.8' ],
1455 silly audit   '@edge-runtime/node-utils': [ '2.3.0' ],
1455 silly audit   '@edge-runtime/primitives': [ '4.1.0' ],
1455 silly audit   '@edge-runtime/vm': [ '3.2.0' ],
1455 silly audit   '@types/node': [ '20.11.0' ],
1455 silly audit   '@vercel/error-utils': [ '2.0.3' ],
1455 silly audit   'cjs-module-lexer': [ '1.2.3' ],
1455 silly audit   'edge-runtime': [ '2.5.9' ],
1455 silly audit   'es-module-lexer': [ '1.4.1' ],
1455 silly audit   etag: [ '1.8.1' ],
1455 silly audit   'mime-types': [ '2.1.35' ],
1455 silly audit   'undici-types': [ '5.26.5' ],
1455 silly audit   '@bytecodealliance/preview2-shim': [ '0.17.6' ],
1455 silly audit   '@renovatebot/pep440': [ '4.2.1' ],
1455 silly audit   'js-yaml': [ '4.1.1' ],
1455 silly audit   minimatch: [ '10.1.1', '10.2.2', '3.1.3' ],
1455 silly audit   'pip-requirements-js': [ '1.0.2' ],
1455 silly audit   'smol-toml': [ '1.5.2' ],
1455 silly audit   '@iarna/toml': [ '2.2.5' ],
1455 silly audit   '@vercel/gatsby-plugin-vercel-analytics': [ '1.0.11' ],
1455 silly audit   '@vercel/gatsby-plugin-vercel-builder': [ '2.0.138' ],
1455 silly audit   'web-vitals': [ '0.2.4' ],
1455 silly audit   '@sinclair/typebox': [ '0.25.24' ],
1455 silly audit   ajv: [ '8.6.3' ],
1455 silly audit   'json-schema-to-ts': [ '1.6.4' ],
1455 silly audit   'fast-deep-equal': [ '3.1.3' ],
1455 silly audit   'json-schema-traverse': [ '1.0.0' ],
1455 silly audit   'require-from-string': [ '2.0.2' ],
1455 silly audit   'uri-js': [ '4.4.1' ],
1455 silly audit   retry: [ '0.13.1' ],
1455 silly audit   'file-uri-to-path': [ '1.0.0' ],
1455 silly audit   readdirp: [ '4.1.2' ],
1455 silly audit   '@edge-runtime/format': [ '2.2.1' ],
1455 silly audit   '@edge-runtime/ponyfill': [ '2.4.2' ],
1455 silly audit   mri: [ '1.2.0' ],
1455 silly audit   picocolors: [ '1.0.0' ],
1455 silly audit   'pretty-ms': [ '7.0.1' ],
1455 silly audit   'signal-exit': [ '4.0.2', '3.0.7' ],
1455 silly audit   'time-span': [ '4.0.0' ],
1455 silly audit   '@esbuild/aix-ppc64': [ '0.27.0' ],
1455 silly audit   '@esbuild/android-arm': [ '0.27.0' ],
1455 silly audit   '@esbuild/android-arm64': [ '0.27.0' ],
1455 silly audit   '@esbuild/android-x64': [ '0.27.0' ],
1455 silly audit   '@esbuild/darwin-arm64': [ '0.27.0' ],
1455 silly audit   '@esbuild/darwin-x64': [ '0.27.0' ],
1455 silly audit   '@esbuild/freebsd-arm64': [ '0.27.0' ],
1455 silly audit   '@esbuild/freebsd-x64': [ '0.27.0' ],
1455 silly audit   '@esbuild/linux-arm': [ '0.27.0' ],
1455 silly audit   '@esbuild/linux-arm64': [ '0.27.0' ],
1455 silly audit   '@esbuild/linux-ia32': [ '0.27.0' ],
1455 silly audit   '@esbuild/linux-loong64': [ '0.27.0' ],
1455 silly audit   '@esbuild/linux-mips64el': [ '0.27.0' ],
1455 silly audit   '@esbuild/linux-ppc64': [ '0.27.0' ],
1455 silly audit   '@esbuild/linux-riscv64': [ '0.27.0' ],
1455 silly audit   '@esbuild/linux-s390x': [ '0.27.0' ],
1455 silly audit   '@esbuild/linux-x64': [ '0.27.0' ],
1455 silly audit   '@esbuild/netbsd-arm64': [ '0.27.0' ],
1455 silly audit   '@esbuild/netbsd-x64': [ '0.27.0' ],
1455 silly audit   '@esbuild/openbsd-arm64': [ '0.27.0' ],
1455 silly audit   '@esbuild/openbsd-x64': [ '0.27.0' ],
1455 silly audit   '@esbuild/openharmony-arm64': [ '0.27.0' ],
1455 silly audit   '@esbuild/sunos-x64': [ '0.27.0' ],
1455 silly audit   '@esbuild/win32-arm64': [ '0.27.0' ],
1455 silly audit   '@esbuild/win32-ia32': [ '0.27.0' ],
1455 silly audit   '@esbuild/win32-x64': [ '0.27.0' ],
1455 silly audit   'cross-spawn': [ '7.0.6' ],
1455 silly audit   'get-stream': [ '5.2.0', '6.0.1' ],
1455 silly audit   'human-signals': [ '1.1.1', '2.1.0' ],
1455 silly audit   'is-stream': [ '2.0.1' ],
1455 silly audit   'merge-stream': [ '2.0.0' ],
1455 silly audit   'npm-run-path': [ '4.0.1' ],
1455 silly audit   onetime: [ '5.1.2' ],
1455 silly audit   'p-finally': [ '2.0.1' ],
1455 silly audit   'strip-final-newline': [ '2.0.0' ],
1455 silly audit   'path-key': [ '3.1.1' ],
1455 silly audit   'shebang-command': [ '2.0.0' ],
1455 silly audit   which: [ '2.0.2' ],
1455 silly audit   asynckit: [ '0.4.0' ],
1455 silly audit   'combined-stream': [ '1.0.8' ],
1455 silly audit   'es-set-tostringtag': [ '2.1.0' ],
1455 silly audit   hasown: [ '2.0.2' ],
1455 silly audit   'delayed-stream': [ '1.0.0' ],
1455 silly audit   'es-errors': [ '1.3.0' ],
1455 silly audit   'get-intrinsic': [ '1.3.0' ],
1455 silly audit   'has-tostringtag': [ '1.0.2' ],
1455 silly audit   jsonfile: [ '6.2.0' ],
1455 silly audit   universalify: [ '2.0.1' ],
1455 silly audit   'call-bind-apply-helpers': [ '1.0.2' ],
1455 silly audit   'es-define-property': [ '1.0.1' ],
1455 silly audit   'es-object-atoms': [ '1.1.1' ],
1455 silly audit   'function-bind': [ '1.1.2' ],
1455 silly audit   'get-proto': [ '1.0.1' ],
1455 silly audit   gopd: [ '1.2.0' ],
1455 silly audit   'has-symbols': [ '1.1.0' ],
1455 silly audit   'math-intrinsics': [ '1.1.0' ],
1455 silly audit   'dunder-proto': [ '1.0.1' ],
1455 silly audit   pump: [ '3.0.3' ],
1455 silly audit   minipass: [ '7.1.3' ],
1455 silly audit   'path-scurry': [ '2.0.2' ],
1455 silly audit   'agent-base': [ '7.1.4' ],
1455 silly audit   argparse: [ '2.0.1' ],
1455 silly audit   '@types/json-schema': [ '7.0.15' ],
1455 silly audit   'ts-toolbelt': [ '6.15.5' ],
1455 silly audit   arg: [ '4.1.0' ],
1455 silly audit   'content-type': [ '1.0.4' ],
1455 silly audit   'raw-body': [ '2.4.1' ],
1455 silly audit   'mime-db': [ '1.52.0' ],
1455 silly audit   '@isaacs/brace-expansion': [ '5.0.1' ],
1455 silly audit   '@isaacs/balanced-match': [ '4.0.1' ],
1455 silly audit   'whatwg-url': [ '5.0.0' ],
1455 silly audit   abbrev: [ '3.0.1' ],
1455 silly audit   'mimic-fn': [ '2.1.0' ],
1455 silly audit   '@oxc-transform/binding-android-arm-eabi': [ '0.111.0' ],
1455 silly audit   '@oxc-transform/binding-android-arm64': [ '0.111.0' ],
1455 silly audit   '@oxc-transform/binding-darwin-arm64': [ '0.111.0' ],
1455 silly audit   '@oxc-transform/binding-darwin-x64': [ '0.111.0' ],
1455 silly audit   '@oxc-transform/binding-freebsd-x64': [ '0.111.0' ],
1455 silly audit   '@oxc-transform/binding-linux-arm-gnueabihf': [ '0.111.0' ],
1455 silly audit   '@oxc-transform/binding-linux-arm-musleabihf': [ '0.111.0' ],
1455 silly audit   '@oxc-transform/binding-linux-arm64-gnu': [ '0.111.0' ],
1455 silly audit   '@oxc-transform/binding-linux-arm64-musl': [ '0.111.0' ],
1455 silly audit   '@oxc-transform/binding-linux-ppc64-gnu': [ '0.111.0' ],
1455 silly audit   '@oxc-transform/binding-linux-riscv64-gnu': [ '0.111.0' ],
1455 silly audit   '@oxc-transform/binding-linux-riscv64-musl': [ '0.111.0' ],
1455 silly audit   '@oxc-transform/binding-linux-s390x-gnu': [ '0.111.0' ],
1455 silly audit   '@oxc-transform/binding-linux-x64-gnu': [ '0.111.0' ],
1455 silly audit   '@oxc-transform/binding-linux-x64-musl': [ '0.111.0' ],
1455 silly audit   '@oxc-transform/binding-openharmony-arm64': [ '0.111.0' ],
1455 silly audit   '@oxc-transform/binding-wasm32-wasi': [ '0.111.0' ],
1455 silly audit   '@oxc-transform/binding-win32-arm64-msvc': [ '0.111.0' ],
1455 silly audit   '@oxc-transform/binding-win32-ia32-msvc': [ '0.111.0' ],
1455 silly audit   '@oxc-transform/binding-win32-x64-msvc': [ '0.111.0' ],
1455 silly audit   '@napi-rs/wasm-runtime': [ '1.1.1' ],
1455 silly audit   '@emnapi/core': [ '1.8.1' ],
1455 silly audit   '@emnapi/runtime': [ '1.8.1' ],
1455 silly audit   '@tybys/wasm-util': [ '0.10.1' ],
1455 silly audit   '@emnapi/wasi-threads': [ '1.1.0' ],
1455 silly audit   tslib: [ '2.8.1' ],
1455 silly audit   'lru-cache': [ '11.2.6', '7.18.3', '6.0.0' ],
1455 silly audit   'ohm-js': [ '17.5.0' ],
1455 silly audit   'parse-ms': [ '2.1.0' ],
1455 silly audit   'http-proxy-agent': [ '7.0.2' ],
1455 silly audit   'pac-proxy-agent': [ '7.2.0' ],
1455 silly audit   'proxy-from-env': [ '1.1.0' ],
1455 silly audit   'socks-proxy-agent': [ '8.0.5' ],
1455 silly audit   '@tootallnate/quickjs-emscripten': [ '0.23.0' ],
1455 silly audit   'get-uri': [ '6.0.5' ],
1455 silly audit   'pac-resolver': [ '7.0.1' ],
1455 silly audit   'basic-ftp': [ '5.2.0' ],
1455 silly audit   'data-uri-to-buffer': [ '6.0.2' ],
1455 silly audit   degenerator: [ '5.0.1' ],
1455 silly audit   netmask: [ '2.0.2' ],
1455 silly audit   'ast-types': [ '0.13.4' ],
1455 silly audit   escodegen: [ '2.1.0' ],
1455 silly audit   esprima: [ '4.0.1' ],
1455 silly audit   estraverse: [ '5.3.0' ],
1455 silly audit   esutils: [ '2.0.3' ],
1455 silly audit   'source-map': [ '0.6.1' ],
1455 silly audit   'end-of-stream': [ '1.4.5', '1.1.0' ],
1455 silly audit   once: [ '1.4.0', '1.3.3' ],
1455 silly audit   wrappy: [ '1.0.2' ],
1455 silly audit   bytes: [ '3.1.0' ],
1455 silly audit   'http-errors': [ '1.7.3' ],
1455 silly audit   'iconv-lite': [ '0.4.24' ],
1455 silly audit   unpipe: [ '1.0.0' ],
1455 silly audit   depd: [ '1.1.2' ],
1455 silly audit   inherits: [ '2.0.4' ],
1455 silly audit   setprototypeof: [ '1.1.1' ],
1455 silly audit   statuses: [ '1.5.0' ],
1455 silly audit   toidentifier: [ '1.0.0' ],
1455 silly audit   'safer-buffer': [ '2.1.2' ],
1455 silly audit   '@oxc-project/types': [ '0.110.0' ],
1455 silly audit   '@rolldown/binding-android-arm64': [ '1.0.0-rc.1' ],
1455 silly audit   '@rolldown/binding-darwin-arm64': [ '1.0.0-rc.1' ],
1455 silly audit   '@rolldown/binding-darwin-x64': [ '1.0.0-rc.1' ],
1455 silly audit   '@rolldown/binding-freebsd-x64': [ '1.0.0-rc.1' ],
1455 silly audit   '@rolldown/binding-linux-arm-gnueabihf': [ '1.0.0-rc.1' ],
1455 silly audit   '@rolldown/binding-linux-arm64-gnu': [ '1.0.0-rc.1' ],
1455 silly audit   '@rolldown/binding-linux-arm64-musl': [ '1.0.0-rc.1' ],
1455 silly audit   '@rolldown/binding-linux-x64-gnu': [ '1.0.0-rc.1' ],
1455 silly audit   '@rolldown/binding-linux-x64-musl': [ '1.0.0-rc.1' ],
1455 silly audit   '@rolldown/binding-openharmony-arm64': [ '1.0.0-rc.1' ],
1455 silly audit   '@rolldown/binding-wasm32-wasi': [ '1.0.0-rc.1' ],
1455 silly audit   '@rolldown/binding-win32-arm64-msvc': [ '1.0.0-rc.1' ],
1455 silly audit   '@rolldown/binding-win32-x64-msvc': [ '1.0.0-rc.1' ],
1455 silly audit   '@rolldown/pluginutils': [ '1.0.0-rc.1' ],
1455 silly audit   'shebang-regex': [ '3.0.0' ],
1455 silly audit   socks: [ '2.8.7' ],
1455 silly audit   'ip-address': [ '10.1.0' ],
1455 silly audit   'smart-buffer': [ '4.2.0' ],
1455 silly audit   'cookie-es': [ '2.0.0' ],
1455 silly audit   'any-promise': [ '1.3.0' ],
1455 silly audit   'stream-to-array': [ '2.3.0' ],
1455 silly audit   '@isaacs/fs-minipass': [ '4.0.1' ],
1455 silly audit   chownr: [ '3.0.0' ],
1455 silly audit   minizlib: [ '3.1.0' ],
1455 silly audit   yallist: [ '5.0.0', '4.0.0' ],
1455 silly audit   'convert-hrtime': [ '3.0.0' ],
1455 silly audit   '@ts-morph/common': [ '0.11.1' ],
1455 silly audit   'code-block-writer': [ '10.1.1' ],
1455 silly audit   'fast-glob': [ '3.3.3' ],
1455 silly audit   mkdirp: [ '1.0.4' ],
1455 silly audit   'path-browserify': [ '1.0.1' ],
1455 silly audit   '@nodelib/fs.stat': [ '2.0.5' ],
1455 silly audit   '@nodelib/fs.walk': [ '1.2.8' ],
1455 silly audit   'glob-parent': [ '5.1.2' ],
1455 silly audit   merge2: [ '1.4.1' ],
1455 silly audit   micromatch: [ '4.0.8' ],
1455 silly audit   '@nodelib/fs.scandir': [ '2.1.5' ],
1455 silly audit   fastq: [ '1.20.1' ],
1455 silly audit   'run-parallel': [ '1.2.0' ],
1455 silly audit   reusify: [ '1.1.0' ],
1455 silly audit   'is-glob': [ '4.0.3' ],
1455 silly audit   'is-extglob': [ '2.1.1' ],
1455 silly audit   braces: [ '3.0.3' ],
1455 silly audit   'fill-range': [ '7.1.1' ],
1455 silly audit   'to-regex-range': [ '5.0.1' ],
1455 silly audit   'queue-microtask': [ '1.2.3' ],
1455 silly audit   'is-number': [ '7.0.0' ],
1455 silly audit   fsevents: [ '2.3.3' ],
1455 silly audit   'get-tsconfig': [ '4.13.6' ],
1455 silly audit   'resolve-pkg-maps': [ '1.0.0' ],
1455 silly audit   punycode: [ '2.3.1' ],
1455 silly audit   tr46: [ '0.0.3' ],
1455 silly audit   'webidl-conversions': [ '3.0.1' ],
1455 silly audit   isexe: [ '2.0.0' ],
1455 silly audit   'xdg-portable': [ '7.3.0' ],
1455 silly audit   'os-paths': [ '4.4.0' ],
1455 silly audit   yauzl: [ '2.10.0' ],
1455 silly audit   'yauzl-clone': [ '1.0.4' ],
1455 silly audit   'buffer-crc32': [ '0.2.13' ],
1455 silly audit   'fd-slicer': [ '1.1.0' ],
1455 silly audit   pend: [ '1.2.0' ],
1455 silly audit   'events-intercept': [ '2.0.0' ],
1455 silly audit   'brace-expansion': [ '1.1.12', '5.0.3' ],
1455 silly audit   'balanced-match': [ '1.0.2', '4.0.4' ],
1455 silly audit   'concat-map': [ '0.0.1' ],
1455 silly audit   '@fastify/busboy': [ '2.1.1' ]
1455 silly audit }
1456 verbose reify failed optional dependency /Users/khavasfayzullaevgmail.com/Documents/test-platform-deploy/.npm-cache/_npx/69f9afb961c37556/node_modules/@rolldown/binding-win32-x64-msvc
1457 silly reify mark deleted [
1457 silly reify   '/Users/khavasfayzullaevgmail.com/Documents/test-platform-deploy/.npm-cache/_npx/69f9afb961c37556/node_modules/@rolldown/binding-win32-x64-msvc'
1457 silly reify ]
1458 verbose reify failed optional dependency /Users/khavasfayzullaevgmail.com/Documents/test-platform-deploy/.npm-cache/_npx/69f9afb961c37556/node_modules/@rolldown/binding-win32-arm64-msvc
1459 silly reify mark deleted [
1459 silly reify   '/Users/khavasfayzullaevgmail.com/Documents/test-platform-deploy/.npm-cache/_npx/69f9afb961c37556/node_modules/@rolldown/binding-win32-arm64-msvc'
1459 silly reify ]
1460 verbose reify failed optional dependency /Users/khavasfayzullaevgmail.com/Documents/test-platform-deploy/.npm-cache/_npx/69f9afb961c37556/node_modules/@rolldown/binding-wasm32-wasi
1461 silly reify mark deleted [
1461 silly reify   '/Users/khavasfayzullaevgmail.com/Documents/test-platform-deploy/.npm-cache/_npx/69f9afb961c37556/node_modules/@rolldown/binding-wasm32-wasi'
1461 silly reify ]
1462 verbose reify failed optional dependency /Users/khavasfayzullaevgmail.com/Documents/test-platform-deploy/.npm-cache/_npx/69f9afb961c37556/node_modules/@rolldown/binding-openharmony-arm64
1463 silly reify mark deleted [
1463 silly reify   '/Users/khavasfayzullaevgmail.com/Documents/test-platform-deploy/.npm-cache/_npx/69f9afb961c37556/node_modules/@rolldown/binding-openharmony-arm64'
1463 silly reify ]
1464 verbose reify failed optional dependency /Users/khavasfayzullaevgmail.com/Documents/test-platform-deploy/.npm-cache/_npx/69f9afb961c37556/node_modules/@rolldown/binding-linux-x64-musl
1465 silly reify mark deleted [
1465 silly reify   '/Users/khavasfayzullaevgmail.com/Documents/test-platform-deploy/.npm-cache/_npx/69f9afb961c37556/node_modules/@rolldown/binding-linux-x64-musl'
1465 silly reify ]
1466 verbose reify failed optional dependency /Users/khavasfayzullaevgmail.com/Documents/test-platform-deploy/.npm-cache/_npx/69f9afb961c37556/node_modules/@rolldown/binding-linux-x64-gnu
1467 silly reify mark deleted [
1467 silly reify   '/Users/khavasfayzullaevgmail.com/Documents/test-platform-deploy/.npm-cache/_npx/69f9afb961c37556/node_modules/@rolldown/binding-linux-x64-gnu'
1467 silly reify ]
1468 verbose reify failed optional dependency /Users/khavasfayzullaevgmail.com/Documents/test-platform-deploy/.npm-cache/_npx/69f9afb961c37556/node_modules/@rolldown/binding-linux-arm64-musl
1469 silly reify mark deleted [
1469 silly reify   '/Users/khavasfayzullaevgmail.com/Documents/test-platform-deploy/.npm-cache/_npx/69f9afb961c37556/node_modules/@rolldown/binding-linux-arm64-musl'
1469 silly reify ]
1470 verbose reify failed optional dependency /Users/khavasfayzullaevgmail.com/Documents/test-platform-deploy/.npm-cache/_npx/69f9afb961c37556/node_modules/@rolldown/binding-linux-arm64-gnu
1471 silly reify mark deleted [
1471 silly reify   '/Users/khavasfayzullaevgmail.com/Documents/test-platform-deploy/.npm-cache/_npx/69f9afb961c37556/node_modules/@rolldown/binding-linux-arm64-gnu'
1471 silly reify ]
1472 verbose reify failed optional dependency /Users/khavasfayzullaevgmail.com/Documents/test-platform-deploy/.npm-cache/_npx/69f9afb961c37556/node_modules/@rolldown/binding-linux-arm-gnueabihf
1473 silly reify mark deleted [
1473 silly reify   '/Users/khavasfayzullaevgmail.com/Documents/test-platform-deploy/.npm-cache/_npx/69f9afb961c37556/node_modules/@rolldown/binding-linux-arm-gnueabihf'
1473 silly reify ]
1474 verbose reify failed optional dependency /Users/khavasfayzullaevgmail.com/Documents/test-platform-deploy/.npm-cache/_npx/69f9afb961c37556/node_modules/@rolldown/binding-freebsd-x64
1475 silly reify mark deleted [
1475 silly reify   '/Users/khavasfayzullaevgmail.com/Documents/test-platform-deploy/.npm-cache/_npx/69f9afb961c37556/node_modules/@rolldown/binding-freebsd-x64'
1475 silly reify ]
1476 verbose reify failed optional dependency /Users/khavasfayzullaevgmail.com/Documents/test-platform-deploy/.npm-cache/_npx/69f9afb961c37556/node_modules/@rolldown/binding-darwin-x64
1477 silly reify mark deleted [
1477 silly reify   '/Users/khavasfayzullaevgmail.com/Documents/test-platform-deploy/.npm-cache/_npx/69f9afb961c37556/node_modules/@rolldown/binding-darwin-x64'
1477 silly reify ]
1478 verbose reify failed optional dependency /Users/khavasfayzullaevgmail.com/Documents/test-platform-deploy/.npm-cache/_npx/69f9afb961c37556/node_modules/@rolldown/binding-darwin-arm64
1479 silly reify mark deleted [
1479 silly reify   '/Users/khavasfayzullaevgmail.com/Documents/test-platform-deploy/.npm-cache/_npx/69f9afb961c37556/node_modules/@rolldown/binding-darwin-arm64'
1479 silly reify ]
1480 verbose reify failed optional dependency /Users/khavasfayzullaevgmail.com/Documents/test-platform-deploy/.npm-cache/_npx/69f9afb961c37556/node_modules/@rolldown/binding-android-arm64
1481 silly reify mark deleted [
1481 silly reify   '/Users/khavasfayzullaevgmail.com/Documents/test-platform-deploy/.npm-cache/_npx/69f9afb961c37556/node_modules/@rolldown/binding-android-arm64'
1481 silly reify ]
1482 verbose reify failed optional dependency /Users/khavasfayzullaevgmail.com/Documents/test-platform-deploy/.npm-cache/_npx/69f9afb961c37556/node_modules/@oxc-transform/binding-win32-x64-msvc
1483 silly reify mark deleted [
1483 silly reify   '/Users/khavasfayzullaevgmail.com/Documents/test-platform-deploy/.npm-cache/_npx/69f9afb961c37556/node_modules/@oxc-transform/binding-win32-x64-msvc'
1483 silly reify ]
1484 verbose reify failed optional dependency /Users/khavasfayzullaevgmail.com/Documents/test-platform-deploy/.npm-cache/_npx/69f9afb961c37556/node_modules/@oxc-transform/binding-win32-ia32-msvc
1485 silly reify mark deleted [
1485 silly reify   '/Users/khavasfayzullaevgmail.com/Documents/test-platform-deploy/.npm-cache/_npx/69f9afb961c37556/node_modules/@oxc-transform/binding-win32-ia32-msvc'
1485 silly reify ]
1486 verbose reify failed optional dependency /Users/khavasfayzullaevgmail.com/Documents/test-platform-deploy/.npm-cache/_npx/69f9afb961c37556/node_modules/@oxc-transform/binding-win32-arm64-msvc
1487 silly reify mark deleted [
1487 silly reify   '/Users/khavasfayzullaevgmail.com/Documents/test-platform-deploy/.npm-cache/_npx/69f9afb961c37556/node_modules/@oxc-transform/binding-win32-arm64-msvc'
1487 silly reify ]
1488 verbose reify failed optional dependency /Users/khavasfayzullaevgmail.com/Documents/test-platform-deploy/.npm-cache/_npx/69f9afb961c37556/node_modules/@oxc-transform/binding-wasm32-wasi
1489 silly reify mark deleted [
1489 silly reify   '/Users/khavasfayzullaevgmail.com/Documents/test-platform-deploy/.npm-cache/_npx/69f9afb961c37556/node_modules/@oxc-transform/binding-wasm32-wasi'
1489 silly reify ]
1490 verbose reify failed optional dependency /Users/khavasfayzullaevgmail.com/Documents/test-platform-deploy/.npm-cache/_npx/69f9afb961c37556/node_modules/@oxc-transform/binding-openharmony-arm64
1491 silly reify mark deleted [
1491 silly reify   '/Users/khavasfayzullaevgmail.com/Documents/test-platform-deploy/.npm-cache/_npx/69f9afb961c37556/node_modules/@oxc-transform/binding-openharmony-arm64'
1491 silly reify ]
1492 verbose reify failed optional dependency /Users/khavasfayzullaevgmail.com/Documents/test-platform-deploy/.npm-cache/_npx/69f9afb961c37556/node_modules/@oxc-transform/binding-linux-x64-musl
1493 silly reify mark deleted [
1493 silly reify   '/Users/khavasfayzullaevgmail.com/Documents/test-platform-deploy/.npm-cache/_npx/69f9afb961c37556/node_modules/@oxc-transform/binding-linux-x64-musl'
1493 silly reify ]
1494 verbose reify failed optional dependency /Users/khavasfayzullaevgmail.com/Documents/test-platform-deploy/.npm-cache/_npx/69f9afb961c37556/node_modules/@oxc-transform/binding-linux-x64-gnu
1495 silly reify mark deleted [
1495 silly reify   '/Users/khavasfayzullaevgmail.com/Documents/test-platform-deploy/.npm-cache/_npx/69f9afb961c37556/node_modules/@oxc-transform/binding-linux-x64-gnu'
1495 silly reify ]
1496 verbose reify failed optional dependency /Users/khavasfayzullaevgmail.com/Documents/test-platform-deploy/.npm-cache/_npx/69f9afb961c37556/node_modules/@oxc-transform/binding-linux-s390x-gnu
1497 silly reify mark deleted [
1497 silly reify   '/Users/khavasfayzullaevgmail.com/Documents/test-platform-deploy/.npm-cache/_npx/69f9afb961c37556/node_modules/@oxc-transform/binding-linux-s390x-gnu'
1497 silly reify ]
1498 verbose reify failed optional dependency /Users/khavasfayzullaevgmail.com/Documents/test-platform-deploy/.npm-cache/_npx/69f9afb961c37556/node_modules/@oxc-transform/binding-linux-riscv64-musl
1499 silly reify mark deleted [
1499 silly reify   '/Users/khavasfayzullaevgmail.com/Documents/test-platform-deploy/.npm-cache/_npx/69f9afb961c37556/node_modules/@oxc-transform/binding-linux-riscv64-musl'
1499 silly reify ]
1500 verbose reify failed optional dependency /Users/khavasfayzullaevgmail.com/Documents/test-platform-deploy/.npm-cache/_npx/69f9afb961c37556/node_modules/@oxc-transform/binding-linux-riscv64-gnu
1501 silly reify mark deleted [
1501 silly reify   '/Users/khavasfayzullaevgmail.com/Documents/test-platform-deploy/.npm-cache/_npx/69f9afb961c37556/node_modules/@oxc-transform/binding-linux-riscv64-gnu'
1501 silly reify ]
1502 verbose reify failed optional dependency /Users/khavasfayzullaevgmail.com/Documents/test-platform-deploy/.npm-cache/_npx/69f9afb961c37556/node_modules/@oxc-transform/binding-linux-ppc64-gnu
1503 silly reify mark deleted [
1503 silly reify   '/Users/khavasfayzullaevgmail.com/Documents/test-platform-deploy/.npm-cache/_npx/69f9afb961c37556/node_modules/@oxc-transform/binding-linux-ppc64-gnu'
1503 silly reify ]
1504 verbose reify failed optional dependency /Users/khavasfayzullaevgmail.com/Documents/test-platform-deploy/.npm-cache/_npx/69f9afb961c37556/node_modules/@oxc-transform/binding-linux-arm64-musl
1505 silly reify mark deleted [
1505 silly reify   '/Users/khavasfayzullaevgmail.com/Documents/test-platform-deploy/.npm-cache/_npx/69f9afb961c37556/node_modules/@oxc-transform/binding-linux-arm64-musl'
1505 silly reify ]
1506 verbose reify failed optional dependency /Users/khavasfayzullaevgmail.com/Documents/test-platform-deploy/.npm-cache/_npx/69f9afb961c37556/node_modules/@oxc-transform/binding-linux-arm64-gnu
1507 silly reify mark deleted [
1507 silly reify   '/Users/khavasfayzullaevgmail.com/Documents/test-platform-deploy/.npm-cache/_npx/69f9afb961c37556/node_modules/@oxc-transform/binding-linux-arm64-gnu'
1507 silly reify ]
1508 verbose reify failed optional dependency /Users/khavasfayzullaevgmail.com/Documents/test-platform-deploy/.npm-cache/_npx/69f9afb961c37556/node_modules/@oxc-transform/binding-linux-arm-musleabihf
1509 silly reify mark deleted [
1509 silly reify   '/Users/khavasfayzullaevgmail.com/Documents/test-platform-deploy/.npm-cache/_npx/69f9afb961c37556/node_modules/@oxc-transform/binding-linux-arm-musleabihf'
1509 silly reify ]
1510 verbose reify failed optional dependency /Users/khavasfayzullaevgmail.com/Documents/test-platform-deploy/.npm-cache/_npx/69f9afb961c37556/node_modules/@oxc-transform/binding-linux-arm-gnueabihf
1511 silly reify mark deleted [
1511 silly reify   '/Users/khavasfayzullaevgmail.com/Documents/test-platform-deploy/.npm-cache/_npx/69f9afb961c37556/node_modules/@oxc-transform/binding-linux-arm-gnueabihf'
1511 silly reify ]
1512 verbose reify failed optional dependency /Users/khavasfayzullaevgmail.com/Documents/test-platform-deploy/.npm-cache/_npx/69f9afb961c37556/node_modules/@oxc-transform/binding-freebsd-x64
1513 silly reify mark deleted [
1513 silly reify   '/Users/khavasfayzullaevgmail.com/Documents/test-platform-deploy/.npm-cache/_npx/69f9afb961c37556/node_modules/@oxc-transform/binding-freebsd-x64'
1513 silly reify ]
1514 verbose reify failed optional dependency /Users/khavasfayzullaevgmail.com/Documents/test-platform-deploy/.npm-cache/_npx/69f9afb961c37556/node_modules/@oxc-transform/binding-darwin-x64
1515 silly reify mark deleted [
1515 silly reify   '/Users/khavasfayzullaevgmail.com/Documents/test-platform-deploy/.npm-cache/_npx/69f9afb961c37556/node_modules/@oxc-transform/binding-darwin-x64'
1515 silly reify ]
1516 verbose reify failed optional dependency /Users/khavasfayzullaevgmail.com/Documents/test-platform-deploy/.npm-cache/_npx/69f9afb961c37556/node_modules/@oxc-transform/binding-darwin-arm64
1517 silly reify mark deleted [
1517 silly reify   '/Users/khavasfayzullaevgmail.com/Documents/test-platform-deploy/.npm-cache/_npx/69f9afb961c37556/node_modules/@oxc-transform/binding-darwin-arm64'
1517 silly reify ]
1518 verbose reify failed optional dependency /Users/khavasfayzullaevgmail.com/Documents/test-platform-deploy/.npm-cache/_npx/69f9afb961c37556/node_modules/@oxc-transform/binding-android-arm64
1519 silly reify mark deleted [
1519 silly reify   '/Users/khavasfayzullaevgmail.com/Documents/test-platform-deploy/.npm-cache/_npx/69f9afb961c37556/node_modules/@oxc-transform/binding-android-arm64'
1519 silly reify ]
1520 verbose reify failed optional dependency /Users/khavasfayzullaevgmail.com/Documents/test-platform-deploy/.npm-cache/_npx/69f9afb961c37556/node_modules/@oxc-transform/binding-android-arm-eabi
1521 silly reify mark deleted [
1521 silly reify   '/Users/khavasfayzullaevgmail.com/Documents/test-platform-deploy/.npm-cache/_npx/69f9afb961c37556/node_modules/@oxc-transform/binding-android-arm-eabi'
1521 silly reify ]
1522 verbose reify failed optional dependency /Users/khavasfayzullaevgmail.com/Documents/test-platform-deploy/.npm-cache/_npx/69f9afb961c37556/node_modules/@esbuild/win32-x64
1523 silly reify mark deleted [
1523 silly reify   '/Users/khavasfayzullaevgmail.com/Documents/test-platform-deploy/.npm-cache/_npx/69f9afb961c37556/node_modules/@esbuild/win32-x64'
1523 silly reify ]
1524 verbose reify failed optional dependency /Users/khavasfayzullaevgmail.com/Documents/test-platform-deploy/.npm-cache/_npx/69f9afb961c37556/node_modules/@esbuild/win32-ia32
1525 silly reify mark deleted [
1525 silly reify   '/Users/khavasfayzullaevgmail.com/Documents/test-platform-deploy/.npm-cache/_npx/69f9afb961c37556/node_modules/@esbuild/win32-ia32'
1525 silly reify ]
1526 verbose reify failed optional dependency /Users/khavasfayzullaevgmail.com/Documents/test-platform-deploy/.npm-cache/_npx/69f9afb961c37556/node_modules/@esbuild/win32-arm64
1527 silly reify mark deleted [
1527 silly reify   '/Users/khavasfayzullaevgmail.com/Documents/test-platform-deploy/.npm-cache/_npx/69f9afb961c37556/node_modules/@esbuild/win32-arm64'
1527 silly reify ]
1528 verbose reify failed optional dependency /Users/khavasfayzullaevgmail.com/Documents/test-platform-deploy/.npm-cache/_npx/69f9afb961c37556/node_modules/@esbuild/sunos-x64
1529 silly reify mark deleted [
1529 silly reify   '/Users/khavasfayzullaevgmail.com/Documents/test-platform-deploy/.npm-cache/_npx/69f9afb961c37556/node_modules/@esbuild/sunos-x64'
1529 silly reify ]
1530 verbose reify failed optional dependency /Users/khavasfayzullaevgmail.com/Documents/test-platform-deploy/.npm-cache/_npx/69f9afb961c37556/node_modules/@esbuild/openharmony-arm64
1531 silly reify mark deleted [
1531 silly reify   '/Users/khavasfayzullaevgmail.com/Documents/test-platform-deploy/.npm-cache/_npx/69f9afb961c37556/node_modules/@esbuild/openharmony-arm64'
1531 silly reify ]
1532 verbose reify failed optional dependency /Users/khavasfayzullaevgmail.com/Documents/test-platform-deploy/.npm-cache/_npx/69f9afb961c37556/node_modules/@esbuild/openbsd-x64
1533 silly reify mark deleted [
1533 silly reify   '/Users/khavasfayzullaevgmail.com/Documents/test-platform-deploy/.npm-cache/_npx/69f9afb961c37556/node_modules/@esbuild/openbsd-x64'
1533 silly reify ]
1534 verbose reify failed optional dependency /Users/khavasfayzullaevgmail.com/Documents/test-platform-deploy/.npm-cache/_npx/69f9afb961c37556/node_modules/@esbuild/openbsd-arm64
1535 silly reify mark deleted [
1535 silly reify   '/Users/khavasfayzullaevgmail.com/Documents/test-platform-deploy/.npm-cache/_npx/69f9afb961c37556/node_modules/@esbuild/openbsd-arm64'
1535 silly reify ]
1536 verbose reify failed optional dependency /Users/khavasfayzullaevgmail.com/Documents/test-platform-deploy/.npm-cache/_npx/69f9afb961c37556/node_modules/@esbuild/netbsd-x64
1537 silly reify mark deleted [
1537 silly reify   '/Users/khavasfayzullaevgmail.com/Documents/test-platform-deploy/.npm-cache/_npx/69f9afb961c37556/node_modules/@esbuild/netbsd-x64'
1537 silly reify ]
1538 verbose reify failed optional dependency /Users/khavasfayzullaevgmail.com/Documents/test-platform-deploy/.npm-cache/_npx/69f9afb961c37556/node_modules/@esbuild/netbsd-arm64
1539 silly reify mark deleted [
1539 silly reify   '/Users/khavasfayzullaevgmail.com/Documents/test-platform-deploy/.npm-cache/_npx/69f9afb961c37556/node_modules/@esbuild/netbsd-arm64'
1539 silly reify ]
1540 verbose reify failed optional dependency /Users/khavasfayzullaevgmail.com/Documents/test-platform-deploy/.npm-cache/_npx/69f9afb961c37556/node_modules/@esbuild/linux-x64
1541 silly reify mark deleted [
1541 silly reify   '/Users/khavasfayzullaevgmail.com/Documents/test-platform-deploy/.npm-cache/_npx/69f9afb961c37556/node_modules/@esbuild/linux-x64'
1541 silly reify ]
1542 verbose reify failed optional dependency /Users/khavasfayzullaevgmail.com/Documents/test-platform-deploy/.npm-cache/_npx/69f9afb961c37556/node_modules/@esbuild/linux-s390x
1543 silly reify mark deleted [
1543 silly reify   '/Users/khavasfayzullaevgmail.com/Documents/test-platform-deploy/.npm-cache/_npx/69f9afb961c37556/node_modules/@esbuild/linux-s390x'
1543 silly reify ]
1544 verbose reify failed optional dependency /Users/khavasfayzullaevgmail.com/Documents/test-platform-deploy/.npm-cache/_npx/69f9afb961c37556/node_modules/@esbuild/linux-riscv64
1545 silly reify mark deleted [
1545 silly reify   '/Users/khavasfayzullaevgmail.com/Documents/test-platform-deploy/.npm-cache/_npx/69f9afb961c37556/node_modules/@esbuild/linux-riscv64'
1545 silly reify ]
1546 verbose reify failed optional dependency /Users/khavasfayzullaevgmail.com/Documents/test-platform-deploy/.npm-cache/_npx/69f9afb961c37556/node_modules/@esbuild/linux-ppc64
1547 silly reify mark deleted [
1547 silly reify   '/Users/khavasfayzullaevgmail.com/Documents/test-platform-deploy/.npm-cache/_npx/69f9afb961c37556/node_modules/@esbuild/linux-ppc64'
1547 silly reify ]
1548 verbose reify failed optional dependency /Users/khavasfayzullaevgmail.com/Documents/test-platform-deploy/.npm-cache/_npx/69f9afb961c37556/node_modules/@esbuild/linux-mips64el
1549 silly reify mark deleted [
1549 silly reify   '/Users/khavasfayzullaevgmail.com/Documents/test-platform-deploy/.npm-cache/_npx/69f9afb961c37556/node_modules/@esbuild/linux-mips64el'
1549 silly reify ]
1550 verbose reify failed optional dependency /Users/khavasfayzullaevgmail.com/Documents/test-platform-deploy/.npm-cache/_npx/69f9afb961c37556/node_modules/@esbuild/linux-loong64
1551 silly reify mark deleted [
1551 silly reify   '/Users/khavasfayzullaevgmail.com/Documents/test-platform-deploy/.npm-cache/_npx/69f9afb961c37556/node_modules/@esbuild/linux-loong64'
1551 silly reify ]
1552 verbose reify failed optional dependency /Users/khavasfayzullaevgmail.com/Documents/test-platform-deploy/.npm-cache/_npx/69f9afb961c37556/node_modules/@esbuild/linux-ia32
1553 silly reify mark deleted [
1553 silly reify   '/Users/khavasfayzullaevgmail.com/Documents/test-platform-deploy/.npm-cache/_npx/69f9afb961c37556/node_modules/@esbuild/linux-ia32'
1553 silly reify ]
1554 verbose reify failed optional dependency /Users/khavasfayzullaevgmail.com/Documents/test-platform-deploy/.npm-cache/_npx/69f9afb961c37556/node_modules/@esbuild/linux-arm64
1555 silly reify mark deleted [
1555 silly reify   '/Users/khavasfayzullaevgmail.com/Documents/test-platform-deploy/.npm-cache/_npx/69f9afb961c37556/node_modules/@esbuild/linux-arm64'
1555 silly reify ]
1556 verbose reify failed optional dependency /Users/khavasfayzullaevgmail.com/Documents/test-platform-deploy/.npm-cache/_npx/69f9afb961c37556/node_modules/@esbuild/linux-arm
1557 silly reify mark deleted [
1557 silly reify   '/Users/khavasfayzullaevgmail.com/Documents/test-platform-deploy/.npm-cache/_npx/69f9afb961c37556/node_modules/@esbuild/linux-arm'
1557 silly reify ]
1558 verbose reify failed optional dependency /Users/khavasfayzullaevgmail.com/Documents/test-platform-deploy/.npm-cache/_npx/69f9afb961c37556/node_modules/@esbuild/freebsd-x64
1559 silly reify mark deleted [
1559 silly reify   '/Users/khavasfayzullaevgmail.com/Documents/test-platform-deploy/.npm-cache/_npx/69f9afb961c37556/node_modules/@esbuild/freebsd-x64'
1559 silly reify ]
1560 verbose reify failed optional dependency /Users/khavasfayzullaevgmail.com/Documents/test-platform-deploy/.npm-cache/_npx/69f9afb961c37556/node_modules/@esbuild/freebsd-arm64
1561 silly reify mark deleted [
1561 silly reify   '/Users/khavasfayzullaevgmail.com/Documents/test-platform-deploy/.npm-cache/_npx/69f9afb961c37556/node_modules/@esbuild/freebsd-arm64'
1561 silly reify ]
1562 verbose reify failed optional dependency /Users/khavasfayzullaevgmail.com/Documents/test-platform-deploy/.npm-cache/_npx/69f9afb961c37556/node_modules/@esbuild/darwin-x64
1563 silly reify mark deleted [
1563 silly reify   '/Users/khavasfayzullaevgmail.com/Documents/test-platform-deploy/.npm-cache/_npx/69f9afb961c37556/node_modules/@esbuild/darwin-x64'
1563 silly reify ]
1564 verbose reify failed optional dependency /Users/khavasfayzullaevgmail.com/Documents/test-platform-deploy/.npm-cache/_npx/69f9afb961c37556/node_modules/@esbuild/android-x64
1565 silly reify mark deleted [
1565 silly reify   '/Users/khavasfayzullaevgmail.com/Documents/test-platform-deploy/.npm-cache/_npx/69f9afb961c37556/node_modules/@esbuild/android-x64'
1565 silly reify ]
1566 verbose reify failed optional dependency /Users/khavasfayzullaevgmail.com/Documents/test-platform-deploy/.npm-cache/_npx/69f9afb961c37556/node_modules/@esbuild/android-arm64
1567 silly reify mark deleted [
1567 silly reify   '/Users/khavasfayzullaevgmail.com/Documents/test-platform-deploy/.npm-cache/_npx/69f9afb961c37556/node_modules/@esbuild/android-arm64'
1567 silly reify ]
1568 verbose reify failed optional dependency /Users/khavasfayzullaevgmail.com/Documents/test-platform-deploy/.npm-cache/_npx/69f9afb961c37556/node_modules/@esbuild/android-arm
1569 silly reify mark deleted [
1569 silly reify   '/Users/khavasfayzullaevgmail.com/Documents/test-platform-deploy/.npm-cache/_npx/69f9afb961c37556/node_modules/@esbuild/android-arm'
1569 silly reify ]
1570 verbose reify failed optional dependency /Users/khavasfayzullaevgmail.com/Documents/test-platform-deploy/.npm-cache/_npx/69f9afb961c37556/node_modules/@esbuild/aix-ppc64
1571 silly reify mark deleted [
1571 silly reify   '/Users/khavasfayzullaevgmail.com/Documents/test-platform-deploy/.npm-cache/_npx/69f9afb961c37556/node_modules/@esbuild/aix-ppc64'
1571 silly reify ]
1572 timing reifyNode:node_modules/@rolldown/binding-win32-x64-msvc Completed in 40ms
1573 timing reifyNode:node_modules/@rolldown/binding-win32-arm64-msvc Completed in 40ms
1574 timing reifyNode:node_modules/@rolldown/binding-wasm32-wasi Completed in 41ms
1575 timing reifyNode:node_modules/@rolldown/binding-openharmony-arm64 Completed in 41ms
1576 timing reifyNode:node_modules/@rolldown/binding-linux-x64-musl Completed in 41ms
1577 timing reifyNode:node_modules/@rolldown/binding-linux-x64-gnu Completed in 41ms
1578 timing reifyNode:node_modules/@rolldown/binding-linux-arm64-musl Completed in 41ms
1579 timing reifyNode:node_modules/@rolldown/binding-linux-arm64-gnu Completed in 41ms
1580 timing reifyNode:node_modules/@rolldown/binding-linux-arm-gnueabihf Completed in 41ms
1581 timing reifyNode:node_modules/@rolldown/binding-freebsd-x64 Completed in 41ms
1582 timing reifyNode:node_modules/@rolldown/binding-darwin-x64 Completed in 41ms
1583 timing reifyNode:node_modules/@rolldown/binding-darwin-arm64 Completed in 41ms
1584 timing reifyNode:node_modules/@rolldown/binding-android-arm64 Completed in 41ms
1585 timing reifyNode:node_modules/@oxc-transform/binding-win32-x64-msvc Completed in 39ms
1586 timing reifyNode:node_modules/@oxc-transform/binding-win32-ia32-msvc Completed in 40ms
1587 timing reifyNode:node_modules/@oxc-transform/binding-win32-arm64-msvc Completed in 39ms
1588 timing reifyNode:node_modules/@oxc-transform/binding-wasm32-wasi Completed in 39ms
1589 timing reifyNode:node_modules/@oxc-transform/binding-openharmony-arm64 Completed in 39ms
1590 timing reifyNode:node_modules/@oxc-transform/binding-linux-x64-musl Completed in 39ms
1591 timing reifyNode:node_modules/@oxc-transform/binding-linux-x64-gnu Completed in 39ms
1592 timing reifyNode:node_modules/@oxc-transform/binding-linux-s390x-gnu Completed in 39ms
1593 timing reifyNode:node_modules/@oxc-transform/binding-linux-riscv64-musl Completed in 39ms
1594 timing reifyNode:node_modules/@oxc-transform/binding-linux-riscv64-gnu Completed in 39ms
1595 timing reifyNode:node_modules/@oxc-transform/binding-linux-ppc64-gnu Completed in 39ms
1596 timing reifyNode:node_modules/@oxc-transform/binding-linux-arm64-musl Completed in 39ms
1597 timing reifyNode:node_modules/@oxc-transform/binding-linux-arm64-gnu Completed in 39ms
1598 timing reifyNode:node_modules/@oxc-transform/binding-linux-arm-musleabihf Completed in 39ms
1599 timing reifyNode:node_modules/@oxc-transform/binding-linux-arm-gnueabihf Completed in 39ms
1600 timing reifyNode:node_modules/@oxc-transform/binding-freebsd-x64 Completed in 39ms
1601 timing reifyNode:node_modules/@oxc-transform/binding-darwin-x64 Completed in 37ms
1602 timing reifyNode:node_modules/@oxc-transform/binding-darwin-arm64 Completed in 37ms
1603 timing reifyNode:node_modules/@oxc-transform/binding-android-arm64 Completed in 37ms
1604 timing reifyNode:node_modules/@oxc-transform/binding-android-arm-eabi Completed in 38ms
1605 timing reifyNode:node_modules/@esbuild/win32-x64 Completed in 36ms
1606 timing reifyNode:node_modules/@esbuild/win32-ia32 Completed in 36ms
1607 timing reifyNode:node_modules/@esbuild/win32-arm64 Completed in 36ms
1608 timing reifyNode:node_modules/@esbuild/sunos-x64 Completed in 36ms
1609 timing reifyNode:node_modules/@esbuild/openharmony-arm64 Completed in 35ms
1610 timing reifyNode:node_modules/@esbuild/openbsd-x64 Completed in 35ms
1611 timing reifyNode:node_modules/@esbuild/openbsd-arm64 Completed in 35ms
1612 timing reifyNode:node_modules/@esbuild/netbsd-x64 Completed in 35ms
1613 timing reifyNode:node_modules/@esbuild/netbsd-arm64 Completed in 35ms
1614 timing reifyNode:node_modules/@esbuild/linux-x64 Completed in 35ms
1615 timing reifyNode:node_modules/@esbuild/linux-s390x Completed in 35ms
1616 timing reifyNode:node_modules/@esbuild/linux-riscv64 Completed in 35ms
1617 timing reifyNode:node_modules/@esbuild/linux-ppc64 Completed in 35ms
1618 timing reifyNode:node_modules/@esbuild/linux-mips64el Completed in 35ms
1619 timing reifyNode:node_modules/@esbuild/linux-loong64 Completed in 35ms
1620 timing reifyNode:node_modules/@esbuild/linux-ia32 Completed in 35ms
1621 timing reifyNode:node_modules/@esbuild/linux-arm64 Completed in 35ms
1622 timing reifyNode:node_modules/@esbuild/linux-arm Completed in 35ms
1623 timing reifyNode:node_modules/@esbuild/freebsd-x64 Completed in 35ms
1624 timing reifyNode:node_modules/@esbuild/freebsd-arm64 Completed in 35ms
1625 timing reifyNode:node_modules/@esbuild/darwin-x64 Completed in 36ms
1626 timing reifyNode:node_modules/@esbuild/android-x64 Completed in 36ms
1627 timing reifyNode:node_modules/@esbuild/android-arm64 Completed in 36ms
1628 timing reifyNode:node_modules/@esbuild/android-arm Completed in 36ms
1629 timing reifyNode:node_modules/@esbuild/aix-ppc64 Completed in 36ms
1630 silly tarball no local data for @fastify/busboy@https://registry.npmjs.org/@fastify/busboy/-/busboy-2.1.1.tgz. Extracting by manifest.
1631 silly tarball no local data for balanced-match@https://registry.npmjs.org/balanced-match/-/balanced-match-1.0.2.tgz. Extracting by manifest.
1632 silly tarball no local data for brace-expansion@https://registry.npmjs.org/brace-expansion/-/brace-expansion-1.1.12.tgz. Extracting by manifest.
1633 silly tarball no local data for events-intercept@https://registry.npmjs.org/events-intercept/-/events-intercept-2.0.0.tgz. Extracting by manifest.
1634 silly tarball no local data for concat-map@https://registry.npmjs.org/concat-map/-/concat-map-0.0.1.tgz. Extracting by manifest.
1635 silly tarball no local data for fd-slicer@https://registry.npmjs.org/fd-slicer/-/fd-slicer-1.1.0.tgz. Extracting by manifest.
1636 silly tarball no local data for buffer-crc32@https://registry.npmjs.org/buffer-crc32/-/buffer-crc32-0.2.13.tgz. Extracting by manifest.
1637 silly tarball no local data for pend@https://registry.npmjs.org/pend/-/pend-1.2.0.tgz. Extracting by manifest.
1638 silly tarball no local data for yauzl@https://registry.npmjs.org/yauzl/-/yauzl-2.10.0.tgz. Extracting by manifest.
1639 silly tarball no local data for yauzl-clone@https://registry.npmjs.org/yauzl-clone/-/yauzl-clone-1.0.4.tgz. Extracting by manifest.
1640 silly tarball no local data for os-paths@https://registry.npmjs.org/os-paths/-/os-paths-4.4.0.tgz. Extracting by manifest.
1641 silly tarball no local data for xdg-portable@https://registry.npmjs.org/xdg-portable/-/xdg-portable-7.3.0.tgz. Extracting by manifest.
1642 silly tarball no local data for webidl-conversions@https://registry.npmjs.org/webidl-conversions/-/webidl-conversions-3.0.1.tgz. Extracting by manifest.
1643 silly tarball no local data for tr46@https://registry.npmjs.org/tr46/-/tr46-0.0.3.tgz. Extracting by manifest.
1644 silly tarball no local data for isexe@https://registry.npmjs.org/isexe/-/isexe-2.0.0.tgz. Extracting by manifest.
1645 silly tarball no local data for get-tsconfig@https://registry.npmjs.org/get-tsconfig/-/get-tsconfig-4.13.6.tgz. Extracting by manifest.
1646 silly tarball no local data for punycode@https://registry.npmjs.org/punycode/-/punycode-2.3.1.tgz. Extracting by manifest.
1647 silly tarball no local data for queue-microtask@https://registry.npmjs.org/queue-microtask/-/queue-microtask-1.2.3.tgz. Extracting by manifest.
1648 silly tarball no local data for resolve-pkg-maps@https://registry.npmjs.org/resolve-pkg-maps/-/resolve-pkg-maps-1.0.0.tgz. Extracting by manifest.
1649 silly tarball no local data for fsevents@https://registry.npmjs.org/fsevents/-/fsevents-2.3.3.tgz. Extracting by manifest.
1650 silly tarball no local data for is-number@https://registry.npmjs.org/is-number/-/is-number-7.0.0.tgz. Extracting by manifest.
1651 silly tarball no local data for to-regex-range@https://registry.npmjs.org/to-regex-range/-/to-regex-range-5.0.1.tgz. Extracting by manifest.
1652 silly tarball no local data for fill-range@https://registry.npmjs.org/fill-range/-/fill-range-7.1.1.tgz. Extracting by manifest.
1653 silly tarball no local data for is-extglob@https://registry.npmjs.org/is-extglob/-/is-extglob-2.1.1.tgz. Extracting by manifest.
1654 silly tarball no local data for is-glob@https://registry.npmjs.org/is-glob/-/is-glob-4.0.3.tgz. Extracting by manifest.
1655 silly tarball no local data for braces@https://registry.npmjs.org/braces/-/braces-3.0.3.tgz. Extracting by manifest.
1656 silly tarball no local data for run-parallel@https://registry.npmjs.org/run-parallel/-/run-parallel-1.2.0.tgz. Extracting by manifest.
1657 silly tarball no local data for @nodelib/fs.scandir@https://registry.npmjs.org/@nodelib/fs.scandir/-/fs.scandir-2.1.5.tgz. Extracting by manifest.
1658 silly tarball no local data for micromatch@https://registry.npmjs.org/micromatch/-/micromatch-4.0.8.tgz. Extracting by manifest.
1659 silly tarball no local data for merge2@https://registry.npmjs.org/merge2/-/merge2-1.4.1.tgz. Extracting by manifest.
1660 silly tarball no local data for @nodelib/fs.walk@https://registry.npmjs.org/@nodelib/fs.walk/-/fs.walk-1.2.8.tgz. Extracting by manifest.
1661 silly tarball no local data for @nodelib/fs.stat@https://registry.npmjs.org/@nodelib/fs.stat/-/fs.stat-2.0.5.tgz. Extracting by manifest.
1662 silly tarball no local data for path-browserify@https://registry.npmjs.org/path-browserify/-/path-browserify-1.0.1.tgz. Extracting by manifest.
1663 silly tarball no local data for glob-parent@https://registry.npmjs.org/glob-parent/-/glob-parent-5.1.2.tgz. Extracting by manifest.
1664 silly tarball no local data for mkdirp@https://registry.npmjs.org/mkdirp/-/mkdirp-1.0.4.tgz. Extracting by manifest.
1665 silly tarball no local data for fastq@https://registry.npmjs.org/fastq/-/fastq-1.20.1.tgz. Extracting by manifest.
1666 silly tarball no local data for fast-glob@https://registry.npmjs.org/fast-glob/-/fast-glob-3.3.3.tgz. Extracting by manifest.
1667 silly tarball no local data for convert-hrtime@https://registry.npmjs.org/convert-hrtime/-/convert-hrtime-3.0.0.tgz. Extracting by manifest.
1668 silly tarball no local data for code-block-writer@https://registry.npmjs.org/code-block-writer/-/code-block-writer-10.1.1.tgz. Extracting by manifest.
1669 silly tarball no local data for @ts-morph/common@https://registry.npmjs.org/@ts-morph/common/-/common-0.11.1.tgz. Extracting by manifest.
1670 silly tarball no local data for reusify@https://registry.npmjs.org/reusify/-/reusify-1.1.0.tgz. Extracting by manifest.
1671 silly tarball no local data for yallist@https://registry.npmjs.org/yallist/-/yallist-5.0.0.tgz. Extracting by manifest.
1672 silly tarball no local data for minizlib@https://registry.npmjs.org/minizlib/-/minizlib-3.1.0.tgz. Extracting by manifest.
1673 silly tarball no local data for stream-to-array@https://registry.npmjs.org/stream-to-array/-/stream-to-array-2.3.0.tgz. Extracting by manifest.
1674 silly tarball no local data for cookie-es@https://registry.npmjs.org/cookie-es/-/cookie-es-2.0.0.tgz. Extracting by manifest.
1675 silly tarball no local data for any-promise@https://registry.npmjs.org/any-promise/-/any-promise-1.3.0.tgz. Extracting by manifest.
1676 silly tarball no local data for smart-buffer@https://registry.npmjs.org/smart-buffer/-/smart-buffer-4.2.0.tgz. Extracting by manifest.
1677 silly tarball no local data for socks@https://registry.npmjs.org/socks/-/socks-2.8.7.tgz. Extracting by manifest.
1678 silly tarball no local data for chownr@https://registry.npmjs.org/chownr/-/chownr-3.0.0.tgz. Extracting by manifest.
1679 silly tarball no local data for @rolldown/pluginutils@https://registry.npmjs.org/@rolldown/pluginutils/-/pluginutils-1.0.0-rc.1.tgz. Extracting by manifest.
1680 silly tarball no local data for @oxc-project/types@https://registry.npmjs.org/@oxc-project/types/-/types-0.110.0.tgz. Extracting by manifest.
1681 silly tarball no local data for shebang-regex@https://registry.npmjs.org/shebang-regex/-/shebang-regex-3.0.0.tgz. Extracting by manifest.
1682 silly tarball no local data for safer-buffer@https://registry.npmjs.org/safer-buffer/-/safer-buffer-2.1.2.tgz. Extracting by manifest.
1683 silly tarball no local data for @isaacs/fs-minipass@https://registry.npmjs.org/@isaacs/fs-minipass/-/fs-minipass-4.0.1.tgz. Extracting by manifest.
1684 silly tarball no local data for setprototypeof@https://registry.npmjs.org/setprototypeof/-/setprototypeof-1.1.1.tgz. Extracting by manifest.
1685 silly tarball no local data for statuses@https://registry.npmjs.org/statuses/-/statuses-1.5.0.tgz. Extracting by manifest.
1686 silly tarball no local data for toidentifier@https://registry.npmjs.org/toidentifier/-/toidentifier-1.0.0.tgz. Extracting by manifest.
1687 silly tarball no local data for inherits@https://registry.npmjs.org/inherits/-/inherits-2.0.4.tgz. Extracting by manifest.
1688 silly tarball no local data for depd@https://registry.npmjs.org/depd/-/depd-1.1.2.tgz. Extracting by manifest.
1689 silly tarball no local data for iconv-lite@https://registry.npmjs.org/iconv-lite/-/iconv-lite-0.4.24.tgz. Extracting by manifest.
1690 silly tarball no local data for http-errors@https://registry.npmjs.org/http-errors/-/http-errors-1.7.3.tgz. Extracting by manifest.
1691 silly tarball no local data for unpipe@https://registry.npmjs.org/unpipe/-/unpipe-1.0.0.tgz. Extracting by manifest.
1692 silly tarball no local data for wrappy@https://registry.npmjs.org/wrappy/-/wrappy-1.0.2.tgz. Extracting by manifest.
1693 silly tarball no local data for bytes@https://registry.npmjs.org/bytes/-/bytes-3.1.0.tgz. Extracting by manifest.
1694 silly tarball no local data for once@https://registry.npmjs.org/once/-/once-1.4.0.tgz. Extracting by manifest.
1695 silly tarball no local data for source-map@https://registry.npmjs.org/source-map/-/source-map-0.6.1.tgz. Extracting by manifest.
1696 silly tarball no local data for esutils@https://registry.npmjs.org/esutils/-/esutils-2.0.3.tgz. Extracting by manifest.
1697 silly tarball no local data for estraverse@https://registry.npmjs.org/estraverse/-/estraverse-5.3.0.tgz. Extracting by manifest.
1698 silly tarball no local data for escodegen@https://registry.npmjs.org/escodegen/-/escodegen-2.1.0.tgz. Extracting by manifest.
1699 silly tarball no local data for esprima@https://registry.npmjs.org/esprima/-/esprima-4.0.1.tgz. Extracting by manifest.
1700 silly tarball no local data for degenerator@https://registry.npmjs.org/degenerator/-/degenerator-5.0.1.tgz. Extracting by manifest.
1701 silly tarball no local data for data-uri-to-buffer@https://registry.npmjs.org/data-uri-to-buffer/-/data-uri-to-buffer-6.0.2.tgz. Extracting by manifest.
1702 silly tarball no local data for ast-types@https://registry.npmjs.org/ast-types/-/ast-types-0.13.4.tgz. Extracting by manifest.
1703 silly tarball no local data for netmask@https://registry.npmjs.org/netmask/-/netmask-2.0.2.tgz. Extracting by manifest.
1704 silly tarball no local data for ip-address@https://registry.npmjs.org/ip-address/-/ip-address-10.1.0.tgz. Extracting by manifest.
1705 silly tarball no local data for pac-resolver@https://registry.npmjs.org/pac-resolver/-/pac-resolver-7.0.1.tgz. Extracting by manifest.
1706 silly tarball no local data for basic-ftp@https://registry.npmjs.org/basic-ftp/-/basic-ftp-5.2.0.tgz. Extracting by manifest.
1707 silly tarball no local data for socks-proxy-agent@https://registry.npmjs.org/socks-proxy-agent/-/socks-proxy-agent-8.0.5.tgz. Extracting by manifest.
1708 silly tarball no local data for @tootallnate/quickjs-emscripten@https://registry.npmjs.org/@tootallnate/quickjs-emscripten/-/quickjs-emscripten-0.23.0.tgz. Extracting by manifest.
1709 silly tarball no local data for get-uri@https://registry.npmjs.org/get-uri/-/get-uri-6.0.5.tgz. Extracting by manifest.
1710 silly tarball no local data for pac-proxy-agent@https://registry.npmjs.org/pac-proxy-agent/-/pac-proxy-agent-7.2.0.tgz. Extracting by manifest.
1711 silly tarball no local data for http-proxy-agent@https://registry.npmjs.org/http-proxy-agent/-/http-proxy-agent-7.0.2.tgz. Extracting by manifest.
1712 silly tarball no local data for end-of-stream@https://registry.npmjs.org/end-of-stream/-/end-of-stream-1.4.5.tgz. Extracting by manifest.
1713 silly tarball no local data for parse-ms@https://registry.npmjs.org/parse-ms/-/parse-ms-2.1.0.tgz. Extracting by manifest.
1714 silly tarball no local data for proxy-from-env@https://registry.npmjs.org/proxy-from-env/-/proxy-from-env-1.1.0.tgz. Extracting by manifest.
1715 silly tarball no local data for lru-cache@https://registry.npmjs.org/lru-cache/-/lru-cache-11.2.6.tgz. Extracting by manifest.
1716 silly tarball no local data for tslib@https://registry.npmjs.org/tslib/-/tslib-2.8.1.tgz. Extracting by manifest.
1717 silly tarball no local data for @emnapi/core@https://registry.npmjs.org/@emnapi/core/-/core-1.8.1.tgz. Extracting by manifest.
1718 silly tarball no local data for @emnapi/runtime@https://registry.npmjs.org/@emnapi/runtime/-/runtime-1.8.1.tgz. Extracting by manifest.
1719 silly tarball no local data for @emnapi/wasi-threads@https://registry.npmjs.org/@emnapi/wasi-threads/-/wasi-threads-1.1.0.tgz. Extracting by manifest.
1720 silly tarball no local data for ohm-js@https://registry.npmjs.org/ohm-js/-/ohm-js-17.5.0.tgz. Extracting by manifest.
1721 silly tarball no local data for @tybys/wasm-util@https://registry.npmjs.org/@tybys/wasm-util/-/wasm-util-0.10.1.tgz. Extracting by manifest.
1722 silly tarball no local data for @napi-rs/wasm-runtime@https://registry.npmjs.org/@napi-rs/wasm-runtime/-/wasm-runtime-1.1.1.tgz. Extracting by manifest.
1723 silly tarball no local data for @isaacs/balanced-match@https://registry.npmjs.org/@isaacs/balanced-match/-/balanced-match-4.0.1.tgz. Extracting by manifest.
1724 silly tarball no local data for mimic-fn@https://registry.npmjs.org/mimic-fn/-/mimic-fn-2.1.0.tgz. Extracting by manifest.
1725 silly tarball no local data for abbrev@https://registry.npmjs.org/abbrev/-/abbrev-3.0.1.tgz. Extracting by manifest.
1726 silly tarball no local data for mime-db@https://registry.npmjs.org/mime-db/-/mime-db-1.52.0.tgz. Extracting by manifest.
1727 silly tarball no local data for arg@https://registry.npmjs.org/arg/-/arg-4.1.0.tgz. Extracting by manifest.
1728 silly tarball no local data for raw-body@https://registry.npmjs.org/raw-body/-/raw-body-2.4.1.tgz. Extracting by manifest.
1729 silly tarball no local data for @isaacs/brace-expansion@https://registry.npmjs.org/@isaacs/brace-expansion/-/brace-expansion-5.0.1.tgz. Extracting by manifest.
1730 silly tarball no local data for whatwg-url@https://registry.npmjs.org/whatwg-url/-/whatwg-url-5.0.0.tgz. Extracting by manifest.
1731 silly tarball no local data for content-type@https://registry.npmjs.org/content-type/-/content-type-1.0.4.tgz. Extracting by manifest.
1732 silly tarball no local data for argparse@https://registry.npmjs.org/argparse/-/argparse-2.0.1.tgz. Extracting by manifest.
1733 silly tarball no local data for path-scurry@https://registry.npmjs.org/path-scurry/-/path-scurry-2.0.2.tgz. Extracting by manifest.
1734 silly tarball no local data for minipass@https://registry.npmjs.org/minipass/-/minipass-7.1.3.tgz. Extracting by manifest.
1735 silly tarball no local data for pump@https://registry.npmjs.org/pump/-/pump-3.0.3.tgz. Extracting by manifest.
1736 silly tarball no local data for @types/json-schema@https://registry.npmjs.org/@types/json-schema/-/json-schema-7.0.15.tgz. Extracting by manifest.
1737 silly tarball no local data for dunder-proto@https://registry.npmjs.org/dunder-proto/-/dunder-proto-1.0.1.tgz. Extracting by manifest.
1738 silly tarball no local data for ts-toolbelt@https://registry.npmjs.org/ts-toolbelt/-/ts-toolbelt-6.15.5.tgz. Extracting by manifest.
1739 silly tarball no local data for agent-base@https://registry.npmjs.org/agent-base/-/agent-base-7.1.4.tgz. Extracting by manifest.
1740 silly tarball no local data for math-intrinsics@https://registry.npmjs.org/math-intrinsics/-/math-intrinsics-1.1.0.tgz. Extracting by manifest.
1741 silly tarball no local data for has-symbols@https://registry.npmjs.org/has-symbols/-/has-symbols-1.1.0.tgz. Extracting by manifest.
1742 silly tarball no local data for gopd@https://registry.npmjs.org/gopd/-/gopd-1.2.0.tgz. Extracting by manifest.
1743 silly tarball no local data for get-proto@https://registry.npmjs.org/get-proto/-/get-proto-1.0.1.tgz. Extracting by manifest.
1744 silly tarball no local data for es-object-atoms@https://registry.npmjs.org/es-object-atoms/-/es-object-atoms-1.1.1.tgz. Extracting by manifest.
1745 silly tarball no local data for call-bind-apply-helpers@https://registry.npmjs.org/call-bind-apply-helpers/-/call-bind-apply-helpers-1.0.2.tgz. Extracting by manifest.
1746 silly tarball no local data for function-bind@https://registry.npmjs.org/function-bind/-/function-bind-1.1.2.tgz. Extracting by manifest.
1747 silly tarball no local data for universalify@https://registry.npmjs.org/universalify/-/universalify-2.0.1.tgz. Extracting by manifest.
1748 silly tarball no local data for has-tostringtag@https://registry.npmjs.org/has-tostringtag/-/has-tostringtag-1.0.2.tgz. Extracting by manifest.
1749 silly tarball no local data for es-define-property@https://registry.npmjs.org/es-define-property/-/es-define-property-1.0.1.tgz. Extracting by manifest.
1750 silly tarball no local data for delayed-stream@https://registry.npmjs.org/delayed-stream/-/delayed-stream-1.0.0.tgz. Extracting by manifest.
1751 silly tarball no local data for es-errors@https://registry.npmjs.org/es-errors/-/es-errors-1.3.0.tgz. Extracting by manifest.
1752 silly tarball no local data for hasown@https://registry.npmjs.org/hasown/-/hasown-2.0.2.tgz. Extracting by manifest.
1753 silly tarball no local data for jsonfile@https://registry.npmjs.org/jsonfile/-/jsonfile-6.2.0.tgz. Extracting by manifest.
1754 silly tarball no local data for es-set-tostringtag@https://registry.npmjs.org/es-set-tostringtag/-/es-set-tostringtag-2.1.0.tgz. Extracting by manifest.
1755 silly tarball no local data for get-intrinsic@https://registry.npmjs.org/get-intrinsic/-/get-intrinsic-1.3.0.tgz. Extracting by manifest.
1756 silly tarball no local data for asynckit@https://registry.npmjs.org/asynckit/-/asynckit-0.4.0.tgz. Extracting by manifest.
1757 silly tarball no local data for which@https://registry.npmjs.org/which/-/which-2.0.2.tgz. Extracting by manifest.
1758 silly tarball no local data for shebang-command@https://registry.npmjs.org/shebang-command/-/shebang-command-2.0.0.tgz. Extracting by manifest.
1759 silly tarball no local data for combined-stream@https://registry.npmjs.org/combined-stream/-/combined-stream-1.0.8.tgz. Extracting by manifest.
1760 silly tarball no local data for p-finally@https://registry.npmjs.org/p-finally/-/p-finally-2.0.1.tgz. Extracting by manifest.
1761 silly tarball no local data for merge-stream@https://registry.npmjs.org/merge-stream/-/merge-stream-2.0.0.tgz. Extracting by manifest.
1762 silly tarball no local data for strip-final-newline@https://registry.npmjs.org/strip-final-newline/-/strip-final-newline-2.0.0.tgz. Extracting by manifest.
1763 silly tarball no local data for human-signals@https://registry.npmjs.org/human-signals/-/human-signals-1.1.1.tgz. Extracting by manifest.
1764 silly tarball no local data for get-stream@https://registry.npmjs.org/get-stream/-/get-stream-5.2.0.tgz. Extracting by manifest.
1765 silly tarball no local data for cross-spawn@https://registry.npmjs.org/cross-spawn/-/cross-spawn-7.0.6.tgz. Extracting by manifest.
1766 silly tarball no local data for is-stream@https://registry.npmjs.org/is-stream/-/is-stream-2.0.1.tgz. Extracting by manifest.
1767 silly tarball no local data for npm-run-path@https://registry.npmjs.org/npm-run-path/-/npm-run-path-4.0.1.tgz. Extracting by manifest.
1768 silly tarball no local data for onetime@https://registry.npmjs.org/onetime/-/onetime-5.1.2.tgz. Extracting by manifest.
1769 silly tarball no local data for time-span@https://registry.npmjs.org/time-span/-/time-span-4.0.0.tgz. Extracting by manifest.
1770 silly tarball no local data for path-key@https://registry.npmjs.org/path-key/-/path-key-3.1.1.tgz. Extracting by manifest.
1771 silly tarball no local data for signal-exit@https://registry.npmjs.org/signal-exit/-/signal-exit-4.0.2.tgz. Extracting by manifest.
1772 silly tarball no local data for pretty-ms@https://registry.npmjs.org/pretty-ms/-/pretty-ms-7.0.1.tgz. Extracting by manifest.
1773 silly tarball no local data for mri@https://registry.npmjs.org/mri/-/mri-1.2.0.tgz. Extracting by manifest.
1774 silly tarball no local data for @edge-runtime/ponyfill@https://registry.npmjs.org/@edge-runtime/ponyfill/-/ponyfill-2.4.2.tgz. Extracting by manifest.
1775 silly tarball no local data for @edge-runtime/format@https://registry.npmjs.org/@edge-runtime/format/-/format-2.2.1.tgz. Extracting by manifest.
1776 silly tarball no local data for readdirp@https://registry.npmjs.org/readdirp/-/readdirp-4.1.2.tgz. Extracting by manifest.
1777 silly tarball no local data for uri-js@https://registry.npmjs.org/uri-js/-/uri-js-4.4.1.tgz. Extracting by manifest.
1778 silly tarball no local data for file-uri-to-path@https://registry.npmjs.org/file-uri-to-path/-/file-uri-to-path-1.0.0.tgz. Extracting by manifest.
1779 silly tarball no local data for retry@https://registry.npmjs.org/retry/-/retry-0.13.1.tgz. Extracting by manifest.
1780 silly tarball no local data for json-schema-traverse@https://registry.npmjs.org/json-schema-traverse/-/json-schema-traverse-1.0.0.tgz. Extracting by manifest.
1781 silly tarball no local data for @esbuild/darwin-arm64@https://registry.npmjs.org/@esbuild/darwin-arm64/-/darwin-arm64-0.27.0.tgz. Extracting by manifest.
1782 silly tarball no local data for fast-deep-equal@https://registry.npmjs.org/fast-deep-equal/-/fast-deep-equal-3.1.3.tgz. Extracting by manifest.
1783 silly tarball no local data for picocolors@https://registry.npmjs.org/picocolors/-/picocolors-1.0.0.tgz. Extracting by manifest.
1784 silly tarball no local data for ajv@https://registry.npmjs.org/ajv/-/ajv-8.6.3.tgz. Extracting by manifest.
1785 silly tarball no local data for require-from-string@https://registry.npmjs.org/require-from-string/-/require-from-string-2.0.2.tgz. Extracting by manifest.
1786 silly tarball no local data for @sinclair/typebox@https://registry.npmjs.org/@sinclair/typebox/-/typebox-0.25.24.tgz. Extracting by manifest.
1787 silly tarball no local data for json-schema-to-ts@https://registry.npmjs.org/json-schema-to-ts/-/json-schema-to-ts-1.6.4.tgz. Extracting by manifest.
1788 silly tarball no local data for web-vitals@https://registry.npmjs.org/web-vitals/-/web-vitals-0.2.4.tgz. Extracting by manifest.
1789 silly tarball no local data for @vercel/gatsby-plugin-vercel-builder@https://registry.npmjs.org/@vercel/gatsby-plugin-vercel-builder/-/gatsby-plugin-vercel-builder-2.0.138.tgz. Extracting by manifest.
1790 silly tarball no local data for @vercel/gatsby-plugin-vercel-analytics@https://registry.npmjs.org/@vercel/gatsby-plugin-vercel-analytics/-/gatsby-plugin-vercel-analytics-1.0.11.tgz. Extracting by manifest.
1791 silly tarball no local data for @iarna/toml@https://registry.npmjs.org/@iarna/toml/-/toml-2.2.5.tgz. Extracting by manifest.
1792 silly tarball no local data for smol-toml@https://registry.npmjs.org/smol-toml/-/smol-toml-1.5.2.tgz. Extracting by manifest.
1793 silly tarball no local data for minimatch@https://registry.npmjs.org/minimatch/-/minimatch-10.1.1.tgz. Extracting by manifest.
1794 silly tarball no local data for @renovatebot/pep440@https://registry.npmjs.org/@renovatebot/pep440/-/pep440-4.2.1.tgz. Extracting by manifest.
1795 silly tarball no local data for undici-types@https://registry.npmjs.org/undici-types/-/undici-types-5.26.5.tgz. Extracting by manifest.
1796 silly tarball no local data for path-to-regexp-updated@https://registry.npmjs.org/path-to-regexp/-/path-to-regexp-6.3.0.tgz. Extracting by manifest.
1797 silly tarball no local data for etag@https://registry.npmjs.org/etag/-/etag-1.8.1.tgz. Extracting by manifest.
1798 silly tarball no local data for @bytecodealliance/preview2-shim@https://registry.npmjs.org/@bytecodealliance/preview2-shim/-/preview2-shim-0.17.6.tgz. Extracting by manifest.
1799 silly tarball no local data for mime-types@https://registry.npmjs.org/mime-types/-/mime-types-2.1.35.tgz. Extracting by manifest.
1800 silly tarball no local data for cjs-module-lexer@https://registry.npmjs.org/cjs-module-lexer/-/cjs-module-lexer-1.2.3.tgz. Extracting by manifest.
1801 silly tarball no local data for edge-runtime@https://registry.npmjs.org/edge-runtime/-/edge-runtime-2.5.9.tgz. Extracting by manifest.
1802 silly tarball no local data for es-module-lexer@https://registry.npmjs.org/es-module-lexer/-/es-module-lexer-1.4.1.tgz. Extracting by manifest.
1803 silly tarball no local data for @vercel/error-utils@https://registry.npmjs.org/@vercel/error-utils/-/error-utils-2.0.3.tgz. Extracting by manifest.
1804 silly tarball no local data for @types/node@https://registry.npmjs.org/@types/node/-/node-20.11.0.tgz. Extracting by manifest.
1805 silly tarball no local data for js-yaml@https://registry.npmjs.org/js-yaml/-/js-yaml-4.1.1.tgz. Extracting by manifest.
1806 silly tarball no local data for @edge-runtime/vm@https://registry.npmjs.org/@edge-runtime/vm/-/vm-3.2.0.tgz. Extracting by manifest.
1807 silly tarball no local data for @types/estree@https://registry.npmjs.org/@types/estree/-/estree-1.0.8.tgz. Extracting by manifest.
1808 silly tarball no local data for @edge-runtime/primitives@https://registry.npmjs.org/@edge-runtime/primitives/-/primitives-4.1.0.tgz. Extracting by manifest.
1809 silly tarball no local data for nopt@https://registry.npmjs.org/nopt/-/nopt-8.1.0.tgz. Extracting by manifest.
1810 silly tarball no local data for @edge-runtime/node-utils@https://registry.npmjs.org/@edge-runtime/node-utils/-/node-utils-2.3.0.tgz. Extracting by manifest.
1811 silly tarball no local data for resolve-from@https://registry.npmjs.org/resolve-from/-/resolve-from-5.0.0.tgz. Extracting by manifest.
1812 silly tarball no local data for detect-libc@https://registry.npmjs.org/detect-libc/-/detect-libc-2.1.2.tgz. Extracting by manifest.
1813 silly tarball no local data for consola@https://registry.npmjs.org/consola/-/consola-3.4.2.tgz. Extracting by manifest.
1814 silly tarball no local data for https-proxy-agent@https://registry.npmjs.org/https-proxy-agent/-/https-proxy-agent-7.0.6.tgz. Extracting by manifest.
1815 silly tarball no local data for picomatch@https://registry.npmjs.org/picomatch/-/picomatch-4.0.3.tgz. Extracting by manifest.
1816 silly tarball no local data for node-gyp-build@https://registry.npmjs.org/node-gyp-build/-/node-gyp-build-4.8.4.tgz. Extracting by manifest.
1817 silly tarball no local data for glob@https://registry.npmjs.org/glob/-/glob-13.0.6.tgz. Extracting by manifest.
1818 silly tarball no local data for graceful-fs@https://registry.npmjs.org/graceful-fs/-/graceful-fs-4.2.11.tgz. Extracting by manifest.
1819 silly tarball no local data for async-sema@https://registry.npmjs.org/async-sema/-/async-sema-3.1.1.tgz. Extracting by manifest.
1820 silly tarball no local data for bindings@https://registry.npmjs.org/bindings/-/bindings-1.5.0.tgz. Extracting by manifest.
1821 silly tarball no local data for estree-walker@https://registry.npmjs.org/estree-walker/-/estree-walker-2.0.2.tgz. Extracting by manifest.
1822 silly tarball no local data for acorn-import-attributes@https://registry.npmjs.org/acorn-import-attributes/-/acorn-import-attributes-1.9.5.tgz. Extracting by manifest.
1823 silly tarball no local data for acorn@https://registry.npmjs.org/acorn/-/acorn-8.16.0.tgz. Extracting by manifest.
1824 silly tarball no local data for @rollup/pluginutils@https://registry.npmjs.org/@rollup/pluginutils/-/pluginutils-5.3.0.tgz. Extracting by manifest.
1825 silly tarball no local data for yauzl-promise@https://registry.npmjs.org/yauzl-promise/-/yauzl-promise-2.1.3.tgz. Extracting by manifest.
1826 silly tarball no local data for xdg-app-paths@https://registry.npmjs.org/xdg-app-paths/-/xdg-app-paths-5.1.0.tgz. Extracting by manifest.
1827 silly tarball no local data for @mapbox/node-pre-gyp@https://registry.npmjs.org/@mapbox/node-pre-gyp/-/node-pre-gyp-2.0.3.tgz. Extracting by manifest.
1828 silly tarball no local data for pip-requirements-js@https://registry.npmjs.org/pip-requirements-js/-/pip-requirements-js-1.0.2.tgz. Extracting by manifest.
1829 silly tarball no local data for tree-kill@https://registry.npmjs.org/tree-kill/-/tree-kill-1.2.2.tgz. Extracting by manifest.
1830 silly tarball no local data for tinyexec@https://registry.npmjs.org/tinyexec/-/tinyexec-0.3.2.tgz. Extracting by manifest.
1831 silly tarball no local data for stream-to-promise@https://registry.npmjs.org/stream-to-promise/-/stream-to-promise-2.2.0.tgz. Extracting by manifest.
1832 silly tarball no local data for tar@https://registry.npmjs.org/tar/-/tar-7.5.7.tgz. Extracting by manifest.
1833 silly tarball no local data for uid-promise@https://registry.npmjs.org/uid-promise/-/uid-promise-1.0.0.tgz. Extracting by manifest.
1834 silly tarball no local data for semver@https://registry.npmjs.org/semver/-/semver-7.5.4.tgz. Extracting by manifest.
1835 silly tarball no local data for promisepipe@https://registry.npmjs.org/promisepipe/-/promisepipe-3.0.0.tgz. Extracting by manifest.
1836 silly tarball no local data for micro@https://registry.npmjs.org/micro/-/micro-9.3.5-canary.3.tgz. Extracting by manifest.
1837 silly tarball no local data for node-fetch@https://registry.npmjs.org/node-fetch/-/node-fetch-2.6.7.tgz. Extracting by manifest.
1838 silly tarball no local data for generic-pool@https://registry.npmjs.org/generic-pool/-/generic-pool-3.4.2.tgz. Extracting by manifest.
1839 silly tarball no local data for debug@https://registry.npmjs.org/debug/-/debug-4.3.4.tgz. Extracting by manifest.
1840 silly tarball no local data for @tootallnate/once@https://registry.npmjs.org/@tootallnate/once/-/once-2.0.0.tgz. Extracting by manifest.
1841 silly tarball no local data for ms@https://registry.npmjs.org/ms/-/ms-2.1.1.tgz. Extracting by manifest.
1842 silly tarball no local data for ts-morph@https://registry.npmjs.org/ts-morph/-/ts-morph-12.0.0.tgz. Extracting by manifest.
1843 silly tarball no local data for async-listen@https://registry.npmjs.org/async-listen/-/async-listen-1.2.0.tgz. Extracting by manifest.
1844 silly tarball no local data for @vercel/cervel@https://registry.npmjs.org/@vercel/cervel/-/cervel-0.0.23.tgz. Extracting by manifest.
1845 silly tarball no local data for throttleit@https://registry.npmjs.org/throttleit/-/throttleit-2.1.0.tgz. Extracting by manifest.
1846 silly tarball no local data for @vercel/python-analysis@https://registry.npmjs.org/@vercel/python-analysis/-/python-analysis-0.6.0.tgz. Extracting by manifest.
1847 silly tarball no local data for undici@https://registry.npmjs.org/undici/-/undici-6.23.0.tgz. Extracting by manifest.
1848 silly tarball no local data for stat-mode@https://registry.npmjs.org/stat-mode/-/stat-mode-0.3.0.tgz. Extracting by manifest.
1849 silly tarball no local data for is-node-process@https://registry.npmjs.org/is-node-process/-/is-node-process-1.2.0.tgz. Extracting by manifest.
1850 silly tarball no local data for tsx@https://registry.npmjs.org/tsx/-/tsx-4.21.0.tgz. Extracting by manifest.
1851 silly tarball no local data for is-buffer@https://registry.npmjs.org/is-buffer/-/is-buffer-2.0.5.tgz. Extracting by manifest.
1852 silly tarball no local data for srvx@https://registry.npmjs.org/srvx/-/srvx-0.8.9.tgz. Extracting by manifest.
1853 silly tarball no local data for zod@https://registry.npmjs.org/zod/-/zod-3.22.4.tgz. Extracting by manifest.
1854 silly tarball no local data for rolldown@https://registry.npmjs.org/rolldown/-/rolldown-1.0.0-rc.1.tgz. Extracting by manifest.
1855 silly tarball no local data for oxc-transform@https://registry.npmjs.org/oxc-transform/-/oxc-transform-0.111.0.tgz. Extracting by manifest.
1856 silly tarball no local data for resolve.exports@https://registry.npmjs.org/resolve.exports/-/resolve.exports-2.0.3.tgz. Extracting by manifest.
1857 silly tarball no local data for fs-extra@https://registry.npmjs.org/fs-extra/-/fs-extra-11.1.0.tgz. Extracting by manifest.
1858 silly tarball no local data for async-retry@https://registry.npmjs.org/async-retry/-/async-retry-1.3.3.tgz. Extracting by manifest.
1859 silly tarball no local data for execa@https://registry.npmjs.org/execa/-/execa-3.2.0.tgz. Extracting by manifest.
1860 silly tarball no local data for path-to-regexp@https://registry.npmjs.org/path-to-regexp/-/path-to-regexp-8.3.0.tgz. Extracting by manifest.
1861 silly tarball no local data for proxy-agent@https://registry.npmjs.org/proxy-agent/-/proxy-agent-6.4.0.tgz. Extracting by manifest.
1862 silly tarball no local data for luxon@https://registry.npmjs.org/luxon/-/luxon-3.7.2.tgz. Extracting by manifest.
1863 silly tarball no local data for @vercel/static-config@https://registry.npmjs.org/@vercel/static-config/-/static-config-3.1.2.tgz. Extracting by manifest.
1864 silly tarball no local data for @vercel/nft@https://registry.npmjs.org/@vercel/nft/-/nft-1.3.0.tgz. Extracting by manifest.
1865 silly tarball no local data for esbuild@https://registry.npmjs.org/esbuild/-/esbuild-0.27.0.tgz. Extracting by manifest.
1866 silly tarball no local data for form-data@https://registry.npmjs.org/form-data/-/form-data-4.0.5.tgz. Extracting by manifest.
1867 silly tarball no local data for @vercel/static-build@https://registry.npmjs.org/@vercel/static-build/-/static-build-2.8.40.tgz. Extracting by manifest.
1868 silly tarball no local data for jose@https://registry.npmjs.org/jose/-/jose-5.9.6.tgz. Extracting by manifest.
1869 silly tarball no local data for @vercel/ruby@https://registry.npmjs.org/@vercel/ruby/-/ruby-2.3.1.tgz. Extracting by manifest.
1870 silly tarball no local data for @vercel/rust@https://registry.npmjs.org/@vercel/rust/-/rust-1.0.5.tgz. Extracting by manifest.
1871 silly tarball no local data for chokidar@https://registry.npmjs.org/chokidar/-/chokidar-4.0.0.tgz. Extracting by manifest.
1872 silly tarball no local data for @vercel/redwood@https://registry.npmjs.org/@vercel/redwood/-/redwood-2.4.9.tgz. Extracting by manifest.
1873 silly tarball no local data for @vercel/python@https://registry.npmjs.org/@vercel/python/-/python-6.15.1.tgz. Extracting by manifest.
1874 silly tarball no local data for @vercel/node@https://registry.npmjs.org/@vercel/node/-/node-5.6.6.tgz. Extracting by manifest.
1875 silly tarball no local data for @vercel/next@https://registry.npmjs.org/@vercel/next/-/next-4.15.31.tgz. Extracting by manifest.
1876 silly tarball no local data for @vercel/nestjs@https://registry.npmjs.org/@vercel/nestjs/-/nestjs-0.2.43.tgz. Extracting by manifest.
1877 silly tarball no local data for @vercel/koa@https://registry.npmjs.org/@vercel/koa/-/koa-0.1.22.tgz. Extracting by manifest.
1878 silly tarball no local data for @vercel/hydrogen@https://registry.npmjs.org/@vercel/hydrogen/-/hydrogen-1.3.5.tgz. Extracting by manifest.
1879 silly tarball no local data for @vercel/hono@https://registry.npmjs.org/@vercel/hono/-/hono-0.2.42.tgz. Extracting by manifest.
1880 silly tarball no local data for @vercel/h3@https://registry.npmjs.org/@vercel/h3/-/h3-0.1.48.tgz. Extracting by manifest.
1881 silly tarball no local data for @vercel/fun@https://registry.npmjs.org/@vercel/fun/-/fun-1.3.0.tgz. Extracting by manifest.
1882 silly tarball no local data for @vercel/fastify@https://registry.npmjs.org/@vercel/fastify/-/fastify-0.1.42.tgz. Extracting by manifest.
1883 silly tarball no local data for @vercel/go@https://registry.npmjs.org/@vercel/go/-/go-3.4.1.tgz. Extracting by manifest.
1884 silly tarball no local data for @vercel/elysia@https://registry.npmjs.org/@vercel/elysia/-/elysia-0.1.39.tgz. Extracting by manifest.
1885 silly tarball no local data for @vercel/detect-agent@https://registry.npmjs.org/@vercel/detect-agent/-/detect-agent-1.1.0.tgz. Extracting by manifest.
1886 silly tarball no local data for @vercel/express@https://registry.npmjs.org/@vercel/express/-/express-0.1.48.tgz. Extracting by manifest.
1887 silly tarball no local data for @vercel/build-utils@https://registry.npmjs.org/@vercel/build-utils/-/build-utils-13.4.3.tgz. Extracting by manifest.
1888 silly tarball no local data for @vercel/blob@https://registry.npmjs.org/@vercel/blob/-/blob-2.3.0.tgz. Extracting by manifest.
1889 silly tarball no local data for typescript@https://registry.npmjs.org/typescript/-/typescript-5.9.3.tgz. Extracting by manifest.
1890 silly tarball no local data for vercel@https://registry.npmjs.org/vercel/-/vercel-50.22.1.tgz. Extracting by manifest.
1891 silly tarball no local data for @vercel/backends@https://registry.npmjs.org/@vercel/backends/-/backends-0.0.36.tgz. Extracting by manifest.
1892 silly tarball no local data for picomatch@https://registry.npmjs.org/picomatch/-/picomatch-2.3.1.tgz. Extracting by manifest.
1893 silly tarball no local data for minimatch@https://registry.npmjs.org/minimatch/-/minimatch-3.1.3.tgz. Extracting by manifest.
1894 silly tarball no local data for async-listen@https://registry.npmjs.org/async-listen/-/async-listen-3.0.1.tgz. Extracting by manifest.
1895 silly tarball no local data for brace-expansion@https://registry.npmjs.org/brace-expansion/-/brace-expansion-5.0.3.tgz. Extracting by manifest.
1896 silly tarball no local data for minimatch@https://registry.npmjs.org/minimatch/-/minimatch-10.2.2.tgz. Extracting by manifest.
1897 silly tarball no local data for once@https://registry.npmjs.org/once/-/once-1.3.3.tgz. Extracting by manifest.
1898 silly tarball no local data for end-of-stream@https://registry.npmjs.org/end-of-stream/-/end-of-stream-1.1.0.tgz. Extracting by manifest.
1899 silly tarball no local data for yallist@https://registry.npmjs.org/yallist/-/yallist-4.0.0.tgz. Extracting by manifest.
1900 silly tarball no local data for lru-cache@https://registry.npmjs.org/lru-cache/-/lru-cache-6.0.0.tgz. Extracting by manifest.
1901 silly tarball no local data for ms@https://registry.npmjs.org/ms/-/ms-2.1.2.tgz. Extracting by manifest.
1902 silly tarball no local data for balanced-match@https://registry.npmjs.org/balanced-match/-/balanced-match-4.0.4.tgz. Extracting by manifest.
1903 silly tarball no local data for @vercel/remix-builder@https://registry.npmjs.org/@vercel/remix-builder/-/remix-builder-5.5.10.tgz. Extracting by manifest.
1904 silly tarball no local data for fs-extra@https://registry.npmjs.org/fs-extra/-/fs-extra-11.1.1.tgz. Extracting by manifest.
1905 silly tarball no local data for lru-cache@https://registry.npmjs.org/lru-cache/-/lru-cache-7.18.3.tgz. Extracting by manifest.
1906 silly tarball no local data for signal-exit@https://registry.npmjs.org/signal-exit/-/signal-exit-3.0.7.tgz. Extracting by manifest.
1907 silly tarball no local data for human-signals@https://registry.npmjs.org/human-signals/-/human-signals-2.1.0.tgz. Extracting by manifest.
1908 silly tarball no local data for get-stream@https://registry.npmjs.org/get-stream/-/get-stream-6.0.1.tgz. Extracting by manifest.
1909 silly tarball no local data for execa@https://registry.npmjs.org/execa/-/execa-5.1.1.tgz. Extracting by manifest.
1910 silly tarball no local data for signal-exit@https://registry.npmjs.org/signal-exit/-/signal-exit-3.0.7.tgz. Extracting by manifest.
1911 silly tarball no local data for path-to-regexp@https://registry.npmjs.org/path-to-regexp/-/path-to-regexp-6.1.0.tgz. Extracting by manifest.
1912 silly tarball no local data for @vercel/nft@https://registry.npmjs.org/@vercel/nft/-/nft-1.1.1.tgz. Extracting by manifest.
1913 silly tarball no local data for semver@https://registry.npmjs.org/semver/-/semver-6.3.1.tgz. Extracting by manifest.
1914 silly tarball no local data for undici@https://registry.npmjs.org/undici/-/undici-5.28.4.tgz. Extracting by manifest.
1915 silly tarball no local data for @vercel/nft@https://registry.npmjs.org/@vercel/nft/-/nft-1.1.1.tgz. Extracting by manifest.
1916 silly tarball no local data for path-to-regexp@https://registry.npmjs.org/path-to-regexp/-/path-to-regexp-6.1.0.tgz. Extracting by manifest.
1917 silly tarball no local data for node-fetch@https://registry.npmjs.org/node-fetch/-/node-fetch-2.6.9.tgz. Extracting by manifest.
1918 silly tarball no local data for async-listen@https://registry.npmjs.org/async-listen/-/async-listen-3.0.0.tgz. Extracting by manifest.
1919 silly tarball no local data for @vercel/nft@https://registry.npmjs.org/@vercel/nft/-/nft-1.1.1.tgz. Extracting by manifest.
1920 silly tarball no local data for @vercel/nft@https://registry.npmjs.org/@vercel/nft/-/nft-1.1.1.tgz. Extracting by manifest.
1921 silly tarball no local data for @vercel/nft@https://registry.npmjs.org/@vercel/nft/-/nft-1.1.1.tgz. Extracting by manifest.
1922 silly tarball no local data for path-to-regexp@https://registry.npmjs.org/path-to-regexp/-/path-to-regexp-8.2.0.tgz. Extracting by manifest.
1923 silly tarball no local data for @vercel/nft@https://registry.npmjs.org/@vercel/nft/-/nft-1.1.1.tgz. Extracting by manifest.
1924 http fetch POST 200 https://registry.npmjs.org/-/npm/v1/security/advisories/bulk 688ms
1925 timing auditReport:getReport Completed in 691ms
1926 silly audit report {
1926 silly audit report   'path-to-regexp': [
1926 silly audit report     {
1926 silly audit report       id: 1101846,
1926 silly audit report       url: 'https://github.com/advisories/GHSA-9wv6-86v2-598j',
1926 silly audit report       title: 'path-to-regexp outputs backtracking regular expressions',
1926 silly audit report       severity: 'high',
1926 silly audit report       vulnerable_versions: '>=4.0.0 <6.3.0',
1926 silly audit report       cwe: [Array],
1926 silly audit report       cvss: [Object]
1926 silly audit report     }
1926 silly audit report   ],
1926 silly audit report   undici: [
1926 silly audit report     {
1926 silly audit report       id: 1101610,
1926 silly audit report       url: 'https://github.com/advisories/GHSA-c76h-2ccp-4975',
1926 silly audit report       title: 'Use of Insufficiently Random Values in undici',
1926 silly audit report       severity: 'moderate',
1926 silly audit report       vulnerable_versions: '>=4.5.0 <5.28.5',
1926 silly audit report       cwe: [Array],
1926 silly audit report       cvss: [Object]
1926 silly audit report     },
1926 silly audit report     {
1926 silly audit report       id: 1112496,
1926 silly audit report       url: 'https://github.com/advisories/GHSA-g9mf-h72j-4rw9',
1926 silly audit report       title: 'Undici has an unbounded decompression chain in HTTP responses on Node.js Fetch API via Content-Encoding leads to resource exhaustion',
1926 silly audit report       severity: 'moderate',
1926 silly audit report       vulnerable_versions: '<6.23.0',
1926 silly audit report       cwe: [Array],
1926 silly audit report       cvss: [Object]
1926 silly audit report     },
1926 silly audit report     {
1926 silly audit report       id: 1113069,
1926 silly audit report       url: 'https://github.com/advisories/GHSA-cxrh-j4jr-qwg3',
1926 silly audit report       title: 'undici Denial of Service attack via bad certificate data',
1926 silly audit report       severity: 'low',
1926 silly audit report       vulnerable_versions: '<5.29.0',
1926 silly audit report       cwe: [Array],
1926 silly audit report       cvss: [Object]
1926 silly audit report     }
1926 silly audit report   ],
1926 silly audit report   tar: [
1926 silly audit report     {
1926 silly audit report       id: 1113375,
1926 silly audit report       url: 'https://github.com/advisories/GHSA-83g3-92jg-28cx',
1926 silly audit report       title: 'Arbitrary File Read/Write via Hardlink Target Escape Through Symlink Chain in node-tar Extraction',
1926 silly audit report       severity: 'high',
1926 silly audit report       vulnerable_versions: '<7.5.8',
1926 silly audit report       cwe: [Array],
1926 silly audit report       cvss: [Object]
1926 silly audit report     }
1926 silly audit report   ],
1926 silly audit report   minimatch: [
1926 silly audit report     {
1926 silly audit report       id: 1113371,
1926 silly audit report       url: 'https://github.com/advisories/GHSA-3ppc-4f35-3m26',
1926 silly audit report       title: 'minimatch has a ReDoS via repeated wildcards with non-matching literal in pattern',
1926 silly audit report       severity: 'high',
1926 silly audit report       vulnerable_versions: '<10.2.1',
1926 silly audit report       cwe: [Array],
1926 silly audit report       cvss: [Object]
1926 silly audit report     }
1926 silly audit report   ],
1926 silly audit report   ajv: [
1926 silly audit report     {
1926 silly audit report       id: 1113399,
1926 silly audit report       url: 'https://github.com/advisories/GHSA-2g4f-4pwh-qvx6',
1926 silly audit report       title: 'ajv has ReDoS when using `$data` option',
1926 silly audit report       severity: 'moderate',
1926 silly audit report       vulnerable_versions: '>=7.0.0-alpha.0 <8.18.0',
1926 silly audit report       cwe: [Array],
1926 silly audit report       cvss: [Object]
1926 silly audit report     }
1926 silly audit report   ]
1926 silly audit report }
1927 timing metavuln:packument:path-to-regexp Completed in 0ms
1928 timing metavuln:packument:undici Completed in 1ms
1929 timing metavuln:packument:tar Completed in 1ms
1930 timing metavuln:packument:minimatch Completed in 1ms
1931 timing metavuln:packument:ajv Completed in 1ms
1932 timing metavuln:cache:get:security-advisory:path-to-regexp:TmkHz1g6xKc2pnDD1h6+ZDKMikxz0M1BBY/wyR9ER8446AKOUk6gXjoSR2douZ5enAllzNSKaynTW1H+LBi1CA== Completed in 3ms
1933 timing metavuln:load:security-advisory:path-to-regexp:1101846 Completed in 2ms
1934 timing metavuln:cache:get:security-advisory:undici:b3oQ3g+hj5SMgnSURhB4kIqOkHt2IsYm2a0haI1yHGuf1J25TaGtftXhEW1qa2Mh6Sh8mU/Zkap9kW71veIGgQ== Completed in 4ms
1935 timing metavuln:load:security-advisory:undici:1101610 Completed in 5ms
1936 timing metavuln:cache:get:security-advisory:undici:1/WUXNn7xp8QIxaZBTaUcktiVwkOnmSvwgfb1Rj47N3I6JV0b/fBGrXtK2IlcAMucd6B6lEd6IwB6aXkLT4iiQ== Completed in 9ms
1937 timing metavuln:load:security-advisory:undici:1112496 Completed in 4ms
1938 timing metavuln:cache:get:security-advisory:undici:nff069lyoAS01AkUxVLcuUFa1E2TkblEu92M6KEf0cwRulH5yOyww8K6p/a/Vl4yVTKHmz/mMmhCbLKSHB2OEA== Completed in 13ms
1939 timing metavuln:load:security-advisory:undici:1113069 Completed in 3ms
1940 timing metavuln:cache:get:security-advisory:tar:Bbf0Br7FJ1lJBIJDoLLFwjsDrbaYgLVqfrwr0ATzSQWEKW7Xp073S+5zxU9imRf4OqRJHo2MsCDeyKR0KRVsdA== Completed in 16ms
1941 timing metavuln:load:security-advisory:tar:1113375 Completed in 1ms
1942 timing metavuln:cache:get:security-advisory:minimatch:+xeb921dX+Wp/3JcZLhEpJ2KwaidnzitZ8+8zCivEStbXZEk+LqQ4FhxuC+2LDCM9aYDjPbfPcm9CDH7LF9rAQ== Completed in 17ms
1943 timing metavuln:load:security-advisory:minimatch:1113371 Completed in 1ms
1944 timing metavuln:cache:get:security-advisory:ajv:+2CBbCDmDFKLlSS/GZlcs78wKq4NOVVunNLze6Q0wHtVHXi9T4GsWCuXquisL+hGlEr0GW/fBA3yoR/dw16/JA== Completed in 18ms
1945 timing metavuln:load:security-advisory:ajv:1113399 Completed in 5ms
1946 timing metavuln:cache:put:security-advisory:undici:1/WUXNn7xp8QIxaZBTaUcktiVwkOnmSvwgfb1Rj47N3I6JV0b/fBGrXtK2IlcAMucd6B6lEd6IwB6aXkLT4iiQ== Completed in 16ms
1947 timing metavuln:calculate:security-advisory:undici:1112496 Completed in 29ms
1948 timing metavuln:cache:put:security-advisory:ajv:+2CBbCDmDFKLlSS/GZlcs78wKq4NOVVunNLze6Q0wHtVHXi9T4GsWCuXquisL+hGlEr0GW/fBA3yoR/dw16/JA== Completed in 6ms
1949 timing metavuln:calculate:security-advisory:ajv:1113399 Completed in 29ms
1950 timing metavuln:cache:put:security-advisory:undici:nff069lyoAS01AkUxVLcuUFa1E2TkblEu92M6KEf0cwRulH5yOyww8K6p/a/Vl4yVTKHmz/mMmhCbLKSHB2OEA== Completed in 13ms
1951 timing metavuln:calculate:security-advisory:undici:1113069 Completed in 29ms
1952 timing metavuln:cache:put:security-advisory:tar:Bbf0Br7FJ1lJBIJDoLLFwjsDrbaYgLVqfrwr0ATzSQWEKW7Xp073S+5zxU9imRf4OqRJHo2MsCDeyKR0KRVsdA== Completed in 12ms
1953 timing metavuln:calculate:security-advisory:tar:1113375 Completed in 29ms
1954 timing metavuln:cache:put:security-advisory:minimatch:+xeb921dX+Wp/3JcZLhEpJ2KwaidnzitZ8+8zCivEStbXZEk+LqQ4FhxuC+2LDCM9aYDjPbfPcm9CDH7LF9rAQ== Completed in 12ms
1955 timing metavuln:calculate:security-advisory:minimatch:1113371 Completed in 30ms
1956 timing metavuln:cache:put:security-advisory:undici:b3oQ3g+hj5SMgnSURhB4kIqOkHt2IsYm2a0haI1yHGuf1J25TaGtftXhEW1qa2Mh6Sh8mU/Zkap9kW71veIGgQ== Completed in 21ms
1957 timing metavuln:calculate:security-advisory:undici:1101610 Completed in 30ms
1958 timing metavuln:cache:put:security-advisory:path-to-regexp:TmkHz1g6xKc2pnDD1h6+ZDKMikxz0M1BBY/wyR9ER8446AKOUk6gXjoSR2douZ5enAllzNSKaynTW1H+LBi1CA== Completed in 26ms
1959 timing metavuln:calculate:security-advisory:path-to-regexp:1101846 Completed in 31ms
1960 timing metavuln:packument:@vercel/node Completed in 1ms
1961 timing metavuln:packument:@vercel/remix-builder Completed in 0ms
1962 timing metavuln:cache:get:security-advisory:@vercel/node:Aph3IdW1o3g0AZn9QBBN4JHlomAl4WELj33FUSC8Ng0/vM3S4wiaeoxyVOILNd5YryxQqVDGWM3sEhtUv+mGdg== Completed in 1ms
1963 timing metavuln:load:security-advisory:@vercel/node:TmkHz1g6xKc2pnDD1h6+ZDKMikxz0M1BBY/wyR9ER8446AKOUk6gXjoSR2douZ5enAllzNSKaynTW1H+LBi1CA== Completed in 7ms
1964 timing metavuln:cache:get:security-advisory:@vercel/remix-builder:2l8XTQ68TZZh+O9/EVFvhoRYwe1Jw+WzumZh9yBQziJoKIBuWOVm6ECFis39wzWwa5oQA7zxXNVS8HX09ScYAA== Completed in 8ms
1965 timing metavuln:load:security-advisory:@vercel/remix-builder:TmkHz1g6xKc2pnDD1h6+ZDKMikxz0M1BBY/wyR9ER8446AKOUk6gXjoSR2douZ5enAllzNSKaynTW1H+LBi1CA== Completed in 1ms
1966 timing metavuln:cache:put:security-advisory:@vercel/node:Aph3IdW1o3g0AZn9QBBN4JHlomAl4WELj33FUSC8Ng0/vM3S4wiaeoxyVOILNd5YryxQqVDGWM3sEhtUv+mGdg== Completed in 5ms
1967 timing metavuln:calculate:security-advisory:@vercel/node:TmkHz1g6xKc2pnDD1h6+ZDKMikxz0M1BBY/wyR9ER8446AKOUk6gXjoSR2douZ5enAllzNSKaynTW1H+LBi1CA== Completed in 13ms
1968 timing metavuln:cache:put:security-advisory:@vercel/remix-builder:2l8XTQ68TZZh+O9/EVFvhoRYwe1Jw+WzumZh9yBQziJoKIBuWOVm6ECFis39wzWwa5oQA7zxXNVS8HX09ScYAA== Completed in 4ms
1969 timing metavuln:calculate:security-advisory:@vercel/remix-builder:TmkHz1g6xKc2pnDD1h6+ZDKMikxz0M1BBY/wyR9ER8446AKOUk6gXjoSR2douZ5enAllzNSKaynTW1H+LBi1CA== Completed in 14ms
1970 timing metavuln:cache:get:security-advisory:@vercel/node:v4jtasx9Rgt8gLOJWsX+F7xWLkkQ0YF/uQHVm2xZ5EUo9amIH/WS1jWJnWa578QxCWj7vHv8FlgB8lHunm+YdQ== Completed in 0ms
1971 timing metavuln:load:security-advisory:@vercel/node:b3oQ3g+hj5SMgnSURhB4kIqOkHt2IsYm2a0haI1yHGuf1J25TaGtftXhEW1qa2Mh6Sh8mU/Zkap9kW71veIGgQ== Completed in 8ms
1972 timing metavuln:cache:put:security-advisory:@vercel/node:v4jtasx9Rgt8gLOJWsX+F7xWLkkQ0YF/uQHVm2xZ5EUo9amIH/WS1jWJnWa578QxCWj7vHv8FlgB8lHunm+YdQ== Completed in 5ms
1973 timing metavuln:calculate:security-advisory:@vercel/node:b3oQ3g+hj5SMgnSURhB4kIqOkHt2IsYm2a0haI1yHGuf1J25TaGtftXhEW1qa2Mh6Sh8mU/Zkap9kW71veIGgQ== Completed in 13ms
1974 timing metavuln:packument:@vercel/fun Completed in 0ms
1975 timing metavuln:packument:@mapbox/node-pre-gyp Completed in 0ms
1976 timing metavuln:cache:get:security-advisory:@vercel/fun:sjha4O1lbN44T2GzS2FabTEujlYsjrWux1c4x20yhzlSWkCxhlNIfJ77nyzJRRupIfskQ9DmvGR9riVE0nbg6Q== Completed in 1ms
1977 timing metavuln:load:security-advisory:@vercel/fun:Bbf0Br7FJ1lJBIJDoLLFwjsDrbaYgLVqfrwr0ATzSQWEKW7Xp073S+5zxU9imRf4OqRJHo2MsCDeyKR0KRVsdA== Completed in 1ms
1978 timing metavuln:cache:get:security-advisory:@mapbox/node-pre-gyp:23k8YeNBfyP4tquoBZOYGbe02y3MADGzh+IvZBxyrRRI6Te8FW3FrAZJusQFKmP2X7xkHU3+yyQZT6n6l02YHQ== Completed in 2ms
1979 timing metavuln:load:security-advisory:@mapbox/node-pre-gyp:Bbf0Br7FJ1lJBIJDoLLFwjsDrbaYgLVqfrwr0ATzSQWEKW7Xp073S+5zxU9imRf4OqRJHo2MsCDeyKR0KRVsdA== Completed in 2ms
1980 timing metavuln:cache:put:security-advisory:@vercel/fun:sjha4O1lbN44T2GzS2FabTEujlYsjrWux1c4x20yhzlSWkCxhlNIfJ77nyzJRRupIfskQ9DmvGR9riVE0nbg6Q== Completed in 43ms
1981 timing metavuln:calculate:security-advisory:@vercel/fun:Bbf0Br7FJ1lJBIJDoLLFwjsDrbaYgLVqfrwr0ATzSQWEKW7Xp073S+5zxU9imRf4OqRJHo2MsCDeyKR0KRVsdA== Completed in 46ms
1982 timing metavuln:cache:put:security-advisory:@mapbox/node-pre-gyp:23k8YeNBfyP4tquoBZOYGbe02y3MADGzh+IvZBxyrRRI6Te8FW3FrAZJusQFKmP2X7xkHU3+yyQZT6n6l02YHQ== Completed in 42ms
1983 timing metavuln:calculate:security-advisory:@mapbox/node-pre-gyp:Bbf0Br7FJ1lJBIJDoLLFwjsDrbaYgLVqfrwr0ATzSQWEKW7Xp073S+5zxU9imRf4OqRJHo2MsCDeyKR0KRVsdA== Completed in 46ms
1984 timing metavuln:packument:@vercel/python-analysis Completed in 1ms
1985 timing metavuln:packument:@ts-morph/common Completed in 0ms
1986 timing metavuln:cache:get:security-advisory:@vercel/python-analysis:xPjCeuYzjyVE9T32t76ihhAjWWS/jddth7LKfH1S0pdFGL9HJRI6jukXi010dZV/iAFYgpRaOZJqUExKT4GrYg== Completed in 3ms
1987 timing metavuln:load:security-advisory:@vercel/python-analysis:+xeb921dX+Wp/3JcZLhEpJ2KwaidnzitZ8+8zCivEStbXZEk+LqQ4FhxuC+2LDCM9aYDjPbfPcm9CDH7LF9rAQ== Completed in 1ms
1988 timing metavuln:cache:get:security-advisory:@ts-morph/common:Y17KuvCfkhZqX6rSp2B9c5bjDcRPJ9laCbFsaJQZP7X29+vWoU+5GKZEvd+eLuD335gBQrgPsfHeP3DyXzzTiA== Completed in 3ms
1989 timing metavuln:load:security-advisory:@ts-morph/common:+xeb921dX+Wp/3JcZLhEpJ2KwaidnzitZ8+8zCivEStbXZEk+LqQ4FhxuC+2LDCM9aYDjPbfPcm9CDH7LF9rAQ== Completed in 2ms
1990 http fetch GET 200 https://registry.npmjs.org/events-intercept/-/events-intercept-2.0.0.tgz 694ms (cache miss)
1991 timing reifyNode:node_modules/events-intercept Completed in 799ms
1992 http fetch GET 200 https://registry.npmjs.org/balanced-match/-/balanced-match-1.0.2.tgz 696ms (cache miss)
1993 timing reifyNode:node_modules/balanced-match Completed in 799ms
1994 http fetch GET 200 https://registry.npmjs.org/brace-expansion/-/brace-expansion-1.1.12.tgz 696ms (cache miss)
1995 timing reifyNode:node_modules/brace-expansion Completed in 800ms
1996 timing metavuln:cache:put:security-advisory:@ts-morph/common:Y17KuvCfkhZqX6rSp2B9c5bjDcRPJ9laCbFsaJQZP7X29+vWoU+5GKZEvd+eLuD335gBQrgPsfHeP3DyXzzTiA== Completed in 4ms
1997 timing metavuln:calculate:security-advisory:@ts-morph/common:+xeb921dX+Wp/3JcZLhEpJ2KwaidnzitZ8+8zCivEStbXZEk+LqQ4FhxuC+2LDCM9aYDjPbfPcm9CDH7LF9rAQ== Completed in 10ms
1998 timing metavuln:cache:put:security-advisory:@vercel/python-analysis:xPjCeuYzjyVE9T32t76ihhAjWWS/jddth7LKfH1S0pdFGL9HJRI6jukXi010dZV/iAFYgpRaOZJqUExKT4GrYg== Completed in 7ms
1999 timing metavuln:calculate:security-advisory:@vercel/python-analysis:+xeb921dX+Wp/3JcZLhEpJ2KwaidnzitZ8+8zCivEStbXZEk+LqQ4FhxuC+2LDCM9aYDjPbfPcm9CDH7LF9rAQ== Completed in 11ms
2000 timing metavuln:packument:@vercel/static-config Completed in 0ms
2001 timing metavuln:cache:get:security-advisory:@vercel/static-config:S8v4tMw+Psdsrs+MwUlpQzYC9Tq7SkDegRDvoFi2QZqKOcMqw9AxpSimHu7cVoEDlcn8pUI6xFZhFVicvPFD5Q== Completed in 0ms
2002 timing metavuln:load:security-advisory:@vercel/static-config:+2CBbCDmDFKLlSS/GZlcs78wKq4NOVVunNLze6Q0wHtVHXi9T4GsWCuXquisL+hGlEr0GW/fBA3yoR/dw16/JA== Completed in 2ms
2003 timing metavuln:cache:put:security-advisory:@vercel/static-config:S8v4tMw+Psdsrs+MwUlpQzYC9Tq7SkDegRDvoFi2QZqKOcMqw9AxpSimHu7cVoEDlcn8pUI6xFZhFVicvPFD5Q== Completed in 2ms
2004 timing metavuln:calculate:security-advisory:@vercel/static-config:+2CBbCDmDFKLlSS/GZlcs78wKq4NOVVunNLze6Q0wHtVHXi9T4GsWCuXquisL+hGlEr0GW/fBA3yoR/dw16/JA== Completed in 4ms
2005 timing metavuln:packument:vercel Completed in 1ms
2006 timing metavuln:packument:@vercel/elysia Completed in 1ms
2007 timing metavuln:packument:@vercel/express Completed in 1ms
2008 timing metavuln:packument:@vercel/fastify Completed in 0ms
2009 timing metavuln:packument:@vercel/h3 Completed in 0ms
2010 timing metavuln:packument:@vercel/hono Completed in 0ms
2011 timing metavuln:packument:@vercel/koa Completed in 0ms
2012 timing metavuln:packument:@vercel/nestjs Completed in 0ms
2013 timing metavuln:cache:get:security-advisory:vercel:9vGhGvtkW4xzCR8lct67bS48+jdrapRrjVxQmQAvdWN4hFx2S88ttugA64XsVAln82rm/IucaezdkOQupn48xA== Completed in 1ms
2014 timing metavuln:load:security-advisory:vercel:Aph3IdW1o3g0AZn9QBBN4JHlomAl4WELj33FUSC8Ng0/vM3S4wiaeoxyVOILNd5YryxQqVDGWM3sEhtUv+mGdg== Completed in 124ms
2015 timing metavuln:cache:get:security-advisory:@vercel/elysia:OBy/NW798wUAOfdrvzdx/ktO1PxPCrKRx+Mf8OkpZx2+C+JCYEC+0GjYXJ2GGUess2DIZbrnRnXMtiWdEPl1qQ== Completed in 126ms
2016 timing metavuln:load:security-advisory:@vercel/elysia:Aph3IdW1o3g0AZn9QBBN4JHlomAl4WELj33FUSC8Ng0/vM3S4wiaeoxyVOILNd5YryxQqVDGWM3sEhtUv+mGdg== Completed in 0ms
2017 timing metavuln:cache:get:security-advisory:@vercel/express:reHCEfaMq2AFkj9JvsCnvCMBS4D9p04qOQAVB+9RN7jcwgFy2ut3+GzIxmNIf9TBqeH4W/OXB6ODFP8Bd2jNRQ== Completed in 126ms
2018 timing metavuln:load:security-advisory:@vercel/express:Aph3IdW1o3g0AZn9QBBN4JHlomAl4WELj33FUSC8Ng0/vM3S4wiaeoxyVOILNd5YryxQqVDGWM3sEhtUv+mGdg== Completed in 1ms
2019 timing metavuln:cache:get:security-advisory:@vercel/fastify:CQ5Btm+pmQhjRezzO8EVIA+BdhqTDZLFCEiMj9qTJfzWAM+wlv4glEpCqjnE9cSlnebOdfeFIFE2O9wotkNoqw== Completed in 126ms
2020 timing metavuln:load:security-advisory:@vercel/fastify:Aph3IdW1o3g0AZn9QBBN4JHlomAl4WELj33FUSC8Ng0/vM3S4wiaeoxyVOILNd5YryxQqVDGWM3sEhtUv+mGdg== Completed in 1ms
2021 timing metavuln:cache:get:security-advisory:@vercel/h3:sAK5ipNffQc0xqQz7e/iD0zgBOJPYaX/VcQlFsNudEDNWg3nH8+51ax9BbgaJ1E91Kms8WZl2kkLs3DFwF3MmQ== Completed in 127ms
2022 timing metavuln:load:security-advisory:@vercel/h3:Aph3IdW1o3g0AZn9QBBN4JHlomAl4WELj33FUSC8Ng0/vM3S4wiaeoxyVOILNd5YryxQqVDGWM3sEhtUv+mGdg== Completed in 0ms
2023 timing metavuln:cache:get:security-advisory:@vercel/hono:42lmBm/6UolcDkR5C+E89U0kMo8fXWcVSnvCSQgkMRix1wXPDcxGteBeQbGOIdcn7esn6jJ93ThmTtM/JzRMqQ== Completed in 127ms
2024 timing metavuln:load:security-advisory:@vercel/hono:Aph3IdW1o3g0AZn9QBBN4JHlomAl4WELj33FUSC8Ng0/vM3S4wiaeoxyVOILNd5YryxQqVDGWM3sEhtUv+mGdg== Completed in 2ms
2025 timing metavuln:cache:get:security-advisory:@vercel/koa:NIHDVJ4dvxII3C7QMDmNN+Y7nzK7WenXsae4j46gbKExDYXPsdLcQF/b/cEkiLI4AdRSpbyuNjo9z1qYDQ4IdQ== Completed in 129ms
2026 timing metavuln:load:security-advisory:@vercel/koa:Aph3IdW1o3g0AZn9QBBN4JHlomAl4WELj33FUSC8Ng0/vM3S4wiaeoxyVOILNd5YryxQqVDGWM3sEhtUv+mGdg== Completed in 1ms
2027 timing metavuln:cache:get:security-advisory:@vercel/nestjs:tJR8L/A4XChgLvha3rjeOaSsuD3U+ERzv4NCtJoDfn4uL+W+4ibz/BrR3HoGqi4JK7R+lJwcWqQ1XOGp33U5rQ== Completed in 130ms
2028 timing metavuln:load:security-advisory:@vercel/nestjs:Aph3IdW1o3g0AZn9QBBN4JHlomAl4WELj33FUSC8Ng0/vM3S4wiaeoxyVOILNd5YryxQqVDGWM3sEhtUv+mGdg== Completed in 1ms
2029 http fetch GET 200 https://registry.npmjs.org/concat-map/-/concat-map-0.0.1.tgz 867ms (cache miss)
2030 timing reifyNode:node_modules/concat-map Completed in 975ms
2031 timing metavuln:cache:put:security-advisory:@vercel/nestjs:tJR8L/A4XChgLvha3rjeOaSsuD3U+ERzv4NCtJoDfn4uL+W+4ibz/BrR3HoGqi4JK7R+lJwcWqQ1XOGp33U5rQ== Completed in 38ms
2032 timing metavuln:calculate:security-advisory:@vercel/nestjs:Aph3IdW1o3g0AZn9QBBN4JHlomAl4WELj33FUSC8Ng0/vM3S4wiaeoxyVOILNd5YryxQqVDGWM3sEhtUv+mGdg== Completed in 170ms
2033 timing metavuln:cache:put:security-advisory:@vercel/hono:42lmBm/6UolcDkR5C+E89U0kMo8fXWcVSnvCSQgkMRix1wXPDcxGteBeQbGOIdcn7esn6jJ93ThmTtM/JzRMqQ== Completed in 41ms
2034 timing metavuln:calculate:security-advisory:@vercel/hono:Aph3IdW1o3g0AZn9QBBN4JHlomAl4WELj33FUSC8Ng0/vM3S4wiaeoxyVOILNd5YryxQqVDGWM3sEhtUv+mGdg== Completed in 170ms
2035 timing metavuln:cache:put:security-advisory:@vercel/fastify:CQ5Btm+pmQhjRezzO8EVIA+BdhqTDZLFCEiMj9qTJfzWAM+wlv4glEpCqjnE9cSlnebOdfeFIFE2O9wotkNoqw== Completed in 43ms
2036 timing metavuln:calculate:security-advisory:@vercel/fastify:Aph3IdW1o3g0AZn9QBBN4JHlomAl4WELj33FUSC8Ng0/vM3S4wiaeoxyVOILNd5YryxQqVDGWM3sEhtUv+mGdg== Completed in 170ms
2037 timing metavuln:cache:put:security-advisory:@vercel/h3:sAK5ipNffQc0xqQz7e/iD0zgBOJPYaX/VcQlFsNudEDNWg3nH8+51ax9BbgaJ1E91Kms8WZl2kkLs3DFwF3MmQ== Completed in 43ms
2038 timing metavuln:calculate:security-advisory:@vercel/h3:Aph3IdW1o3g0AZn9QBBN4JHlomAl4WELj33FUSC8Ng0/vM3S4wiaeoxyVOILNd5YryxQqVDGWM3sEhtUv+mGdg== Completed in 170ms
2039 timing metavuln:cache:put:security-advisory:@vercel/express:reHCEfaMq2AFkj9JvsCnvCMBS4D9p04qOQAVB+9RN7jcwgFy2ut3+GzIxmNIf9TBqeH4W/OXB6ODFP8Bd2jNRQ== Completed in 45ms
2040 timing metavuln:calculate:security-advisory:@vercel/express:Aph3IdW1o3g0AZn9QBBN4JHlomAl4WELj33FUSC8Ng0/vM3S4wiaeoxyVOILNd5YryxQqVDGWM3sEhtUv+mGdg== Completed in 172ms
2041 timing metavuln:cache:put:security-advisory:@vercel/elysia:OBy/NW798wUAOfdrvzdx/ktO1PxPCrKRx+Mf8OkpZx2+C+JCYEC+0GjYXJ2GGUess2DIZbrnRnXMtiWdEPl1qQ== Completed in 46ms
2042 timing metavuln:calculate:security-advisory:@vercel/elysia:Aph3IdW1o3g0AZn9QBBN4JHlomAl4WELj33FUSC8Ng0/vM3S4wiaeoxyVOILNd5YryxQqVDGWM3sEhtUv+mGdg== Completed in 172ms
2043 timing metavuln:cache:put:security-advisory:@vercel/koa:NIHDVJ4dvxII3C7QMDmNN+Y7nzK7WenXsae4j46gbKExDYXPsdLcQF/b/cEkiLI4AdRSpbyuNjo9z1qYDQ4IdQ== Completed in 41ms
2044 timing metavuln:calculate:security-advisory:@vercel/koa:Aph3IdW1o3g0AZn9QBBN4JHlomAl4WELj33FUSC8Ng0/vM3S4wiaeoxyVOILNd5YryxQqVDGWM3sEhtUv+mGdg== Completed in 171ms
2045 timing metavuln:cache:put:security-advisory:vercel:9vGhGvtkW4xzCR8lct67bS48+jdrapRrjVxQmQAvdWN4hFx2S88ttugA64XsVAln82rm/IucaezdkOQupn48xA== Completed in 48ms
2046 timing metavuln:calculate:security-advisory:vercel:Aph3IdW1o3g0AZn9QBBN4JHlomAl4WELj33FUSC8Ng0/vM3S4wiaeoxyVOILNd5YryxQqVDGWM3sEhtUv+mGdg== Completed in 173ms
2047 timing metavuln:cache:get:security-advisory:vercel:eakPu2jmSXYpp69/XGiejEzpT6yuJTWyOBq5AMhr6NV8E4bl24BDhFvbr08F9ocxLHxxb+8b4LfLPC42eEh8ZQ== Completed in 0ms
2048 timing metavuln:load:security-advisory:vercel:2l8XTQ68TZZh+O9/EVFvhoRYwe1Jw+WzumZh9yBQziJoKIBuWOVm6ECFis39wzWwa5oQA7zxXNVS8HX09ScYAA== Completed in 34ms
2049 timing metavuln:cache:put:security-advisory:vercel:eakPu2jmSXYpp69/XGiejEzpT6yuJTWyOBq5AMhr6NV8E4bl24BDhFvbr08F9ocxLHxxb+8b4LfLPC42eEh8ZQ== Completed in 8ms
2050 timing metavuln:calculate:security-advisory:vercel:2l8XTQ68TZZh+O9/EVFvhoRYwe1Jw+WzumZh9yBQziJoKIBuWOVm6ECFis39wzWwa5oQA7zxXNVS8HX09ScYAA== Completed in 42ms
2051 http fetch GET 200 https://registry.npmjs.org/@fastify/busboy/-/busboy-2.1.1.tgz 924ms (cache miss)
2052 timing reifyNode:node_modules/@fastify/busboy Completed in 1023ms
2053 timing metavuln:cache:get:security-advisory:vercel:mXzWpN8W6A52OZJWLk444DUs8TlbpYctHEMw7POgLBl9Wj//AYfMHG0BWKgxbbVwTV6A2qRU60f6kFKxWnUBEw== Completed in 1ms
2054 timing metavuln:load:security-advisory:vercel:sjha4O1lbN44T2GzS2FabTEujlYsjrWux1c4x20yhzlSWkCxhlNIfJ77nyzJRRupIfskQ9DmvGR9riVE0nbg6Q== Completed in 18ms
2055 timing metavuln:cache:put:security-advisory:vercel:mXzWpN8W6A52OZJWLk444DUs8TlbpYctHEMw7POgLBl9Wj//AYfMHG0BWKgxbbVwTV6A2qRU60f6kFKxWnUBEw== Completed in 7ms
2056 timing metavuln:calculate:security-advisory:vercel:sjha4O1lbN44T2GzS2FabTEujlYsjrWux1c4x20yhzlSWkCxhlNIfJ77nyzJRRupIfskQ9DmvGR9riVE0nbg6Q== Completed in 26ms
2057 timing metavuln:packument:ts-morph Completed in 1ms
2058 timing metavuln:cache:get:security-advisory:ts-morph:UO7aphYqffH+B0GfQy8YDCTAcsZ9xDlmGBqbahRAsCJhrgjVu7bBb1bUBU93iqutPiJTx7t/HiK75ImvmN8f0g== Completed in 1ms
2059 timing metavuln:load:security-advisory:ts-morph:Y17KuvCfkhZqX6rSp2B9c5bjDcRPJ9laCbFsaJQZP7X29+vWoU+5GKZEvd+eLuD335gBQrgPsfHeP3DyXzzTiA== Completed in 5ms
2060 timing metavuln:cache:put:security-advisory:ts-morph:UO7aphYqffH+B0GfQy8YDCTAcsZ9xDlmGBqbahRAsCJhrgjVu7bBb1bUBU93iqutPiJTx7t/HiK75ImvmN8f0g== Completed in 4ms
2061 timing metavuln:calculate:security-advisory:ts-morph:Y17KuvCfkhZqX6rSp2B9c5bjDcRPJ9laCbFsaJQZP7X29+vWoU+5GKZEvd+eLuD335gBQrgPsfHeP3DyXzzTiA== Completed in 11ms
2062 timing metavuln:packument:@vercel/build-utils Completed in 1ms
2063 timing metavuln:packument:@vercel/python Completed in 0ms
2064 timing metavuln:cache:get:security-advisory:@vercel/build-utils:fr3l+JM4mgoUXJD/hSApRmDXuycqzdg/YMZ5EHbG2pSpKUiDEELOYA04k767uXjA5CRvTuKNPF05Z25uML4aBw== Completed in 1ms
2065 timing metavuln:load:security-advisory:@vercel/build-utils:xPjCeuYzjyVE9T32t76ihhAjWWS/jddth7LKfH1S0pdFGL9HJRI6jukXi010dZV/iAFYgpRaOZJqUExKT4GrYg== Completed in 6ms
2066 timing metavuln:cache:get:security-advisory:@vercel/python:tSNyvvtbkDkMfTrFdl+FyL6IHjMHKoJwcDuxAQ3YDOqnSm3xc2oyXR6M3ZYnRbDLVkbfainhJZC8JRayMQaHyw== Completed in 7ms
2067 timing metavuln:load:security-advisory:@vercel/python:xPjCeuYzjyVE9T32t76ihhAjWWS/jddth7LKfH1S0pdFGL9HJRI6jukXi010dZV/iAFYgpRaOZJqUExKT4GrYg== Completed in 4ms
2068 timing metavuln:cache:put:security-advisory:@vercel/build-utils:fr3l+JM4mgoUXJD/hSApRmDXuycqzdg/YMZ5EHbG2pSpKUiDEELOYA04k767uXjA5CRvTuKNPF05Z25uML4aBw== Completed in 7ms
2069 timing metavuln:calculate:security-advisory:@vercel/build-utils:xPjCeuYzjyVE9T32t76ihhAjWWS/jddth7LKfH1S0pdFGL9HJRI6jukXi010dZV/iAFYgpRaOZJqUExKT4GrYg== Completed in 15ms
2070 timing metavuln:cache:put:security-advisory:@vercel/python:tSNyvvtbkDkMfTrFdl+FyL6IHjMHKoJwcDuxAQ3YDOqnSm3xc2oyXR6M3ZYnRbDLVkbfainhJZC8JRayMQaHyw== Completed in 3ms
2071 timing metavuln:calculate:security-advisory:@vercel/python:xPjCeuYzjyVE9T32t76ihhAjWWS/jddth7LKfH1S0pdFGL9HJRI6jukXi010dZV/iAFYgpRaOZJqUExKT4GrYg== Completed in 14ms
2072 timing metavuln:packument:@vercel/hydrogen Completed in 0ms
2073 timing metavuln:packument:@vercel/redwood Completed in 1ms
2074 timing metavuln:packument:@vercel/static-build Completed in 1ms
2075 timing metavuln:cache:get:security-advisory:@vercel/elysia:UM5Pq6C5T8Z1yU23cXx8HvG/HMKDemKMtoj3aeQNYwkTSBS8tM8jSt+nfT14/+B36ZIGrLLi6K6tGeoovAqlsQ== Completed in 2ms
2076 timing metavuln:load:security-advisory:@vercel/elysia:S8v4tMw+Psdsrs+MwUlpQzYC9Tq7SkDegRDvoFi2QZqKOcMqw9AxpSimHu7cVoEDlcn8pUI6xFZhFVicvPFD5Q== Completed in 0ms
2077 timing metavuln:cache:get:security-advisory:@vercel/express:oMq7zjG5MG22WJEICRRVXxx43mbGT6pHI/jVwy5SM2Vpsb/tSCUUfI3EFAST72yq07wNsYZ2RAoQUppO+aEwKw== Completed in 3ms
2078 timing metavuln:load:security-advisory:@vercel/express:S8v4tMw+Psdsrs+MwUlpQzYC9Tq7SkDegRDvoFi2QZqKOcMqw9AxpSimHu7cVoEDlcn8pUI6xFZhFVicvPFD5Q== Completed in 1ms
2079 timing metavuln:cache:get:security-advisory:@vercel/fastify:CrSTUSpgE9DuZj4aLT7uoa38TyeuuTqkjv+2tkzYLH7T1Ut4SLZX7zRBlS6zBem8EnjJUJf3W49Ls2zsscIbTA== Completed in 4ms
2080 timing metavuln:load:security-advisory:@vercel/fastify:S8v4tMw+Psdsrs+MwUlpQzYC9Tq7SkDegRDvoFi2QZqKOcMqw9AxpSimHu7cVoEDlcn8pUI6xFZhFVicvPFD5Q== Completed in 1ms
2081 timing metavuln:cache:get:security-advisory:@vercel/h3:O6ctljNIXKil7QGtdSFX4BvheTwpRgX4gMpEkN+JyCEtomMu+46BxTvioqW67irzGZGPYw5dXUfT1Aq+mqQ5BQ== Completed in 5ms
2082 timing metavuln:load:security-advisory:@vercel/h3:S8v4tMw+Psdsrs+MwUlpQzYC9Tq7SkDegRDvoFi2QZqKOcMqw9AxpSimHu7cVoEDlcn8pUI6xFZhFVicvPFD5Q== Completed in 1ms
2083 timing metavuln:cache:get:security-advisory:@vercel/hono:mNUUf0rdYZQo+ZLmwOLKP/wu1kI0G7pHss3Jf2jPP0Ut+6O6fr6Lq+5uvK5eNAVqs2ECXkIqw2A+2XZfNmuc+Q== Completed in 5ms
2084 timing metavuln:load:security-advisory:@vercel/hono:S8v4tMw+Psdsrs+MwUlpQzYC9Tq7SkDegRDvoFi2QZqKOcMqw9AxpSimHu7cVoEDlcn8pUI6xFZhFVicvPFD5Q== Completed in 1ms
2085 timing metavuln:cache:get:security-advisory:@vercel/hydrogen:7dO7kEHip54ZaZUPqnI7zS3EXLcG5y2Mji9qfPZ/cn16ODygqd5sgqdgZoaDQJgmG3pNl60RZXn+fWddJcMQ0Q== Completed in 6ms
2086 timing metavuln:load:security-advisory:@vercel/hydrogen:S8v4tMw+Psdsrs+MwUlpQzYC9Tq7SkDegRDvoFi2QZqKOcMqw9AxpSimHu7cVoEDlcn8pUI6xFZhFVicvPFD5Q== Completed in 1ms
2087 timing metavuln:cache:get:security-advisory:@vercel/koa:Y0w570ckhx/ie2TgEVGSTYoDtqa0UGK3iUrP05cuZwhEOMijB5pC9VXuk/nLdobSQjJixB9KNJmf7iQpNYZ56Q== Completed in 7ms
2088 timing metavuln:load:security-advisory:@vercel/koa:S8v4tMw+Psdsrs+MwUlpQzYC9Tq7SkDegRDvoFi2QZqKOcMqw9AxpSimHu7cVoEDlcn8pUI6xFZhFVicvPFD5Q== Completed in 0ms
2089 timing metavuln:cache:get:security-advisory:@vercel/nestjs:LPw3JeoxxfVn9Ea3uWHemI87ZZgGPHacXsgFNosi3bXoxyTwANkEbVeS4ep8nL2FS4gQizKPTFL5pbeytz8BsA== Completed in 8ms
2090 timing metavuln:load:security-advisory:@vercel/nestjs:S8v4tMw+Psdsrs+MwUlpQzYC9Tq7SkDegRDvoFi2QZqKOcMqw9AxpSimHu7cVoEDlcn8pUI6xFZhFVicvPFD5Q== Completed in 0ms
2091 timing metavuln:cache:get:security-advisory:@vercel/node:qQ4YE/GFfZA1tf6EAgCUuzB12eVO3afBIJi0C5MzoHazuKG74wGjpFvUORGo7vVdFrkytIWaV1ch9kne7wdU4g== Completed in 8ms
2092 timing metavuln:load:security-advisory:@vercel/node:S8v4tMw+Psdsrs+MwUlpQzYC9Tq7SkDegRDvoFi2QZqKOcMqw9AxpSimHu7cVoEDlcn8pUI6xFZhFVicvPFD5Q== Completed in 8ms
2093 timing metavuln:cache:get:security-advisory:@vercel/redwood:xTOviaWmLaxlfhtoX0aXS5FN9CG178M/BKv63irZu70uvv8ip5lSw0Y36gen4a0Qjl8kHT3oBwMkqveyBOjEZQ== Completed in 17ms
2094 timing metavuln:load:security-advisory:@vercel/redwood:S8v4tMw+Psdsrs+MwUlpQzYC9Tq7SkDegRDvoFi2QZqKOcMqw9AxpSimHu7cVoEDlcn8pUI6xFZhFVicvPFD5Q== Completed in 2ms
2095 timing metavuln:cache:get:security-advisory:@vercel/remix-builder:LMz4+q2sOJWx/ndQ9x35SgynoZLykw4OcH8PWBHGlOoK/4YIoApMQiVLEUoNu6FzweR03iwsjQ/O7RuZQYOFLw== Completed in 19ms
2096 timing metavuln:load:security-advisory:@vercel/remix-builder:S8v4tMw+Psdsrs+MwUlpQzYC9Tq7SkDegRDvoFi2QZqKOcMqw9AxpSimHu7cVoEDlcn8pUI6xFZhFVicvPFD5Q== Completed in 2ms
2097 timing metavuln:cache:get:security-advisory:@vercel/static-build:tyHJ9RQ6N4bDnaI/nv1VOL7YHK7/JJoJAWcJVf4HSFcMtpB5OPFiqSpztmEYPT8rsDxqYVbeIJOvw8oB7OsAxg== Completed in 21ms
2098 timing metavuln:load:security-advisory:@vercel/static-build:S8v4tMw+Psdsrs+MwUlpQzYC9Tq7SkDegRDvoFi2QZqKOcMqw9AxpSimHu7cVoEDlcn8pUI6xFZhFVicvPFD5Q== Completed in 4ms
2099 timing metavuln:cache:put:security-advisory:@vercel/h3:O6ctljNIXKil7QGtdSFX4BvheTwpRgX4gMpEkN+JyCEtomMu+46BxTvioqW67irzGZGPYw5dXUfT1Aq+mqQ5BQ== Completed in 26ms
2100 timing metavuln:calculate:security-advisory:@vercel/h3:S8v4tMw+Psdsrs+MwUlpQzYC9Tq7SkDegRDvoFi2QZqKOcMqw9AxpSimHu7cVoEDlcn8pUI6xFZhFVicvPFD5Q== Completed in 32ms
2101 timing metavuln:cache:put:security-advisory:@vercel/redwood:xTOviaWmLaxlfhtoX0aXS5FN9CG178M/BKv63irZu70uvv8ip5lSw0Y36gen4a0Qjl8kHT3oBwMkqveyBOjEZQ== Completed in 13ms
2102 timing metavuln:calculate:security-advisory:@vercel/redwood:S8v4tMw+Psdsrs+MwUlpQzYC9Tq7SkDegRDvoFi2QZqKOcMqw9AxpSimHu7cVoEDlcn8pUI6xFZhFVicvPFD5Q== Completed in 32ms
2103 timing metavuln:cache:put:security-advisory:@vercel/fastify:CrSTUSpgE9DuZj4aLT7uoa38TyeuuTqkjv+2tkzYLH7T1Ut4SLZX7zRBlS6zBem8EnjJUJf3W49Ls2zsscIbTA== Completed in 28ms
2104 timing metavuln:calculate:security-advisory:@vercel/fastify:S8v4tMw+Psdsrs+MwUlpQzYC9Tq7SkDegRDvoFi2QZqKOcMqw9AxpSimHu7cVoEDlcn8pUI6xFZhFVicvPFD5Q== Completed in 33ms
2105 timing metavuln:cache:put:security-advisory:@vercel/nestjs:LPw3JeoxxfVn9Ea3uWHemI87ZZgGPHacXsgFNosi3bXoxyTwANkEbVeS4ep8nL2FS4gQizKPTFL5pbeytz8BsA== Completed in 24ms
2106 timing metavuln:calculate:security-advisory:@vercel/nestjs:S8v4tMw+Psdsrs+MwUlpQzYC9Tq7SkDegRDvoFi2QZqKOcMqw9AxpSimHu7cVoEDlcn8pUI6xFZhFVicvPFD5Q== Completed in 32ms
2107 timing metavuln:cache:put:security-advisory:@vercel/hydrogen:7dO7kEHip54ZaZUPqnI7zS3EXLcG5y2Mji9qfPZ/cn16ODygqd5sgqdgZoaDQJgmG3pNl60RZXn+fWddJcMQ0Q== Completed in 25ms
2108 timing metavuln:calculate:security-advisory:@vercel/hydrogen:S8v4tMw+Psdsrs+MwUlpQzYC9Tq7SkDegRDvoFi2QZqKOcMqw9AxpSimHu7cVoEDlcn8pUI6xFZhFVicvPFD5Q== Completed in 32ms
2109 timing metavuln:cache:put:security-advisory:@vercel/elysia:UM5Pq6C5T8Z1yU23cXx8HvG/HMKDemKMtoj3aeQNYwkTSBS8tM8jSt+nfT14/+B36ZIGrLLi6K6tGeoovAqlsQ== Completed in 30ms
2110 timing metavuln:calculate:security-advisory:@vercel/elysia:S8v4tMw+Psdsrs+MwUlpQzYC9Tq7SkDegRDvoFi2QZqKOcMqw9AxpSimHu7cVoEDlcn8pUI6xFZhFVicvPFD5Q== Completed in 33ms
2111 timing metavuln:cache:put:security-advisory:@vercel/hono:mNUUf0rdYZQo+ZLmwOLKP/wu1kI0G7pHss3Jf2jPP0Ut+6O6fr6Lq+5uvK5eNAVqs2ECXkIqw2A+2XZfNmuc+Q== Completed in 26ms
2112 timing metavuln:calculate:security-advisory:@vercel/hono:S8v4tMw+Psdsrs+MwUlpQzYC9Tq7SkDegRDvoFi2QZqKOcMqw9AxpSimHu7cVoEDlcn8pUI6xFZhFVicvPFD5Q== Completed in 32ms
2113 timing metavuln:cache:put:security-advisory:@vercel/koa:Y0w570ckhx/ie2TgEVGSTYoDtqa0UGK3iUrP05cuZwhEOMijB5pC9VXuk/nLdobSQjJixB9KNJmf7iQpNYZ56Q== Completed in 25ms
2114 timing metavuln:calculate:security-advisory:@vercel/koa:S8v4tMw+Psdsrs+MwUlpQzYC9Tq7SkDegRDvoFi2QZqKOcMqw9AxpSimHu7cVoEDlcn8pUI6xFZhFVicvPFD5Q== Completed in 32ms
2115 timing metavuln:cache:put:security-advisory:@vercel/remix-builder:LMz4+q2sOJWx/ndQ9x35SgynoZLykw4OcH8PWBHGlOoK/4YIoApMQiVLEUoNu6FzweR03iwsjQ/O7RuZQYOFLw== Completed in 11ms
2116 timing metavuln:calculate:security-advisory:@vercel/remix-builder:S8v4tMw+Psdsrs+MwUlpQzYC9Tq7SkDegRDvoFi2QZqKOcMqw9AxpSimHu7cVoEDlcn8pUI6xFZhFVicvPFD5Q== Completed in 32ms
2117 timing metavuln:cache:put:security-advisory:@vercel/node:qQ4YE/GFfZA1tf6EAgCUuzB12eVO3afBIJi0C5MzoHazuKG74wGjpFvUORGo7vVdFrkytIWaV1ch9kne7wdU4g== Completed in 16ms
2118 timing metavuln:calculate:security-advisory:@vercel/node:S8v4tMw+Psdsrs+MwUlpQzYC9Tq7SkDegRDvoFi2QZqKOcMqw9AxpSimHu7cVoEDlcn8pUI6xFZhFVicvPFD5Q== Completed in 32ms
2119 timing metavuln:cache:put:security-advisory:@vercel/express:oMq7zjG5MG22WJEICRRVXxx43mbGT6pHI/jVwy5SM2Vpsb/tSCUUfI3EFAST72yq07wNsYZ2RAoQUppO+aEwKw== Completed in 29ms
2120 timing metavuln:calculate:security-advisory:@vercel/express:S8v4tMw+Psdsrs+MwUlpQzYC9Tq7SkDegRDvoFi2QZqKOcMqw9AxpSimHu7cVoEDlcn8pUI6xFZhFVicvPFD5Q== Completed in 33ms
2121 timing metavuln:cache:put:security-advisory:@vercel/static-build:tyHJ9RQ6N4bDnaI/nv1VOL7YHK7/JJoJAWcJVf4HSFcMtpB5OPFiqSpztmEYPT8rsDxqYVbeIJOvw8oB7OsAxg== Completed in 7ms
2122 timing metavuln:calculate:security-advisory:@vercel/static-build:S8v4tMw+Psdsrs+MwUlpQzYC9Tq7SkDegRDvoFi2QZqKOcMqw9AxpSimHu7cVoEDlcn8pUI6xFZhFVicvPFD5Q== Completed in 32ms
2123 timing metavuln:cache:get:security-advisory:vercel:eWI5+Ol/v24PupxuZO7AyVhmH+pF/1hkUa1ScmbX/RLaeN+gg4QMjXRypB8iL+E0ezqrZ6w6URGGujgYKB1gBA== Completed in 0ms
2124 timing metavuln:load:security-advisory:vercel:tJR8L/A4XChgLvha3rjeOaSsuD3U+ERzv4NCtJoDfn4uL+W+4ibz/BrR3HoGqi4JK7R+lJwcWqQ1XOGp33U5rQ== Completed in 16ms
2125 timing metavuln:cache:put:security-advisory:vercel:eWI5+Ol/v24PupxuZO7AyVhmH+pF/1hkUa1ScmbX/RLaeN+gg4QMjXRypB8iL+E0ezqrZ6w6URGGujgYKB1gBA== Completed in 3ms
2126 timing metavuln:calculate:security-advisory:vercel:tJR8L/A4XChgLvha3rjeOaSsuD3U+ERzv4NCtJoDfn4uL+W+4ibz/BrR3HoGqi4JK7R+lJwcWqQ1XOGp33U5rQ== Completed in 20ms
2127 timing metavuln:cache:get:security-advisory:vercel:LkXi0ruVOL9ROng7AqK/Av87X9vhXzg1nrI69YImu8jaomy/DTo6AIAN21lO51MIyXekc1wdUOGoR/q/uCfpmw== Completed in 0ms
2128 timing metavuln:load:security-advisory:vercel:42lmBm/6UolcDkR5C+E89U0kMo8fXWcVSnvCSQgkMRix1wXPDcxGteBeQbGOIdcn7esn6jJ93ThmTtM/JzRMqQ== Completed in 21ms
2129 timing metavuln:cache:put:security-advisory:vercel:LkXi0ruVOL9ROng7AqK/Av87X9vhXzg1nrI69YImu8jaomy/DTo6AIAN21lO51MIyXekc1wdUOGoR/q/uCfpmw== Completed in 3ms
2130 timing metavuln:calculate:security-advisory:vercel:42lmBm/6UolcDkR5C+E89U0kMo8fXWcVSnvCSQgkMRix1wXPDcxGteBeQbGOIdcn7esn6jJ93ThmTtM/JzRMqQ== Completed in 24ms
2131 timing metavuln:cache:get:security-advisory:vercel:j1cSdYNFpaWEuiVE4m4tYcHcSs1KdJhL1umi4twXdlncUa9BhoiGEve8en35DBZ2m59ePpc2dUBQ1z0/C3x2XA== Completed in 0ms
2132 timing metavuln:load:security-advisory:vercel:CQ5Btm+pmQhjRezzO8EVIA+BdhqTDZLFCEiMj9qTJfzWAM+wlv4glEpCqjnE9cSlnebOdfeFIFE2O9wotkNoqw== Completed in 17ms
2133 timing metavuln:cache:put:security-advisory:vercel:j1cSdYNFpaWEuiVE4m4tYcHcSs1KdJhL1umi4twXdlncUa9BhoiGEve8en35DBZ2m59ePpc2dUBQ1z0/C3x2XA== Completed in 2ms
2134 timing metavuln:calculate:security-advisory:vercel:CQ5Btm+pmQhjRezzO8EVIA+BdhqTDZLFCEiMj9qTJfzWAM+wlv4glEpCqjnE9cSlnebOdfeFIFE2O9wotkNoqw== Completed in 20ms
2135 timing metavuln:cache:get:security-advisory:vercel:laT7q/pik3gwmw8STBfORGEo3cFXxhjSq6rTn+H4C3dptYi1eIKwNYVmx+wjzWcIpJnhxB+1ZSOE0ODu4l7jCQ== Completed in 0ms
2136 timing metavuln:load:security-advisory:vercel:sAK5ipNffQc0xqQz7e/iD0zgBOJPYaX/VcQlFsNudEDNWg3nH8+51ax9BbgaJ1E91Kms8WZl2kkLs3DFwF3MmQ== Completed in 21ms
2137 timing metavuln:cache:put:security-advisory:vercel:laT7q/pik3gwmw8STBfORGEo3cFXxhjSq6rTn+H4C3dptYi1eIKwNYVmx+wjzWcIpJnhxB+1ZSOE0ODu4l7jCQ== Completed in 36ms
2138 timing metavuln:calculate:security-advisory:vercel:sAK5ipNffQc0xqQz7e/iD0zgBOJPYaX/VcQlFsNudEDNWg3nH8+51ax9BbgaJ1E91Kms8WZl2kkLs3DFwF3MmQ== Completed in 57ms
2139 timing metavuln:cache:get:security-advisory:vercel:CEKi3oBtgAZGJ7JduLu6MbiLFn7jvoBn5OflvwQ6Q8CBkXY7HVFYMHzzl/0rZ+jdbJaR1uyw0bhAOdxBimWy8w== Completed in 0ms
2140 timing metavuln:load:security-advisory:vercel:reHCEfaMq2AFkj9JvsCnvCMBS4D9p04qOQAVB+9RN7jcwgFy2ut3+GzIxmNIf9TBqeH4W/OXB6ODFP8Bd2jNRQ== Completed in 24ms
2141 timing metavuln:cache:put:security-advisory:vercel:CEKi3oBtgAZGJ7JduLu6MbiLFn7jvoBn5OflvwQ6Q8CBkXY7HVFYMHzzl/0rZ+jdbJaR1uyw0bhAOdxBimWy8w== Completed in 6ms
2142 timing metavuln:calculate:security-advisory:vercel:reHCEfaMq2AFkj9JvsCnvCMBS4D9p04qOQAVB+9RN7jcwgFy2ut3+GzIxmNIf9TBqeH4W/OXB6ODFP8Bd2jNRQ== Completed in 30ms
2143 timing metavuln:cache:get:security-advisory:vercel:Q6TH3eTJv9fAtsfDBRtebmqKZSX2eNGcN0ekoNzW8014RucfTCciAvzzdSMpIR6qCy7O6t+4bfxSwVaAqA7ZdA== Completed in 0ms
2144 timing metavuln:load:security-advisory:vercel:OBy/NW798wUAOfdrvzdx/ktO1PxPCrKRx+Mf8OkpZx2+C+JCYEC+0GjYXJ2GGUess2DIZbrnRnXMtiWdEPl1qQ== Completed in 16ms
2145 timing metavuln:cache:put:security-advisory:vercel:Q6TH3eTJv9fAtsfDBRtebmqKZSX2eNGcN0ekoNzW8014RucfTCciAvzzdSMpIR6qCy7O6t+4bfxSwVaAqA7ZdA== Completed in 9ms
2146 timing metavuln:calculate:security-advisory:vercel:OBy/NW798wUAOfdrvzdx/ktO1PxPCrKRx+Mf8OkpZx2+C+JCYEC+0GjYXJ2GGUess2DIZbrnRnXMtiWdEPl1qQ== Completed in 25ms
2147 timing metavuln:cache:get:security-advisory:vercel:J/7HGBUrTAmGL7yBXDOceuVP4BiUIRG4uY/1C8qGVsRqdqkwSSIdcq4/RLCBXVC1m4oxh936F4+Uhx2Of6ND6A== Completed in 0ms
2148 timing metavuln:load:security-advisory:vercel:NIHDVJ4dvxII3C7QMDmNN+Y7nzK7WenXsae4j46gbKExDYXPsdLcQF/b/cEkiLI4AdRSpbyuNjo9z1qYDQ4IdQ== Completed in 13ms
2149 timing metavuln:cache:put:security-advisory:vercel:J/7HGBUrTAmGL7yBXDOceuVP4BiUIRG4uY/1C8qGVsRqdqkwSSIdcq4/RLCBXVC1m4oxh936F4+Uhx2Of6ND6A== Completed in 6ms
2150 timing metavuln:calculate:security-advisory:vercel:NIHDVJ4dvxII3C7QMDmNN+Y7nzK7WenXsae4j46gbKExDYXPsdLcQF/b/cEkiLI4AdRSpbyuNjo9z1qYDQ4IdQ== Completed in 19ms
2151 timing metavuln:cache:get:security-advisory:@vercel/express:oqyDJWt5d1wmWYQarnB469EUwQjITrZ4Rd46yL/ZIVd3aHiuMsoZ74MYIfPtd58QbAYlYFx7mw7bmLkQSaR/QA== Completed in 3ms
2152 timing metavuln:load:security-advisory:@vercel/express:UO7aphYqffH+B0GfQy8YDCTAcsZ9xDlmGBqbahRAsCJhrgjVu7bBb1bUBU93iqutPiJTx7t/HiK75ImvmN8f0g== Completed in 1ms
2153 timing metavuln:cache:get:security-advisory:@vercel/hono:ziUiAOG/IofRuQ2EYilE/NaSXkF832u6bWSy8Z80P+D/c7/FCz5umSSZJvlhonw1rYJSu5+FwHNAbrmDQwk7Jg== Completed in 4ms
2154 timing metavuln:load:security-advisory:@vercel/hono:UO7aphYqffH+B0GfQy8YDCTAcsZ9xDlmGBqbahRAsCJhrgjVu7bBb1bUBU93iqutPiJTx7t/HiK75ImvmN8f0g== Completed in 1ms
2155 timing metavuln:cache:get:security-advisory:@vercel/hydrogen:Lo8qke9KN1u0tea+THPWGFwgH69yE8+b1u/1ST7S+sxfi8pGWVMuTdFjahbPq0xnNCwbtTdNnGE8rUxHG1qG4Q== Completed in 5ms
2156 timing metavuln:load:security-advisory:@vercel/hydrogen:UO7aphYqffH+B0GfQy8YDCTAcsZ9xDlmGBqbahRAsCJhrgjVu7bBb1bUBU93iqutPiJTx7t/HiK75ImvmN8f0g== Completed in 1ms
2157 timing metavuln:cache:get:security-advisory:@vercel/redwood:/xYT5PQoT4TIJfkP9X4B1E6kTOx5CEOjR4av6gXJ/qDlDhHucU5XdAinyPf0SdbAiv2FjVUX2LgKMBDMEL0D4Q== Completed in 6ms
2158 timing metavuln:load:security-advisory:@vercel/redwood:UO7aphYqffH+B0GfQy8YDCTAcsZ9xDlmGBqbahRAsCJhrgjVu7bBb1bUBU93iqutPiJTx7t/HiK75ImvmN8f0g== Completed in 3ms
2159 timing metavuln:cache:get:security-advisory:@vercel/node:Lq+8UOzQogjAJ+KV93zHDWrJ4eLVUeMsuLOxX38CDJ4I/5R4IekHN29APpD6X7IIhU9E+JqfXhy4oRwk6KivLw== Completed in 9ms
2160 timing metavuln:load:security-advisory:@vercel/node:UO7aphYqffH+B0GfQy8YDCTAcsZ9xDlmGBqbahRAsCJhrgjVu7bBb1bUBU93iqutPiJTx7t/HiK75ImvmN8f0g== Completed in 7ms
2161 timing metavuln:cache:get:security-advisory:@vercel/remix-builder:JLivfGaGXSK8TIgu9YhZIYiistDqUQnoF4BV6wYvHp1QEscv6pewBm6IfV6AU+ieqTF+YMYQFAOyegDgEYAJjQ== Completed in 16ms
2162 timing metavuln:load:security-advisory:@vercel/remix-builder:UO7aphYqffH+B0GfQy8YDCTAcsZ9xDlmGBqbahRAsCJhrgjVu7bBb1bUBU93iqutPiJTx7t/HiK75ImvmN8f0g== Completed in 2ms
2163 timing metavuln:cache:get:security-advisory:@vercel/static-build:DRuT/JrbRjsRrG604n0r4Z5glgPJvDZuq/kTUQDMD/Hj+lYwcNlBvrJLO6SyhtBJV2Q/S6zLIj5nLks4k4u0jA== Completed in 17ms
2164 timing metavuln:load:security-advisory:@vercel/static-build:UO7aphYqffH+B0GfQy8YDCTAcsZ9xDlmGBqbahRAsCJhrgjVu7bBb1bUBU93iqutPiJTx7t/HiK75ImvmN8f0g== Completed in 5ms
2165 timing metavuln:cache:get:security-advisory:@vercel/static-config:WsqhpJSbKbO5+m16waWx9ATwgSI7jKvFdPWYYlpVgO09l4hFKVLGb2URbgLmCxgN0upEGyWo5Q5zjuFxQLZjjA== Completed in 22ms
2166 timing metavuln:load:security-advisory:@vercel/static-config:UO7aphYqffH+B0GfQy8YDCTAcsZ9xDlmGBqbahRAsCJhrgjVu7bBb1bUBU93iqutPiJTx7t/HiK75ImvmN8f0g== Completed in 1ms
2167 timing metavuln:cache:put:security-advisory:@vercel/hono:ziUiAOG/IofRuQ2EYilE/NaSXkF832u6bWSy8Z80P+D/c7/FCz5umSSZJvlhonw1rYJSu5+FwHNAbrmDQwk7Jg== Completed in 25ms
2168 timing metavuln:calculate:security-advisory:@vercel/hono:UO7aphYqffH+B0GfQy8YDCTAcsZ9xDlmGBqbahRAsCJhrgjVu7bBb1bUBU93iqutPiJTx7t/HiK75ImvmN8f0g== Completed in 30ms
2169 timing metavuln:cache:put:security-advisory:@vercel/remix-builder:JLivfGaGXSK8TIgu9YhZIYiistDqUQnoF4BV6wYvHp1QEscv6pewBm6IfV6AU+ieqTF+YMYQFAOyegDgEYAJjQ== Completed in 12ms
2170 timing metavuln:calculate:security-advisory:@vercel/remix-builder:UO7aphYqffH+B0GfQy8YDCTAcsZ9xDlmGBqbahRAsCJhrgjVu7bBb1bUBU93iqutPiJTx7t/HiK75ImvmN8f0g== Completed in 30ms
2171 timing metavuln:cache:put:security-advisory:@vercel/static-build:DRuT/JrbRjsRrG604n0r4Z5glgPJvDZuq/kTUQDMD/Hj+lYwcNlBvrJLO6SyhtBJV2Q/S6zLIj5nLks4k4u0jA== Completed in 8ms
2172 timing metavuln:calculate:security-advisory:@vercel/static-build:UO7aphYqffH+B0GfQy8YDCTAcsZ9xDlmGBqbahRAsCJhrgjVu7bBb1bUBU93iqutPiJTx7t/HiK75ImvmN8f0g== Completed in 30ms
2173 timing metavuln:cache:put:security-advisory:@vercel/hydrogen:Lo8qke9KN1u0tea+THPWGFwgH69yE8+b1u/1ST7S+sxfi8pGWVMuTdFjahbPq0xnNCwbtTdNnGE8rUxHG1qG4Q== Completed in 25ms
2174 timing metavuln:calculate:security-advisory:@vercel/hydrogen:UO7aphYqffH+B0GfQy8YDCTAcsZ9xDlmGBqbahRAsCJhrgjVu7bBb1bUBU93iqutPiJTx7t/HiK75ImvmN8f0g== Completed in 31ms
2175 timing metavuln:cache:put:security-advisory:@vercel/static-config:WsqhpJSbKbO5+m16waWx9ATwgSI7jKvFdPWYYlpVgO09l4hFKVLGb2URbgLmCxgN0upEGyWo5Q5zjuFxQLZjjA== Completed in 7ms
2176 timing metavuln:calculate:security-advisory:@vercel/static-config:UO7aphYqffH+B0GfQy8YDCTAcsZ9xDlmGBqbahRAsCJhrgjVu7bBb1bUBU93iqutPiJTx7t/HiK75ImvmN8f0g== Completed in 30ms
2177 timing metavuln:cache:put:security-advisory:@vercel/express:oqyDJWt5d1wmWYQarnB469EUwQjITrZ4Rd46yL/ZIVd3aHiuMsoZ74MYIfPtd58QbAYlYFx7mw7bmLkQSaR/QA== Completed in 27ms
2178 timing metavuln:calculate:security-advisory:@vercel/express:UO7aphYqffH+B0GfQy8YDCTAcsZ9xDlmGBqbahRAsCJhrgjVu7bBb1bUBU93iqutPiJTx7t/HiK75ImvmN8f0g== Completed in 31ms
2179 timing metavuln:cache:put:security-advisory:@vercel/node:Lq+8UOzQogjAJ+KV93zHDWrJ4eLVUeMsuLOxX38CDJ4I/5R4IekHN29APpD6X7IIhU9E+JqfXhy4oRwk6KivLw== Completed in 15ms
2180 timing metavuln:calculate:security-advisory:@vercel/node:UO7aphYqffH+B0GfQy8YDCTAcsZ9xDlmGBqbahRAsCJhrgjVu7bBb1bUBU93iqutPiJTx7t/HiK75ImvmN8f0g== Completed in 31ms
2181 timing metavuln:cache:put:security-advisory:@vercel/redwood:/xYT5PQoT4TIJfkP9X4B1E6kTOx5CEOjR4av6gXJ/qDlDhHucU5XdAinyPf0SdbAiv2FjVUX2LgKMBDMEL0D4Q== Completed in 23ms
2182 timing metavuln:calculate:security-advisory:@vercel/redwood:UO7aphYqffH+B0GfQy8YDCTAcsZ9xDlmGBqbahRAsCJhrgjVu7bBb1bUBU93iqutPiJTx7t/HiK75ImvmN8f0g== Completed in 32ms
2183 timing metavuln:packument:@vercel/backends Completed in 0ms
2184 timing metavuln:packument:@vercel/gatsby-plugin-vercel-builder Completed in 0ms
2185 timing metavuln:cache:get:security-advisory:vercel:ryCoK5jw6Qt10GU7UFApTCCufr4xmXYGgPPL4UJZyGeW2cFmzhw0roYHjzKNDsnQM4F69jjRC+bwxjgZ7dICXQ== Completed in 0ms
2186 timing metavuln:load:security-advisory:vercel:fr3l+JM4mgoUXJD/hSApRmDXuycqzdg/YMZ5EHbG2pSpKUiDEELOYA04k767uXjA5CRvTuKNPF05Z25uML4aBw== Completed in 151ms
2187 timing metavuln:cache:get:security-advisory:@vercel/backends:IdEhh8LQ32HHUrKI8PQiOOu9q36VYAw1O++A1vp2llFLQJP7qK7JUUHojU//esybWfgaEG3hosuWvYvi9M/CPg== Completed in 152ms
2188 timing metavuln:load:security-advisory:@vercel/backends:fr3l+JM4mgoUXJD/hSApRmDXuycqzdg/YMZ5EHbG2pSpKUiDEELOYA04k767uXjA5CRvTuKNPF05Z25uML4aBw== Completed in 0ms
2189 timing metavuln:cache:get:security-advisory:@vercel/node:9im7KGIDMyNhAuvpSy7y2hWK/cLi+/3HmrYafJAiTmNVB8RiKXi2N96pjM1vhd5NC9sNNYuGdNECjeJ8QfHePQ== Completed in 152ms
2190 timing metavuln:load:security-advisory:@vercel/node:fr3l+JM4mgoUXJD/hSApRmDXuycqzdg/YMZ5EHbG2pSpKUiDEELOYA04k767uXjA5CRvTuKNPF05Z25uML4aBw== Completed in 5ms
2191 timing metavuln:cache:get:security-advisory:@vercel/gatsby-plugin-vercel-builder:UYfnRSpSfLIHp/BlwwV9xW1CpIbDfY0jKefLuZaneTL7wYjL4A9bsm2igbCxmUVkI+Zk9pQI/UzLWNvpCu4fFA== Completed in 157ms
2192 timing metavuln:load:security-advisory:@vercel/gatsby-plugin-vercel-builder:fr3l+JM4mgoUXJD/hSApRmDXuycqzdg/YMZ5EHbG2pSpKUiDEELOYA04k767uXjA5CRvTuKNPF05Z25uML4aBw== Completed in 2ms
2193 timing metavuln:cache:put:security-advisory:@vercel/node:9im7KGIDMyNhAuvpSy7y2hWK/cLi+/3HmrYafJAiTmNVB8RiKXi2N96pjM1vhd5NC9sNNYuGdNECjeJ8QfHePQ== Completed in 77ms
2194 timing metavuln:calculate:security-advisory:@vercel/node:fr3l+JM4mgoUXJD/hSApRmDXuycqzdg/YMZ5EHbG2pSpKUiDEELOYA04k767uXjA5CRvTuKNPF05Z25uML4aBw== Completed in 234ms
2195 timing metavuln:cache:put:security-advisory:@vercel/gatsby-plugin-vercel-builder:UYfnRSpSfLIHp/BlwwV9xW1CpIbDfY0jKefLuZaneTL7wYjL4A9bsm2igbCxmUVkI+Zk9pQI/UzLWNvpCu4fFA== Completed in 76ms
2196 timing metavuln:calculate:security-advisory:@vercel/gatsby-plugin-vercel-builder:fr3l+JM4mgoUXJD/hSApRmDXuycqzdg/YMZ5EHbG2pSpKUiDEELOYA04k767uXjA5CRvTuKNPF05Z25uML4aBw== Completed in 235ms
2197 timing metavuln:cache:put:security-advisory:@vercel/backends:IdEhh8LQ32HHUrKI8PQiOOu9q36VYAw1O++A1vp2llFLQJP7qK7JUUHojU//esybWfgaEG3hosuWvYvi9M/CPg== Completed in 83ms
2198 timing metavuln:calculate:security-advisory:@vercel/backends:fr3l+JM4mgoUXJD/hSApRmDXuycqzdg/YMZ5EHbG2pSpKUiDEELOYA04k767uXjA5CRvTuKNPF05Z25uML4aBw== Completed in 235ms
2199 timing metavuln:cache:put:security-advisory:vercel:ryCoK5jw6Qt10GU7UFApTCCufr4xmXYGgPPL4UJZyGeW2cFmzhw0roYHjzKNDsnQM4F69jjRC+bwxjgZ7dICXQ== Completed in 85ms
2200 timing metavuln:calculate:security-advisory:vercel:fr3l+JM4mgoUXJD/hSApRmDXuycqzdg/YMZ5EHbG2pSpKUiDEELOYA04k767uXjA5CRvTuKNPF05Z25uML4aBw== Completed in 237ms
2201 timing metavuln:cache:get:security-advisory:vercel:80lFSmorcfvJ+hG+ekL/WDjEhS8Vv6lePExVsH5aMFkmDmvucOqrMRQ8v9xkT6fTSN6Hefari2suQ0rh/ok3WQ== Completed in 0ms
2202 timing metavuln:load:security-advisory:vercel:tSNyvvtbkDkMfTrFdl+FyL6IHjMHKoJwcDuxAQ3YDOqnSm3xc2oyXR6M3ZYnRbDLVkbfainhJZC8JRayMQaHyw== Completed in 64ms
2203 timing metavuln:cache:put:security-advisory:vercel:80lFSmorcfvJ+hG+ekL/WDjEhS8Vv6lePExVsH5aMFkmDmvucOqrMRQ8v9xkT6fTSN6Hefari2suQ0rh/ok3WQ== Completed in 3ms
2204 timing metavuln:calculate:security-advisory:vercel:tSNyvvtbkDkMfTrFdl+FyL6IHjMHKoJwcDuxAQ3YDOqnSm3xc2oyXR6M3ZYnRbDLVkbfainhJZC8JRayMQaHyw== Completed in 68ms
2205 timing metavuln:cache:get:security-advisory:vercel:0kmLzNuNtD0IQF3uPs3F5H01c0uE+xmJL5UlaiEffJAFEiYtvgcebBXSEnUZD30XkOt4sQFTm9ZgEWVj/jReYQ== Completed in 0ms
2206 timing metavuln:load:security-advisory:vercel:xTOviaWmLaxlfhtoX0aXS5FN9CG178M/BKv63irZu70uvv8ip5lSw0Y36gen4a0Qjl8kHT3oBwMkqveyBOjEZQ== Completed in 47ms
2207 timing metavuln:cache:put:security-advisory:vercel:0kmLzNuNtD0IQF3uPs3F5H01c0uE+xmJL5UlaiEffJAFEiYtvgcebBXSEnUZD30XkOt4sQFTm9ZgEWVj/jReYQ== Completed in 3ms
2208 timing metavuln:calculate:security-advisory:vercel:xTOviaWmLaxlfhtoX0aXS5FN9CG178M/BKv63irZu70uvv8ip5lSw0Y36gen4a0Qjl8kHT3oBwMkqveyBOjEZQ== Completed in 50ms
2209 timing metavuln:cache:get:security-advisory:vercel:687fDZSIhlqG+b5fJPDmURDAKqFIXdEOSs5X8PAwzX6k/ENkvYNg8ElNYE6oPTih2a295RgxkfVjGJC7dCoB9Q== Completed in 0ms
2210 timing metavuln:load:security-advisory:vercel:7dO7kEHip54ZaZUPqnI7zS3EXLcG5y2Mji9qfPZ/cn16ODygqd5sgqdgZoaDQJgmG3pNl60RZXn+fWddJcMQ0Q== Completed in 39ms
2211 timing metavuln:cache:put:security-advisory:vercel:687fDZSIhlqG+b5fJPDmURDAKqFIXdEOSs5X8PAwzX6k/ENkvYNg8ElNYE6oPTih2a295RgxkfVjGJC7dCoB9Q== Completed in 8ms
2212 timing metavuln:calculate:security-advisory:vercel:7dO7kEHip54ZaZUPqnI7zS3EXLcG5y2Mji9qfPZ/cn16ODygqd5sgqdgZoaDQJgmG3pNl60RZXn+fWddJcMQ0Q== Completed in 47ms
2213 timing metavuln:cache:get:security-advisory:vercel:DUDRllbuHKlDbmpW1sbVA6YM/B2Fnh2mCgNoAfPwZFfueE4U33fSGlS1L2xdjtAHgGRKdkIV4NnHKPMoidFBTA== Completed in 2ms
2214 timing metavuln:load:security-advisory:vercel:tyHJ9RQ6N4bDnaI/nv1VOL7YHK7/JJoJAWcJVf4HSFcMtpB5OPFiqSpztmEYPT8rsDxqYVbeIJOvw8oB7OsAxg== Completed in 127ms
2215 timing metavuln:cache:put:security-advisory:vercel:DUDRllbuHKlDbmpW1sbVA6YM/B2Fnh2mCgNoAfPwZFfueE4U33fSGlS1L2xdjtAHgGRKdkIV4NnHKPMoidFBTA== Completed in 82ms
2216 timing metavuln:calculate:security-advisory:vercel:tyHJ9RQ6N4bDnaI/nv1VOL7YHK7/JJoJAWcJVf4HSFcMtpB5OPFiqSpztmEYPT8rsDxqYVbeIJOvw8oB7OsAxg== Completed in 212ms
2217 timing metavuln:cache:get:security-advisory:@vercel/static-build:YcIobZFHEIVxdVnaZIn5K6XhLdHKvJhYNVVI7yr6loEe5dq49QlPk/5zPtLdlxC9QZJAfNjdyv08mHEyGX8q9A== Completed in 0ms
2218 timing metavuln:load:security-advisory:@vercel/static-build:UYfnRSpSfLIHp/BlwwV9xW1CpIbDfY0jKefLuZaneTL7wYjL4A9bsm2igbCxmUVkI+Zk9pQI/UzLWNvpCu4fFA== Completed in 36ms
2219 timing metavuln:cache:put:security-advisory:@vercel/static-build:YcIobZFHEIVxdVnaZIn5K6XhLdHKvJhYNVVI7yr6loEe5dq49QlPk/5zPtLdlxC9QZJAfNjdyv08mHEyGX8q9A== Completed in 4ms
2220 timing metavuln:calculate:security-advisory:@vercel/static-build:UYfnRSpSfLIHp/BlwwV9xW1CpIbDfY0jKefLuZaneTL7wYjL4A9bsm2igbCxmUVkI+Zk9pQI/UzLWNvpCu4fFA== Completed in 40ms
2221 timing metavuln:packument:@vercel/cervel Completed in 0ms
2222 timing metavuln:cache:get:security-advisory:vercel:fyMmqOr5FEgWP9QOsSxGuGAJ9rnQP31PhlVXKUBPSkxFx6ErhCf0X9QCrQRFNsdKv+D5NabLhXgITtsXAlhsOw== Completed in 3ms
2223 timing metavuln:load:security-advisory:vercel:IdEhh8LQ32HHUrKI8PQiOOu9q36VYAw1O++A1vp2llFLQJP7qK7JUUHojU//esybWfgaEG3hosuWvYvi9M/CPg== Completed in 14ms
2224 timing metavuln:cache:get:security-advisory:@vercel/cervel:WAXwJ6CgbRs+q9auwfkamc86MqXzLW4POAmr/qKIY0ayO9gGfsHxXbqg2AchgO2KLhJhLAWcuzgMGh4aop0HyQ== Completed in 18ms
2225 timing metavuln:load:security-advisory:@vercel/cervel:IdEhh8LQ32HHUrKI8PQiOOu9q36VYAw1O++A1vp2llFLQJP7qK7JUUHojU//esybWfgaEG3hosuWvYvi9M/CPg== Completed in 0ms
2226 timing metavuln:cache:put:security-advisory:vercel:fyMmqOr5FEgWP9QOsSxGuGAJ9rnQP31PhlVXKUBPSkxFx6ErhCf0X9QCrQRFNsdKv+D5NabLhXgITtsXAlhsOw== Completed in 5ms
2227 timing metavuln:calculate:security-advisory:vercel:IdEhh8LQ32HHUrKI8PQiOOu9q36VYAw1O++A1vp2llFLQJP7qK7JUUHojU//esybWfgaEG3hosuWvYvi9M/CPg== Completed in 23ms
2228 timing metavuln:cache:put:security-advisory:@vercel/cervel:WAXwJ6CgbRs+q9auwfkamc86MqXzLW4POAmr/qKIY0ayO9gGfsHxXbqg2AchgO2KLhJhLAWcuzgMGh4aop0HyQ== Completed in 5ms
2229 timing metavuln:calculate:security-advisory:@vercel/cervel:IdEhh8LQ32HHUrKI8PQiOOu9q36VYAw1O++A1vp2llFLQJP7qK7JUUHojU//esybWfgaEG3hosuWvYvi9M/CPg== Completed in 23ms
2230 timing metavuln:cache:get:security-advisory:@vercel/express:+TXL7z1h0b1q1g6fY5c5ZMzLD5iV9dO3zPlO1N8lcCEJh5GiKtAzi9brRqc0cUrrtOte9UD+acWTVeA0+hTs3Q== Completed in 0ms
2231 timing metavuln:load:security-advisory:@vercel/express:WAXwJ6CgbRs+q9auwfkamc86MqXzLW4POAmr/qKIY0ayO9gGfsHxXbqg2AchgO2KLhJhLAWcuzgMGh4aop0HyQ== Completed in 2ms
2232 timing metavuln:cache:put:security-advisory:@vercel/express:+TXL7z1h0b1q1g6fY5c5ZMzLD5iV9dO3zPlO1N8lcCEJh5GiKtAzi9brRqc0cUrrtOte9UD+acWTVeA0+hTs3Q== Completed in 1ms
2233 timing metavuln:calculate:security-advisory:@vercel/express:WAXwJ6CgbRs+q9auwfkamc86MqXzLW4POAmr/qKIY0ayO9gGfsHxXbqg2AchgO2KLhJhLAWcuzgMGh4aop0HyQ== Completed in 3ms
2234 timing auditReport:init Completed in 1352ms
2235 timing reify:audit Completed in 2045ms
2236 http fetch GET 200 https://registry.npmjs.org/lru-cache/-/lru-cache-6.0.0.tgz 2188ms (cache miss)
2237 timing reifyNode:node_modules/semver/node_modules/lru-cache Completed in 2499ms
2238 http fetch GET 200 https://registry.npmjs.org/@vercel/error-utils/-/error-utils-2.0.3.tgz 2325ms (cache miss)
2239 timing reifyNode:node_modules/@vercel/error-utils Completed in 2531ms
2240 http fetch GET 200 https://registry.npmjs.org/abbrev/-/abbrev-3.0.1.tgz 2517ms (cache miss)
2241 timing reifyNode:node_modules/abbrev Completed in 2664ms
2242 http fetch GET 200 https://registry.npmjs.org/is-buffer/-/is-buffer-2.0.5.tgz 2416ms (cache miss)
2243 timing reifyNode:node_modules/is-buffer Completed in 2686ms
2244 http fetch GET 200 https://registry.npmjs.org/es-set-tostringtag/-/es-set-tostringtag-2.1.0.tgz 2535ms (cache miss)
2245 timing reifyNode:node_modules/es-set-tostringtag Completed in 2701ms
2246 http fetch GET 200 https://registry.npmjs.org/minimatch/-/minimatch-3.1.3.tgz 2497ms (cache miss)
2247 timing reifyNode:node_modules/@ts-morph/common/node_modules/minimatch Completed in 2815ms
2248 http fetch GET 200 https://registry.npmjs.org/queue-microtask/-/queue-microtask-1.2.3.tgz 2741ms (cache miss)
2249 timing reifyNode:node_modules/queue-microtask Completed in 2852ms
2250 http fetch GET 200 https://registry.npmjs.org/yauzl-clone/-/yauzl-clone-1.0.4.tgz 2821ms (cache miss)
2251 timing reifyNode:node_modules/yauzl-clone Completed in 2929ms
2252 http fetch GET 200 https://registry.npmjs.org/ms/-/ms-2.1.1.tgz 2686ms (cache miss)
2253 timing reifyNode:node_modules/ms Completed in 2931ms
2254 http fetch GET 200 https://registry.npmjs.org/tree-kill/-/tree-kill-1.2.2.tgz 2725ms (cache miss)
2255 timing reifyNode:node_modules/tree-kill Completed in 2954ms
2256 http fetch GET 200 https://registry.npmjs.org/isexe/-/isexe-2.0.0.tgz 2994ms (cache miss)
2257 timing reifyNode:node_modules/isexe Completed in 3105ms
2258 http fetch GET 200 https://registry.npmjs.org/@vercel/static-config/-/static-config-3.1.2.tgz 2827ms (cache miss)
2259 timing reifyNode:node_modules/@vercel/static-config Completed in 3107ms
2260 http fetch GET 200 https://registry.npmjs.org/parse-ms/-/parse-ms-2.1.0.tgz 3533ms (cache miss)
2261 timing reifyNode:node_modules/parse-ms Completed in 3677ms
2262 http fetch GET 200 https://registry.npmjs.org/function-bind/-/function-bind-1.1.2.tgz 3529ms (cache miss)
2263 timing reifyNode:node_modules/function-bind Completed in 3692ms
2264 http fetch GET 200 https://registry.npmjs.org/@bytecodealliance/preview2-shim/-/preview2-shim-0.17.6.tgz 3696ms (cache miss)
2265 timing reifyNode:node_modules/@bytecodealliance/preview2-shim Completed in 3896ms
2266 http fetch GET 200 https://registry.npmjs.org/uri-js/-/uri-js-4.4.1.tgz 3872ms (cache miss)
2267 timing reifyNode:node_modules/uri-js Completed in 4059ms
2268 http fetch GET 200 https://registry.npmjs.org/acorn/-/acorn-8.16.0.tgz 4012ms (cache miss)
2269 timing reifyNode:node_modules/acorn Completed in 4230ms
2270 http fetch GET 200 https://registry.npmjs.org/combined-stream/-/combined-stream-1.0.8.tgz 4286ms (cache miss)
2271 timing reifyNode:node_modules/combined-stream Completed in 4455ms
2272 http fetch GET 200 https://registry.npmjs.org/@emnapi/core/-/core-1.8.1.tgz 5242ms (cache miss)
2273 timing reifyNode:node_modules/@emnapi/core Completed in 5389ms
2274 http fetch GET 200 https://registry.npmjs.org/undici/-/undici-5.28.4.tgz 6136ms (cache miss)
2275 timing reifyNode:node_modules/@vercel/node/node_modules/undici Completed in 6470ms
2276 http fetch GET 200 https://registry.npmjs.org/to-regex-range/-/to-regex-range-5.0.1.tgz 6988ms (cache miss)
2277 timing reifyNode:node_modules/to-regex-range Completed in 7101ms
2278 http fetch GET 200 https://registry.npmjs.org/get-proto/-/get-proto-1.0.1.tgz 7000ms (cache miss)
2279 timing reifyNode:node_modules/get-proto Completed in 7161ms
2280 http fetch GET 200 https://registry.npmjs.org/is-stream/-/is-stream-2.0.1.tgz 6986ms (cache miss)
2281 timing reifyNode:node_modules/is-stream Completed in 7164ms
2282 http fetch GET 200 https://registry.npmjs.org/bytes/-/bytes-3.1.0.tgz 7039ms (cache miss)
2283 timing reifyNode:node_modules/bytes Completed in 7170ms
2284 http fetch GET 200 https://registry.npmjs.org/path-key/-/path-key-3.1.1.tgz 6993ms (cache miss)
2285 timing reifyNode:node_modules/path-key Completed in 7173ms
2286 http fetch GET 200 https://registry.npmjs.org/netmask/-/netmask-2.0.2.tgz 7113ms (cache miss)
2287 timing reifyNode:node_modules/netmask Completed in 7252ms
2288 http fetch GET 200 https://registry.npmjs.org/gopd/-/gopd-1.2.0.tgz 7175ms (cache miss)
2289 timing reifyNode:node_modules/gopd Completed in 7335ms
2290 http fetch GET 200 https://registry.npmjs.org/@isaacs/balanced-match/-/balanced-match-4.0.1.tgz 7257ms (cache miss)
2291 timing reifyNode:node_modules/@isaacs/balanced-match Completed in 7405ms
2292 http fetch GET 200 https://registry.npmjs.org/@isaacs/fs-minipass/-/fs-minipass-4.0.1.tgz 7292ms (cache miss)
2293 timing reifyNode:node_modules/@isaacs/fs-minipass Completed in 7421ms
2294 http fetch GET 200 https://registry.npmjs.org/micromatch/-/micromatch-4.0.8.tgz 7350ms (cache miss)
2295 timing reifyNode:node_modules/micromatch Completed in 7466ms
2296 http fetch GET 200 https://registry.npmjs.org/@oxc-project/types/-/types-0.110.0.tgz 7340ms (cache miss)
2297 timing reifyNode:node_modules/@oxc-project/types Completed in 7465ms
2298 http fetch GET 200 https://registry.npmjs.org/escodegen/-/escodegen-2.1.0.tgz 7505ms (cache miss)
2299 timing reifyNode:node_modules/escodegen Completed in 7642ms
2300 http fetch GET 200 https://registry.npmjs.org/proxy-agent/-/proxy-agent-6.4.0.tgz 8107ms (cache miss)
2301 timing reifyNode:node_modules/proxy-agent Completed in 8383ms
2302 http fetch GET 200 https://registry.npmjs.org/json-schema-traverse/-/json-schema-traverse-1.0.0.tgz 8296ms (cache miss)
2303 timing reifyNode:node_modules/json-schema-traverse Completed in 8485ms
2304 http fetch GET 200 https://registry.npmjs.org/undici-types/-/undici-types-5.26.5.tgz 8572ms (cache miss)
2305 timing reifyNode:node_modules/undici-types Completed in 8769ms
2306 http fetch GET 200 https://registry.npmjs.org/rolldown/-/rolldown-1.0.0-rc.1.tgz 10142ms (cache miss)
2307 timing reifyNode:node_modules/rolldown Completed in 10414ms
2308 http fetch GET 200 https://registry.npmjs.org/fast-deep-equal/-/fast-deep-equal-3.1.3.tgz 11072ms (cache miss)
2309 timing reifyNode:node_modules/fast-deep-equal Completed in 11263ms
2310 http fetch GET 200 https://registry.npmjs.org/@edge-runtime/primitives/-/primitives-4.1.0.tgz 11748ms (cache miss)
2311 timing reifyNode:node_modules/@edge-runtime/primitives Completed in 11957ms
2312 http fetch GET 200 https://registry.npmjs.org/path-scurry/-/path-scurry-2.0.2.tgz 12026ms (cache miss)
2313 timing reifyNode:node_modules/path-scurry Completed in 12178ms
2314 http fetch GET 200 https://registry.npmjs.org/buffer-crc32/-/buffer-crc32-0.2.13.tgz 12278ms (cache miss)
2315 timing reifyNode:node_modules/buffer-crc32 Completed in 12384ms
2316 http fetch GET 200 https://registry.npmjs.org/pend/-/pend-1.2.0.tgz 12285ms (cache miss)
2317 timing reifyNode:node_modules/pend Completed in 12392ms
2318 http fetch GET 200 https://registry.npmjs.org/shebang-regex/-/shebang-regex-3.0.0.tgz 12265ms (cache miss)
2319 timing reifyNode:node_modules/shebang-regex Completed in 12390ms
2320 http fetch GET 200 https://registry.npmjs.org/fd-slicer/-/fd-slicer-1.1.0.tgz 12308ms (cache miss)
2321 timing reifyNode:node_modules/fd-slicer Completed in 12413ms
2322 http fetch GET 200 https://registry.npmjs.org/end-of-stream/-/end-of-stream-1.4.5.tgz 12279ms (cache miss)
2323 timing reifyNode:node_modules/end-of-stream Completed in 12425ms
2324 http fetch GET 200 https://registry.npmjs.org/npm-run-path/-/npm-run-path-4.0.1.tgz 12241ms (cache miss)
2325 timing reifyNode:node_modules/npm-run-path Completed in 12419ms
2326 http fetch GET 200 https://registry.npmjs.org/is-number/-/is-number-7.0.0.tgz 12337ms (cache miss)
2327 timing reifyNode:node_modules/is-number Completed in 12450ms
2328 http fetch GET 200 https://registry.npmjs.org/http-proxy-agent/-/http-proxy-agent-7.0.2.tgz 12324ms (cache miss)
2329 timing reifyNode:node_modules/http-proxy-agent Completed in 12467ms
2330 http fetch GET 200 https://registry.npmjs.org/@rolldown/pluginutils/-/pluginutils-1.0.0-rc.1.tgz 12381ms (cache miss)
2331 timing reifyNode:node_modules/@rolldown/pluginutils Completed in 12505ms
2332 http fetch GET 200 https://registry.npmjs.org/picocolors/-/picocolors-1.0.0.tgz 12329ms (cache miss)
2333 timing reifyNode:node_modules/picocolors Completed in 12520ms
2334 http fetch GET 200 https://registry.npmjs.org/pac-proxy-agent/-/pac-proxy-agent-7.2.0.tgz 12384ms (cache miss)
2335 timing reifyNode:node_modules/pac-proxy-agent Completed in 12527ms
2336 http fetch GET 200 https://registry.npmjs.org/require-from-string/-/require-from-string-2.0.2.tgz 12367ms (cache miss)
2337 timing reifyNode:node_modules/require-from-string Completed in 12560ms
2338 http fetch GET 200 https://registry.npmjs.org/yauzl-promise/-/yauzl-promise-2.1.3.tgz 12429ms (cache miss)
2339 timing reifyNode:node_modules/yauzl-promise Completed in 12649ms
2340 http fetch GET 200 https://registry.npmjs.org/@vercel/gatsby-plugin-vercel-analytics/-/gatsby-plugin-vercel-analytics-1.0.11.tgz 12457ms (cache miss)
2341 timing reifyNode:node_modules/@vercel/gatsby-plugin-vercel-analytics Completed in 12652ms
2342 http fetch GET 200 https://registry.npmjs.org/stream-to-promise/-/stream-to-promise-2.2.0.tgz 12426ms (cache miss)
2343 timing reifyNode:node_modules/stream-to-promise Completed in 12658ms
2344 http fetch GET 200 https://registry.npmjs.org/promisepipe/-/promisepipe-3.0.0.tgz 12498ms (cache miss)
2345 timing reifyNode:node_modules/promisepipe Completed in 12735ms
2346 http fetch GET 200 https://registry.npmjs.org/safer-buffer/-/safer-buffer-2.1.2.tgz 12636ms (cache miss)
2347 timing reifyNode:node_modules/safer-buffer Completed in 12763ms
2348 http fetch GET 200 https://registry.npmjs.org/mime-types/-/mime-types-2.1.35.tgz 12665ms (cache miss)
2349 timing reifyNode:node_modules/mime-types Completed in 12865ms
2350 http fetch GET 200 https://registry.npmjs.org/retry/-/retry-0.13.1.tgz 12699ms (cache miss)
2351 timing reifyNode:node_modules/retry Completed in 12887ms
2352 http fetch GET 200 https://registry.npmjs.org/uid-promise/-/uid-promise-1.0.0.tgz 12651ms (cache miss)
2353 timing reifyNode:node_modules/uid-promise Completed in 12886ms
2354 http fetch GET 200 https://registry.npmjs.org/detect-libc/-/detect-libc-2.1.2.tgz 12676ms (cache miss)
2355 timing reifyNode:node_modules/detect-libc Completed in 12888ms
2356 http fetch GET 200 https://registry.npmjs.org/resolve-from/-/resolve-from-5.0.0.tgz 12756ms (cache miss)
2357 timing reifyNode:node_modules/resolve-from Completed in 12966ms
2358 http fetch GET 200 https://registry.npmjs.org/stat-mode/-/stat-mode-0.3.0.tgz 12723ms (cache miss)
2359 timing reifyNode:node_modules/stat-mode Completed in 12982ms
2360 http fetch GET 200 https://registry.npmjs.org/estree-walker/-/estree-walker-2.0.2.tgz 12772ms (cache miss)
2361 timing reifyNode:node_modules/estree-walker Completed in 12989ms
2362 http fetch GET 200 https://registry.npmjs.org/node-gyp-build/-/node-gyp-build-4.8.4.tgz 12918ms (cache miss)
2363 timing reifyNode:node_modules/node-gyp-build Completed in 13132ms
2364 http fetch GET 200 https://registry.npmjs.org/async-sema/-/async-sema-3.1.1.tgz 12918ms (cache miss)
2365 timing reifyNode:node_modules/async-sema Completed in 13134ms
2366 http fetch GET 200 https://registry.npmjs.org/resolve.exports/-/resolve.exports-2.0.3.tgz 12881ms (cache miss)
2367 timing reifyNode:node_modules/resolve.exports Completed in 13155ms
2368 http fetch GET 200 https://registry.npmjs.org/xdg-app-paths/-/xdg-app-paths-5.1.0.tgz 13071ms (cache miss)
2369 timing reifyNode:node_modules/xdg-app-paths Completed in 13291ms
2370 http fetch GET 200 https://registry.npmjs.org/execa/-/execa-3.2.0.tgz 13015ms (cache miss)
2371 timing reifyNode:node_modules/execa Completed in 13290ms
2372 http fetch GET 200 https://registry.npmjs.org/graceful-fs/-/graceful-fs-4.2.11.tgz 13098ms (cache miss)
2373 timing reifyNode:node_modules/graceful-fs Completed in 13315ms
2374 http fetch GET 200 https://registry.npmjs.org/path-to-regexp/-/path-to-regexp-8.3.0.tgz 13211ms (cache miss)
2375 timing reifyNode:node_modules/path-to-regexp Completed in 13487ms
2376 http fetch GET 200 https://registry.npmjs.org/async-retry/-/async-retry-1.3.3.tgz 13254ms (cache miss)
2377 timing reifyNode:node_modules/async-retry Completed in 13530ms
2378 http fetch GET 200 https://registry.npmjs.org/debug/-/debug-4.3.4.tgz 13288ms (cache miss)
2379 timing reifyNode:node_modules/debug Completed in 13530ms
2380 http fetch GET 200 https://registry.npmjs.org/throttleit/-/throttleit-2.1.0.tgz 13279ms (cache miss)
2381 timing reifyNode:node_modules/throttleit Completed in 13530ms
2382 http fetch GET 200 https://registry.npmjs.org/is-node-process/-/is-node-process-1.2.0.tgz 13262ms (cache miss)
2383 timing reifyNode:node_modules/is-node-process Completed in 13530ms
2384 http fetch GET 200 https://registry.npmjs.org/@types/estree/-/estree-1.0.8.tgz 13488ms (cache miss)
2385 timing reifyNode:node_modules/@types/estree Completed in 13696ms
2386 http fetch GET 200 https://registry.npmjs.org/bindings/-/bindings-1.5.0.tgz 13479ms (cache miss)
2387 timing reifyNode:node_modules/bindings Completed in 13697ms
2388 http fetch GET 200 https://registry.npmjs.org/@tootallnate/once/-/once-2.0.0.tgz 13453ms (cache miss)
2389 http fetch GET 200 https://registry.npmjs.org/acorn-import-attributes/-/acorn-import-attributes-1.9.5.tgz 13479ms (cache miss)
2390 timing reifyNode:node_modules/acorn-import-attributes Completed in 13697ms
2391 timing reifyNode:node_modules/@tootallnate/once Completed in 13696ms
2392 http fetch GET 200 https://registry.npmjs.org/nopt/-/nopt-8.1.0.tgz 13626ms (cache miss)
2393 timing reifyNode:node_modules/nopt Completed in 13836ms
2394 http fetch GET 200 https://registry.npmjs.org/@vercel/hono/-/hono-0.2.42.tgz 13584ms (cache miss)
2395 timing reifyNode:node_modules/@vercel/hono Completed in 13877ms
2396 http fetch GET 200 https://registry.npmjs.org/oxc-transform/-/oxc-transform-0.111.0.tgz 13699ms (cache miss)
2397 timing reifyNode:node_modules/oxc-transform Completed in 13971ms
2398 http fetch GET 200 https://registry.npmjs.org/@edge-runtime/vm/-/vm-3.2.0.tgz 13767ms (cache miss)
2399 timing reifyNode:node_modules/@edge-runtime/vm Completed in 13975ms
2400 http fetch GET 200 https://registry.npmjs.org/micro/-/micro-9.3.5-canary.3.tgz 13735ms (cache miss)
2401 timing reifyNode:node_modules/micro Completed in 13974ms
2402 http fetch GET 200 https://registry.npmjs.org/smol-toml/-/smol-toml-1.5.2.tgz 13781ms (cache miss)
2403 timing reifyNode:node_modules/smol-toml Completed in 13977ms
2404 http fetch GET 200 https://registry.npmjs.org/json-schema-to-ts/-/json-schema-to-ts-1.6.4.tgz 13840ms (cache miss)
2405 timing reifyNode:node_modules/json-schema-to-ts Completed in 14033ms
2406 http fetch GET 200 https://registry.npmjs.org/web-vitals/-/web-vitals-0.2.4.tgz 13839ms (cache miss)
2407 timing reifyNode:node_modules/web-vitals Completed in 14033ms
2408 http fetch GET 200 https://registry.npmjs.org/@renovatebot/pep440/-/pep440-4.2.1.tgz 13836ms (cache miss)
2409 timing reifyNode:node_modules/@renovatebot/pep440 Completed in 14033ms
2410 http fetch GET 200 https://registry.npmjs.org/@vercel/cervel/-/cervel-0.0.23.tgz 13783ms (cache miss)
2411 timing reifyNode:node_modules/@vercel/cervel Completed in 14032ms
2412 http fetch GET 200 https://registry.npmjs.org/@vercel/h3/-/h3-0.1.48.tgz 13778ms (cache miss)
2413 timing reifyNode:node_modules/@vercel/h3 Completed in 14071ms
2414 http fetch GET 200 https://registry.npmjs.org/tinyexec/-/tinyexec-0.3.2.tgz 13844ms (cache miss)
2415 timing reifyNode:node_modules/tinyexec Completed in 14075ms
2416 http fetch GET 200 https://registry.npmjs.org/fs-extra/-/fs-extra-11.1.0.tgz 13800ms (cache miss)
2417 timing reifyNode:node_modules/fs-extra Completed in 14073ms
2418 http fetch GET 200 https://registry.npmjs.org/edge-runtime/-/edge-runtime-2.5.9.tgz 13961ms (cache miss)
2419 timing reifyNode:node_modules/edge-runtime Completed in 14165ms
2420 http fetch GET 200 https://registry.npmjs.org/picomatch/-/picomatch-4.0.3.tgz 13951ms (cache miss)
2421 timing reifyNode:node_modules/picomatch Completed in 14165ms
2422 http fetch GET 200 https://registry.npmjs.org/path-to-regexp/-/path-to-regexp-6.3.0.tgz 13968ms (cache miss)
2423 timing reifyNode:node_modules/path-to-regexp-updated Completed in 14166ms
2424 http fetch GET 200 https://registry.npmjs.org/generic-pool/-/generic-pool-3.4.2.tgz 13923ms (cache miss)
2425 timing reifyNode:node_modules/generic-pool Completed in 14164ms
2426 http fetch GET 200 https://registry.npmjs.org/@rollup/pluginutils/-/pluginutils-5.3.0.tgz 13950ms (cache miss)
2427 timing reifyNode:node_modules/@rollup/pluginutils Completed in 14169ms
2428 http fetch GET 200 https://registry.npmjs.org/@vercel/rust/-/rust-1.0.5.tgz 13910ms (cache miss)
2429 timing reifyNode:node_modules/@vercel/rust Completed in 14196ms
2430 http fetch GET 200 https://registry.npmjs.org/https-proxy-agent/-/https-proxy-agent-7.0.6.tgz 13986ms (cache miss)
2431 timing reifyNode:node_modules/https-proxy-agent Completed in 14200ms
2432 http fetch GET 200 https://registry.npmjs.org/@vercel/hydrogen/-/hydrogen-1.3.5.tgz 13970ms (cache miss)
2433 timing reifyNode:node_modules/@vercel/hydrogen Completed in 14262ms
2434 http fetch GET 200 https://registry.npmjs.org/@vercel/fastify/-/fastify-0.1.42.tgz 14203ms (cache miss)
2435 timing reifyNode:node_modules/@vercel/fastify Completed in 14497ms
2436 http fetch GET 200 https://registry.npmjs.org/@vercel/gatsby-plugin-vercel-builder/-/gatsby-plugin-vercel-builder-2.0.138.tgz 14311ms (cache miss)
2437 timing reifyNode:node_modules/@vercel/gatsby-plugin-vercel-builder Completed in 14505ms
2438 http fetch GET 200 https://registry.npmjs.org/srvx/-/srvx-0.8.9.tgz 14233ms (cache miss)
2439 timing reifyNode:node_modules/srvx Completed in 14504ms
2440 http fetch GET 200 https://registry.npmjs.org/@vercel/koa/-/koa-0.1.22.tgz 14223ms (cache miss)
2441 timing reifyNode:node_modules/@vercel/koa Completed in 14514ms
2442 http fetch GET 200 https://registry.npmjs.org/@vercel/elysia/-/elysia-0.1.39.tgz 14217ms (cache miss)
2443 timing reifyNode:node_modules/@vercel/elysia Completed in 14513ms
2444 http fetch GET 200 https://registry.npmjs.org/semver/-/semver-7.5.4.tgz 14452ms (cache miss)
2445 timing reifyNode:node_modules/semver Completed in 14688ms
2446 http fetch GET 200 https://registry.npmjs.org/@emnapi/wasi-threads/-/wasi-threads-1.1.0.tgz 14551ms (cache miss)
2447 timing reifyNode:node_modules/@emnapi/wasi-threads Completed in 14698ms
2448 http fetch GET 200 https://registry.npmjs.org/es-module-lexer/-/es-module-lexer-1.4.1.tgz 14525ms (cache miss)
2449 timing reifyNode:node_modules/es-module-lexer Completed in 14730ms
2450 http fetch GET 200 https://registry.npmjs.org/cjs-module-lexer/-/cjs-module-lexer-1.2.3.tgz 14601ms (cache miss)
2451 timing reifyNode:node_modules/cjs-module-lexer Completed in 14801ms
2452 http fetch GET 200 https://registry.npmjs.org/esbuild/-/esbuild-0.27.0.tgz 14558ms (cache miss)
2453 timing reifyNode:node_modules/esbuild Completed in 14839ms
2454 http fetch GET 200 https://registry.npmjs.org/@mapbox/node-pre-gyp/-/node-pre-gyp-2.0.3.tgz 14681ms (cache miss)
2455 timing reifyNode:node_modules/@mapbox/node-pre-gyp Completed in 14907ms
2456 http fetch GET 200 https://registry.npmjs.org/@vercel/nft/-/nft-1.3.0.tgz 14949ms (cache miss)
2457 timing reifyNode:node_modules/@vercel/nft Completed in 15229ms
2458 http fetch GET 200 https://registry.npmjs.org/is-glob/-/is-glob-4.0.3.tgz 15324ms (cache miss)
2459 timing reifyNode:node_modules/is-glob Completed in 15439ms
2460 http fetch GET 200 https://registry.npmjs.org/merge2/-/merge2-1.4.1.tgz 15323ms (cache miss)
2461 timing reifyNode:node_modules/merge2 Completed in 15439ms
2462 http fetch GET 200 https://registry.npmjs.org/is-extglob/-/is-extglob-2.1.1.tgz 15382ms (cache miss)
2463 timing reifyNode:node_modules/is-extglob Completed in 15496ms
2464 http fetch GET 200 https://registry.npmjs.org/resolve-pkg-maps/-/resolve-pkg-maps-1.0.0.tgz 15417ms (cache miss)
2465 timing reifyNode:node_modules/resolve-pkg-maps Completed in 15530ms
2466 http fetch GET 200 https://registry.npmjs.org/fill-range/-/fill-range-7.1.1.tgz 15417ms (cache miss)
2467 timing reifyNode:node_modules/fill-range Completed in 15530ms
2468 http fetch GET 200 https://registry.npmjs.org/@nodelib/fs.walk/-/fs.walk-1.2.8.tgz 15437ms (cache miss)
2469 timing reifyNode:node_modules/@nodelib/fs.walk Completed in 15554ms
2470 http fetch GET 200 https://registry.npmjs.org/cookie-es/-/cookie-es-2.0.0.tgz 15442ms (cache miss)
2471 timing reifyNode:node_modules/cookie-es Completed in 15564ms
2472 http fetch GET 200 https://registry.npmjs.org/webidl-conversions/-/webidl-conversions-3.0.1.tgz 15465ms (cache miss)
2473 timing reifyNode:node_modules/webidl-conversions Completed in 15574ms
2474 http fetch GET 200 https://registry.npmjs.org/run-parallel/-/run-parallel-1.2.0.tgz 15471ms (cache miss)
2475 timing reifyNode:node_modules/run-parallel Completed in 15586ms
2476 http fetch GET 200 https://registry.npmjs.org/stream-to-array/-/stream-to-array-2.3.0.tgz 15476ms (cache miss)
2477 timing reifyNode:node_modules/stream-to-array Completed in 15598ms
2478 http fetch GET 200 https://registry.npmjs.org/@nodelib/fs.stat/-/fs.stat-2.0.5.tgz 15515ms (cache miss)
2479 timing reifyNode:node_modules/@nodelib/fs.stat Completed in 15632ms
2480 http fetch GET 200 https://registry.npmjs.org/punycode/-/punycode-2.3.1.tgz 15550ms (cache miss)
2481 timing reifyNode:node_modules/punycode Completed in 15663ms
2482 http fetch GET 200 https://registry.npmjs.org/@nodelib/fs.scandir/-/fs.scandir-2.1.5.tgz 15547ms (cache miss)
2483 timing reifyNode:node_modules/@nodelib/fs.scandir Completed in 15662ms
2484 http fetch GET 200 https://registry.npmjs.org/yallist/-/yallist-5.0.0.tgz 15659ms (cache miss)
2485 timing reifyNode:node_modules/yallist Completed in 15780ms
2486 http fetch GET 200 https://registry.npmjs.org/@vercel/nestjs/-/nestjs-0.2.43.tgz 15592ms (cache miss)
2487 timing reifyNode:node_modules/@vercel/nestjs Completed in 15883ms
2488 http fetch GET 200 https://registry.npmjs.org/braces/-/braces-3.0.3.tgz 15793ms (cache miss)
2489 timing reifyNode:node_modules/braces Completed in 15908ms
2490 http fetch GET 200 https://registry.npmjs.org/os-paths/-/os-paths-4.4.0.tgz 15801ms (cache miss)
2491 timing reifyNode:node_modules/os-paths Completed in 15909ms
2492 http fetch GET 200 https://registry.npmjs.org/xdg-portable/-/xdg-portable-7.3.0.tgz 15805ms (cache miss)
2493 timing reifyNode:node_modules/xdg-portable Completed in 15915ms
2494 http fetch GET 200 https://registry.npmjs.org/minizlib/-/minizlib-3.1.0.tgz 15831ms (cache miss)
2495 timing reifyNode:node_modules/minizlib Completed in 15952ms
2496 http fetch GET 200 https://registry.npmjs.org/fsevents/-/fsevents-2.3.3.tgz 15885ms (cache miss)
2497 timing reifyNode:node_modules/fsevents Completed in 15997ms
2498 http fetch GET 200 https://registry.npmjs.org/socks/-/socks-2.8.7.tgz 15947ms (cache miss)
2499 timing reifyNode:node_modules/socks Completed in 16070ms
2500 http fetch GET 200 https://registry.npmjs.org/smart-buffer/-/smart-buffer-4.2.0.tgz 15955ms (cache miss)
2501 timing reifyNode:node_modules/smart-buffer Completed in 16079ms
2502 http fetch GET 200 https://registry.npmjs.org/@vercel/fun/-/fun-1.3.0.tgz 15801ms (cache miss)
2503 timing reifyNode:node_modules/@vercel/fun Completed in 16094ms
2504 http fetch GET 200 https://registry.npmjs.org/chokidar/-/chokidar-4.0.0.tgz 15823ms (cache miss)
2505 timing reifyNode:node_modules/chokidar Completed in 16110ms
2506 http fetch GET 200 https://registry.npmjs.org/@vercel/redwood/-/redwood-2.4.9.tgz 15828ms (cache miss)
2507 timing reifyNode:node_modules/@vercel/redwood Completed in 16115ms
2508 http fetch GET 200 https://registry.npmjs.org/get-tsconfig/-/get-tsconfig-4.13.6.tgz 16073ms (cache miss)
2509 timing reifyNode:node_modules/get-tsconfig Completed in 16184ms
2510 http fetch GET 200 https://registry.npmjs.org/@vercel/ruby/-/ruby-2.3.1.tgz 15884ms (cache miss)
2511 timing reifyNode:node_modules/@vercel/ruby Completed in 16169ms
2512 http fetch GET 200 https://registry.npmjs.org/consola/-/consola-3.4.2.tgz 16013ms (cache miss)
2513 timing reifyNode:node_modules/consola Completed in 16225ms
2514 http fetch GET 200 https://registry.npmjs.org/minimatch/-/minimatch-10.1.1.tgz 16154ms (cache miss)
2515 timing reifyNode:node_modules/minimatch Completed in 16351ms
2516 http fetch GET 200 https://registry.npmjs.org/etag/-/etag-1.8.1.tgz 16183ms (cache miss)
2517 timing reifyNode:node_modules/etag Completed in 16382ms
2518 http fetch GET 200 https://registry.npmjs.org/@sinclair/typebox/-/typebox-0.25.24.tgz 16309ms (cache miss)
2519 timing reifyNode:node_modules/@sinclair/typebox Completed in 16502ms
2520 http fetch GET 200 https://registry.npmjs.org/node-fetch/-/node-fetch-2.6.7.tgz 16320ms (cache miss)
2521 timing reifyNode:node_modules/node-fetch Completed in 16560ms
2522 http fetch GET 200 https://registry.npmjs.org/zod/-/zod-3.22.4.tgz 16462ms (cache miss)
2523 timing reifyNode:node_modules/zod Completed in 16733ms
2524 http fetch GET 200 https://registry.npmjs.org/fastq/-/fastq-1.20.1.tgz 16676ms (cache miss)
2525 timing reifyNode:node_modules/fastq Completed in 16795ms
2526 http fetch GET 200 https://registry.npmjs.org/depd/-/depd-1.1.2.tgz 16863ms (cache miss)
2527 timing reifyNode:node_modules/depd Completed in 16992ms
2528 http fetch GET 200 https://registry.npmjs.org/path-browserify/-/path-browserify-1.0.1.tgz 16920ms (cache miss)
2529 timing reifyNode:node_modules/path-browserify Completed in 17037ms
2530 http fetch GET 200 https://registry.npmjs.org/convert-hrtime/-/convert-hrtime-3.0.0.tgz 16918ms (cache miss)
2531 timing reifyNode:node_modules/convert-hrtime Completed in 17037ms
2532 http fetch GET 200 https://registry.npmjs.org/reusify/-/reusify-1.1.0.tgz 16940ms (cache miss)
2533 timing reifyNode:node_modules/reusify Completed in 17062ms
2534 http fetch GET 200 https://registry.npmjs.org/mkdirp/-/mkdirp-1.0.4.tgz 16973ms (cache miss)
2535 timing reifyNode:node_modules/mkdirp Completed in 17090ms
2536 http fetch GET 200 https://registry.npmjs.org/unpipe/-/unpipe-1.0.0.tgz 17031ms (cache miss)
2537 timing reifyNode:node_modules/unpipe Completed in 17161ms
2538 http fetch GET 200 https://registry.npmjs.org/code-block-writer/-/code-block-writer-10.1.1.tgz 17096ms (cache miss)
2539 timing reifyNode:node_modules/code-block-writer Completed in 17216ms
2540 http fetch GET 200 https://registry.npmjs.org/once/-/once-1.4.0.tgz 17111ms (cache miss)
2541 timing reifyNode:node_modules/once Completed in 17243ms
2542 http fetch GET 200 https://registry.npmjs.org/wrappy/-/wrappy-1.0.2.tgz 17194ms (cache miss)
2543 timing reifyNode:node_modules/wrappy Completed in 17325ms
2544 http fetch GET 200 https://registry.npmjs.org/esutils/-/esutils-2.0.3.tgz 17220ms (cache miss)
2545 timing reifyNode:node_modules/esutils Completed in 17356ms
2546 http fetch GET 200 https://registry.npmjs.org/fast-glob/-/fast-glob-3.3.3.tgz 17293ms (cache miss)
2547 timing reifyNode:node_modules/fast-glob Completed in 17412ms
2548 http fetch GET 200 https://registry.npmjs.org/http-errors/-/http-errors-1.7.3.tgz 17294ms (cache miss)
2549 timing reifyNode:node_modules/http-errors Completed in 17424ms
2550 http fetch GET 200 https://registry.npmjs.org/degenerator/-/degenerator-5.0.1.tgz 17304ms (cache miss)
2551 timing reifyNode:node_modules/degenerator Completed in 17442ms
2552 http fetch GET 200 https://registry.npmjs.org/statuses/-/statuses-1.5.0.tgz 17336ms (cache miss)
2553 timing reifyNode:node_modules/statuses Completed in 17465ms
2554 http fetch GET 200 https://registry.npmjs.org/toidentifier/-/toidentifier-1.0.0.tgz 17336ms (cache miss)
2555 timing reifyNode:node_modules/toidentifier Completed in 17465ms
2556 http fetch GET 200 https://registry.npmjs.org/proxy-from-env/-/proxy-from-env-1.1.0.tgz 17332ms (cache miss)
2557 timing reifyNode:node_modules/proxy-from-env Completed in 17477ms
2558 http fetch GET 200 https://registry.npmjs.org/estraverse/-/estraverse-5.3.0.tgz 17341ms (cache miss)
2559 timing reifyNode:node_modules/estraverse Completed in 17478ms
2560 http fetch GET 200 https://registry.npmjs.org/inherits/-/inherits-2.0.4.tgz 17349ms (cache miss)
2561 timing reifyNode:node_modules/inherits Completed in 17479ms
2562 http fetch GET 200 https://registry.npmjs.org/pip-requirements-js/-/pip-requirements-js-1.0.2.tgz 17406ms (cache miss)
2563 timing reifyNode:node_modules/pip-requirements-js Completed in 17635ms
2564 http fetch GET 200 https://registry.npmjs.org/strip-final-newline/-/strip-final-newline-2.0.0.tgz 17539ms (cache miss)
2565 timing reifyNode:node_modules/strip-final-newline Completed in 17714ms
2566 http fetch GET 200 https://registry.npmjs.org/tslib/-/tslib-2.8.1.tgz 17595ms (cache miss)
2567 timing reifyNode:node_modules/tslib Completed in 17741ms
2568 http fetch GET 200 https://registry.npmjs.org/get-stream/-/get-stream-5.2.0.tgz 17743ms (cache miss)
2569 timing reifyNode:node_modules/get-stream Completed in 17919ms
2570 http fetch GET 200 https://registry.npmjs.org/jsonfile/-/jsonfile-6.2.0.tgz 17763ms (cache miss)
2571 timing reifyNode:node_modules/jsonfile Completed in 17930ms
2572 http fetch GET 200 https://registry.npmjs.org/es-object-atoms/-/es-object-atoms-1.1.1.tgz 17772ms (cache miss)
2573 timing reifyNode:node_modules/es-object-atoms Completed in 17933ms
2574 http fetch GET 200 https://registry.npmjs.org/delayed-stream/-/delayed-stream-1.0.0.tgz 17785ms (cache miss)
2575 timing reifyNode:node_modules/delayed-stream Completed in 17949ms
2576 http fetch GET 200 https://registry.npmjs.org/setprototypeof/-/setprototypeof-1.1.1.tgz 17832ms (cache miss)
2577 timing reifyNode:node_modules/setprototypeof Completed in 17959ms
2578 http fetch GET 200 https://registry.npmjs.org/es-define-property/-/es-define-property-1.0.1.tgz 17820ms (cache miss)
2579 timing reifyNode:node_modules/es-define-property Completed in 17984ms
2580 http fetch GET 200 https://registry.npmjs.org/has-tostringtag/-/has-tostringtag-1.0.2.tgz 17862ms (cache miss)
2581 timing reifyNode:node_modules/has-tostringtag Completed in 18024ms
2582 http fetch GET 200 https://registry.npmjs.org/universalify/-/universalify-2.0.1.tgz 17930ms (cache miss)
2583 timing reifyNode:node_modules/universalify Completed in 18093ms
2584 http fetch GET 200 https://registry.npmjs.org/socks-proxy-agent/-/socks-proxy-agent-8.0.5.tgz 17956ms (cache miss)
2585 timing reifyNode:node_modules/socks-proxy-agent Completed in 18097ms
2586 http fetch GET 200 https://registry.npmjs.org/merge-stream/-/merge-stream-2.0.0.tgz 17933ms (cache miss)
2587 timing reifyNode:node_modules/merge-stream Completed in 18103ms
2588 http fetch GET 200 https://registry.npmjs.org/hasown/-/hasown-2.0.2.tgz 17939ms (cache miss)
2589 timing reifyNode:node_modules/hasown Completed in 18103ms
2590 http fetch GET 200 https://registry.npmjs.org/get-intrinsic/-/get-intrinsic-1.3.0.tgz 18006ms (cache miss)
2591 timing reifyNode:node_modules/get-intrinsic Completed in 18173ms
2592 http fetch GET 200 https://registry.npmjs.org/ip-address/-/ip-address-10.1.0.tgz 18038ms (cache miss)
2593 timing reifyNode:node_modules/ip-address Completed in 18181ms
2594 http fetch GET 200 https://registry.npmjs.org/es-errors/-/es-errors-1.3.0.tgz 18034ms (cache miss)
2595 timing reifyNode:node_modules/es-errors Completed in 18199ms
2596 http fetch GET 200 https://registry.npmjs.org/pac-resolver/-/pac-resolver-7.0.1.tgz 18094ms (cache miss)
2597 timing reifyNode:node_modules/pac-resolver Completed in 18234ms
2598 http fetch GET 200 https://registry.npmjs.org/data-uri-to-buffer/-/data-uri-to-buffer-6.0.2.tgz 18101ms (cache miss)
2599 timing reifyNode:node_modules/data-uri-to-buffer Completed in 18239ms
2600 http fetch GET 200 https://registry.npmjs.org/@types/json-schema/-/json-schema-7.0.15.tgz 18131ms (cache miss)
2601 timing reifyNode:node_modules/@types/json-schema Completed in 18284ms
2602 http fetch GET 200 https://registry.npmjs.org/agent-base/-/agent-base-7.1.4.tgz 18129ms (cache miss)
2603 timing reifyNode:node_modules/agent-base Completed in 18284ms
2604 http fetch GET 200 https://registry.npmjs.org/human-signals/-/human-signals-1.1.1.tgz 18118ms (cache miss)
2605 timing reifyNode:node_modules/human-signals Completed in 18294ms
2606 http fetch GET 200 https://registry.npmjs.org/has-symbols/-/has-symbols-1.1.0.tgz 18181ms (cache miss)
2607 timing reifyNode:node_modules/has-symbols Completed in 18341ms
2608 http fetch GET 200 https://registry.npmjs.org/shebang-command/-/shebang-command-2.0.0.tgz 18180ms (cache miss)
2609 timing reifyNode:node_modules/shebang-command Completed in 18349ms
2610 http fetch GET 200 https://registry.npmjs.org/onetime/-/onetime-5.1.2.tgz 18184ms (cache miss)
2611 timing reifyNode:node_modules/onetime Completed in 18363ms
2612 http fetch GET 200 https://registry.npmjs.org/get-uri/-/get-uri-6.0.5.tgz 18311ms (cache miss)
2613 timing reifyNode:node_modules/get-uri Completed in 18453ms
2614 http fetch GET 200 https://registry.npmjs.org/content-type/-/content-type-1.0.4.tgz 18326ms (cache miss)
2615 timing reifyNode:node_modules/content-type Completed in 18475ms
2616 http fetch GET 200 https://registry.npmjs.org/asynckit/-/asynckit-0.4.0.tgz 18309ms (cache miss)
2617 timing reifyNode:node_modules/asynckit Completed in 18476ms
2618 http fetch GET 200 https://registry.npmjs.org/p-finally/-/p-finally-2.0.1.tgz 18322ms (cache miss)
2619 timing reifyNode:node_modules/p-finally Completed in 18492ms
2620 http fetch GET 200 https://registry.npmjs.org/mimic-fn/-/mimic-fn-2.1.0.tgz 18348ms (cache miss)
2621 timing reifyNode:node_modules/mimic-fn Completed in 18495ms
2622 http fetch GET 200 https://registry.npmjs.org/which/-/which-2.0.2.tgz 18341ms (cache miss)
2623 timing reifyNode:node_modules/which Completed in 18509ms
2624 http fetch GET 200 https://registry.npmjs.org/dunder-proto/-/dunder-proto-1.0.1.tgz 18360ms (cache miss)
2625 timing reifyNode:node_modules/dunder-proto Completed in 18514ms
2626 http fetch GET 200 https://registry.npmjs.org/file-uri-to-path/-/file-uri-to-path-1.0.0.tgz 18357ms (cache miss)
2627 timing reifyNode:node_modules/file-uri-to-path Completed in 18544ms
2628 http fetch GET 200 https://registry.npmjs.org/arg/-/arg-4.1.0.tgz 18424ms (cache miss)
2629 timing reifyNode:node_modules/arg Completed in 18571ms
2630 http fetch GET 200 https://registry.npmjs.org/mri/-/mri-1.2.0.tgz 18473ms (cache miss)
2631 timing reifyNode:node_modules/mri Completed in 18653ms
2632 http fetch GET 200 https://registry.npmjs.org/call-bind-apply-helpers/-/call-bind-apply-helpers-1.0.2.tgz 18552ms (cache miss)
2633 timing reifyNode:node_modules/call-bind-apply-helpers Completed in 18714ms
2634 http fetch GET 200 https://registry.npmjs.org/time-span/-/time-span-4.0.0.tgz 18547ms (cache miss)
2635 timing reifyNode:node_modules/time-span Completed in 18726ms
2636 http fetch GET 200 https://registry.npmjs.org/readdirp/-/readdirp-4.1.2.tgz 18569ms (cache miss)
2637 timing reifyNode:node_modules/readdirp Completed in 18754ms
2638 http fetch GET 200 https://registry.npmjs.org/math-intrinsics/-/math-intrinsics-1.1.0.tgz 18617ms (cache miss)
2639 timing reifyNode:node_modules/math-intrinsics Completed in 18773ms
2640 http fetch GET 200 https://registry.npmjs.org/raw-body/-/raw-body-2.4.1.tgz 18662ms (cache miss)
2641 timing reifyNode:node_modules/raw-body Completed in 18810ms
2642 http fetch GET 200 https://registry.npmjs.org/@edge-runtime/ponyfill/-/ponyfill-2.4.2.tgz 18653ms (cache miss)
2643 timing reifyNode:node_modules/@edge-runtime/ponyfill Completed in 18834ms
2644 http fetch GET 200 https://registry.npmjs.org/cross-spawn/-/cross-spawn-7.0.6.tgz 18697ms (cache miss)
2645 timing reifyNode:node_modules/cross-spawn Completed in 18874ms
2646 http fetch GET 200 https://registry.npmjs.org/yallist/-/yallist-4.0.0.tgz 18602ms (cache miss)
2647 timing reifyNode:node_modules/semver/node_modules/yallist Completed in 18912ms
2648 http fetch GET 200 https://registry.npmjs.org/@isaacs/brace-expansion/-/brace-expansion-5.0.1.tgz 18841ms (cache miss)
2649 timing reifyNode:node_modules/@isaacs/brace-expansion Completed in 18990ms
2650 http fetch GET 200 https://registry.npmjs.org/async-listen/-/async-listen-3.0.0.tgz 18659ms (cache miss)
2651 timing reifyNode:node_modules/@vercel/node/node_modules/async-listen Completed in 19002ms
2652 http fetch GET 200 https://registry.npmjs.org/@edge-runtime/format/-/format-2.2.1.tgz 18830ms (cache miss)
2653 timing reifyNode:node_modules/@edge-runtime/format Completed in 19012ms
2654 http fetch GET 200 https://registry.npmjs.org/end-of-stream/-/end-of-stream-1.1.0.tgz 18748ms (cache miss)
2655 timing reifyNode:node_modules/stream-to-promise/node_modules/end-of-stream Completed in 19058ms
2656 http fetch GET 200 https://registry.npmjs.org/signal-exit/-/signal-exit-3.0.7.tgz 18756ms (cache miss)
2657 timing reifyNode:node_modules/@vercel/rust/node_modules/signal-exit Completed in 19080ms
2658 http fetch GET 200 https://registry.npmjs.org/signal-exit/-/signal-exit-4.0.2.tgz 18906ms (cache miss)
2659 timing reifyNode:node_modules/signal-exit Completed in 19085ms
2660 http fetch GET 200 https://registry.npmjs.org/balanced-match/-/balanced-match-4.0.4.tgz 18980ms (cache miss)
2661 timing reifyNode:node_modules/glob/node_modules/balanced-match Completed in 19293ms
2662 http fetch GET 200 https://registry.npmjs.org/once/-/once-1.3.3.tgz 19008ms (cache miss)
2663 timing reifyNode:node_modules/stream-to-promise/node_modules/once Completed in 19317ms
2664 http fetch GET 200 https://registry.npmjs.org/async-listen/-/async-listen-3.0.1.tgz 19016ms (cache miss)
2665 timing reifyNode:node_modules/edge-runtime/node_modules/async-listen Completed in 19324ms
2666 http fetch GET 200 https://registry.npmjs.org/whatwg-url/-/whatwg-url-5.0.0.tgz 19233ms (cache miss)
2667 timing reifyNode:node_modules/whatwg-url Completed in 19383ms
2668 http fetch GET 200 https://registry.npmjs.org/@vercel/detect-agent/-/detect-agent-1.1.0.tgz 19077ms (cache miss)
2669 timing reifyNode:node_modules/@vercel/detect-agent Completed in 19373ms
2670 http fetch GET 200 https://registry.npmjs.org/@vercel/express/-/express-0.1.48.tgz 19092ms (cache miss)
2671 timing reifyNode:node_modules/@vercel/express Completed in 19389ms
2672 http fetch GET 200 https://registry.npmjs.org/ms/-/ms-2.1.2.tgz 19109ms (cache miss)
2673 timing reifyNode:node_modules/debug/node_modules/ms Completed in 19420ms
2674 http fetch GET 200 https://registry.npmjs.org/get-stream/-/get-stream-6.0.1.tgz 19133ms (cache miss)
2675 timing reifyNode:node_modules/@vercel/rust/node_modules/get-stream Completed in 19453ms
2676 http fetch GET 200 https://registry.npmjs.org/path-to-regexp/-/path-to-regexp-8.2.0.tgz 19265ms (cache miss)
2677 timing reifyNode:node_modules/@vercel/fun/node_modules/path-to-regexp Completed in 19611ms
2678 http fetch GET 200 https://registry.npmjs.org/human-signals/-/human-signals-2.1.0.tgz 19339ms (cache miss)
2679 timing reifyNode:node_modules/@vercel/rust/node_modules/human-signals Completed in 19659ms
2680 http fetch GET 200 https://registry.npmjs.org/execa/-/execa-5.1.1.tgz 19362ms (cache miss)
2681 timing reifyNode:node_modules/@vercel/rust/node_modules/execa Completed in 19683ms
2682 http fetch GET 200 https://registry.npmjs.org/semver/-/semver-6.3.1.tgz 19481ms (cache miss)
2683 timing reifyNode:node_modules/@vercel/redwood/node_modules/semver Completed in 19812ms
2684 http fetch GET 200 https://registry.npmjs.org/fs-extra/-/fs-extra-11.1.1.tgz 19518ms (cache miss)
2685 timing reifyNode:node_modules/@vercel/python-analysis/node_modules/fs-extra Completed in 19835ms
2686 http fetch GET 200 https://registry.npmjs.org/form-data/-/form-data-4.0.5.tgz 19723ms (cache miss)
2687 timing reifyNode:node_modules/form-data Completed in 20006ms
2688 http fetch GET 200 https://registry.npmjs.org/picomatch/-/picomatch-2.3.1.tgz 19852ms (cache miss)
2689 timing reifyNode:node_modules/micromatch/node_modules/picomatch Completed in 20171ms
2690 http fetch GET 200 https://registry.npmjs.org/any-promise/-/any-promise-1.3.0.tgz 20214ms (cache miss)
2691 timing reifyNode:node_modules/any-promise Completed in 20337ms
2692 http fetch GET 200 https://registry.npmjs.org/lru-cache/-/lru-cache-7.18.3.tgz 20221ms (cache miss)
2693 timing reifyNode:node_modules/proxy-agent/node_modules/lru-cache Completed in 20538ms
2694 http fetch GET 200 https://registry.npmjs.org/mime-db/-/mime-db-1.52.0.tgz 20499ms (cache miss)
2695 timing reifyNode:node_modules/mime-db Completed in 20646ms
2696 http fetch GET 200 https://registry.npmjs.org/node-fetch/-/node-fetch-2.6.9.tgz 20514ms (cache miss)
2697 timing reifyNode:node_modules/@vercel/node/node_modules/node-fetch Completed in 20856ms
2698 http fetch GET 200 https://registry.npmjs.org/@vercel/backends/-/backends-0.0.36.tgz 20563ms (cache miss)
2699 timing reifyNode:node_modules/@vercel/backends Completed in 20864ms
2700 http fetch GET 200 https://registry.npmjs.org/argparse/-/argparse-2.0.1.tgz 20762ms (cache miss)
2701 timing reifyNode:node_modules/argparse Completed in 20912ms
2702 http fetch GET 200 https://registry.npmjs.org/@vercel/nft/-/nft-1.1.1.tgz 20773ms (cache miss)
2703 timing reifyNode:node_modules/@vercel/hono/node_modules/@vercel/nft Completed in 21120ms
2704 http fetch GET 200 https://registry.npmjs.org/@vercel/nft/-/nft-1.1.1.tgz 20789ms (cache miss)
2705 timing reifyNode:node_modules/@vercel/redwood/node_modules/@vercel/nft Completed in 21124ms
2706 http fetch GET 200 https://registry.npmjs.org/@vercel/nft/-/nft-1.1.1.tgz 20798ms (cache miss)
2707 timing reifyNode:node_modules/@vercel/remix-builder/node_modules/@vercel/nft Completed in 21129ms
2708 http fetch GET 200 https://registry.npmjs.org/@vercel/nft/-/nft-1.1.1.tgz 20791ms (cache miss)
2709 timing reifyNode:node_modules/@vercel/express/node_modules/@vercel/nft Completed in 21138ms
2710 http fetch GET 200 https://registry.npmjs.org/path-to-regexp/-/path-to-regexp-6.1.0.tgz 20843ms (cache miss)
2711 timing reifyNode:node_modules/@vercel/remix-builder/node_modules/path-to-regexp Completed in 21168ms
2712 http fetch GET 200 https://registry.npmjs.org/chownr/-/chownr-3.0.0.tgz 21069ms (cache miss)
2713 timing reifyNode:node_modules/chownr Completed in 21193ms
2714 http fetch GET 200 https://registry.npmjs.org/tr46/-/tr46-0.0.3.tgz 21250ms (cache miss)
2715 timing reifyNode:node_modules/tr46 Completed in 21360ms
2716 http fetch GET 200 https://registry.npmjs.org/js-yaml/-/js-yaml-4.1.1.tgz 21216ms (cache miss)
2717 timing reifyNode:node_modules/js-yaml Completed in 21423ms
2718 http fetch GET 200 https://registry.npmjs.org/glob-parent/-/glob-parent-5.1.2.tgz 21797ms (cache miss)
2719 timing reifyNode:node_modules/glob-parent Completed in 21915ms
2720 http fetch GET 200 https://registry.npmjs.org/@tootallnate/quickjs-emscripten/-/quickjs-emscripten-0.23.0.tgz 21809ms (cache miss)
2721 timing reifyNode:node_modules/@tootallnate/quickjs-emscripten Completed in 21952ms
2722 http fetch GET 200 https://registry.npmjs.org/ast-types/-/ast-types-0.13.4.tgz 21970ms (cache miss)
2723 timing reifyNode:node_modules/ast-types Completed in 22109ms
2724 http fetch GET 200 https://registry.npmjs.org/jose/-/jose-5.9.6.tgz 22027ms (cache miss)
2725 timing reifyNode:node_modules/jose Completed in 22311ms
2726 http fetch GET 200 https://registry.npmjs.org/pretty-ms/-/pretty-ms-7.0.1.tgz 22161ms (cache miss)
2727 timing reifyNode:node_modules/pretty-ms Completed in 22341ms
2728 http fetch GET 200 https://registry.npmjs.org/basic-ftp/-/basic-ftp-5.2.0.tgz 22251ms (cache miss)
2729 timing reifyNode:node_modules/basic-ftp Completed in 22392ms
2730 http fetch GET 200 https://registry.npmjs.org/esprima/-/esprima-4.0.1.tgz 22298ms (cache miss)
2731 timing reifyNode:node_modules/esprima Completed in 22436ms
2732 http fetch GET 200 https://registry.npmjs.org/ts-toolbelt/-/ts-toolbelt-6.15.5.tgz 22346ms (cache miss)
2733 timing reifyNode:node_modules/ts-toolbelt Completed in 22502ms
2734 http fetch GET 200 https://registry.npmjs.org/@iarna/toml/-/toml-2.2.5.tgz 22437ms (cache miss)
2735 timing reifyNode:node_modules/@iarna/toml Completed in 22633ms
2736 http fetch GET 200 https://registry.npmjs.org/@vercel/remix-builder/-/remix-builder-5.5.10.tgz 22317ms (cache miss)
2737 timing reifyNode:node_modules/@vercel/remix-builder Completed in 22628ms
2738 http fetch GET 200 https://registry.npmjs.org/@emnapi/runtime/-/runtime-1.8.1.tgz 22525ms (cache miss)
2739 timing reifyNode:node_modules/@emnapi/runtime Completed in 22672ms
2740 http fetch GET 200 https://registry.npmjs.org/path-to-regexp/-/path-to-regexp-6.1.0.tgz 22377ms (cache miss)
2741 timing reifyNode:node_modules/@vercel/node/node_modules/path-to-regexp Completed in 22713ms
2742 http fetch GET 200 https://registry.npmjs.org/@vercel/nft/-/nft-1.1.1.tgz 22368ms (cache miss)
2743 timing reifyNode:node_modules/@vercel/node/node_modules/@vercel/nft Completed in 22713ms
2744 http fetch GET 200 https://registry.npmjs.org/minimatch/-/minimatch-10.2.2.tgz 22417ms (cache miss)
2745 timing reifyNode:node_modules/glob/node_modules/minimatch Completed in 22726ms
2746 http fetch GET 200 https://registry.npmjs.org/async-listen/-/async-listen-1.2.0.tgz 22478ms (cache miss)
2747 timing reifyNode:node_modules/async-listen Completed in 22726ms
2748 http fetch GET 200 https://registry.npmjs.org/minipass/-/minipass-7.1.3.tgz 22808ms (cache miss)
2749 timing reifyNode:node_modules/minipass Completed in 22960ms
2750 http fetch GET 200 https://registry.npmjs.org/@vercel/nft/-/nft-1.1.1.tgz 22840ms (cache miss)
2751 timing reifyNode:node_modules/@vercel/next/node_modules/@vercel/nft Completed in 23185ms
2752 http fetch GET 200 https://registry.npmjs.org/@vercel/go/-/go-3.4.1.tgz 22983ms (cache miss)
2753 timing reifyNode:node_modules/@vercel/go Completed in 23279ms
2754 http fetch GET 200 https://registry.npmjs.org/@edge-runtime/node-utils/-/node-utils-2.3.0.tgz 23154ms (cache miss)
2755 timing reifyNode:node_modules/@edge-runtime/node-utils Completed in 23364ms
2756 http fetch GET 200 https://registry.npmjs.org/pump/-/pump-3.0.3.tgz 23741ms (cache miss)
2757 timing reifyNode:node_modules/pump Completed in 23894ms
2758 http fetch GET 200 https://registry.npmjs.org/@vercel/python/-/python-6.15.1.tgz 23776ms (cache miss)
2759 timing reifyNode:node_modules/@vercel/python Completed in 24063ms
2760 http fetch GET 200 https://registry.npmjs.org/tar/-/tar-7.5.7.tgz 24624ms (cache miss)
2761 warn deprecated tar@7.5.7: Old versions of tar are not supported, and contain widely publicized security vulnerabilities, which have been fixed in the current version. Please update. Support for old versions may be purchased (at exorbitant rates) by contacting i@izs.me
2762 timing reifyNode:node_modules/tar Completed in 24859ms
2763 http fetch GET 200 https://registry.npmjs.org/tsx/-/tsx-4.21.0.tgz 24591ms (cache miss)
2764 timing reifyNode:node_modules/tsx Completed in 24859ms
2765 http fetch GET 200 https://registry.npmjs.org/signal-exit/-/signal-exit-3.0.7.tgz 24745ms (cache miss)
2766 timing reifyNode:node_modules/execa/node_modules/signal-exit Completed in 25064ms
2767 http fetch GET 200 https://registry.npmjs.org/ts-morph/-/ts-morph-12.0.0.tgz 24898ms (cache miss)
2768 timing reifyNode:node_modules/ts-morph Completed in 25145ms
2769 http fetch GET 200 https://registry.npmjs.org/ajv/-/ajv-8.6.3.tgz 25111ms (cache miss)
2770 timing reifyNode:node_modules/ajv Completed in 25302ms
2771 http fetch GET 200 https://registry.npmjs.org/@tybys/wasm-util/-/wasm-util-0.10.1.tgz 25310ms (cache miss)
2772 timing reifyNode:node_modules/@tybys/wasm-util Completed in 25459ms
2773 http fetch GET 200 https://registry.npmjs.org/source-map/-/source-map-0.6.1.tgz 25351ms (cache miss)
2774 timing reifyNode:node_modules/source-map Completed in 25483ms
2775 http fetch GET 200 https://registry.npmjs.org/lru-cache/-/lru-cache-11.2.6.tgz 25352ms (cache miss)
2776 timing reifyNode:node_modules/lru-cache Completed in 25497ms
2777 http fetch GET 200 https://registry.npmjs.org/yauzl/-/yauzl-2.10.0.tgz 25442ms (cache miss)
2778 timing reifyNode:node_modules/yauzl Completed in 25549ms
2779 http fetch GET 200 https://registry.npmjs.org/@vercel/blob/-/blob-2.3.0.tgz 25335ms (cache miss)
2780 timing reifyNode:node_modules/@vercel/blob Completed in 25634ms
2781 http fetch GET 200 https://registry.npmjs.org/@vercel/static-build/-/static-build-2.8.40.tgz 25521ms (cache miss)
2782 timing reifyNode:node_modules/@vercel/static-build Completed in 25804ms
2783 http fetch GET 200 https://registry.npmjs.org/luxon/-/luxon-3.7.2.tgz 25879ms (cache miss)
2784 timing reifyNode:node_modules/luxon Completed in 26158ms
2785 http fetch GET 200 https://registry.npmjs.org/brace-expansion/-/brace-expansion-5.0.3.tgz 26013ms (cache miss)
2786 timing reifyNode:node_modules/glob/node_modules/brace-expansion Completed in 26322ms
2787 http fetch GET 200 https://registry.npmjs.org/iconv-lite/-/iconv-lite-0.4.24.tgz 26419ms (cache miss)
2788 timing reifyNode:node_modules/iconv-lite Completed in 26548ms
2789 http fetch GET 200 https://registry.npmjs.org/@vercel/build-utils/-/build-utils-13.4.3.tgz 26724ms (cache miss)
2790 timing reifyNode:node_modules/@vercel/build-utils Completed in 27022ms
2791 http fetch GET 200 https://registry.npmjs.org/undici/-/undici-6.23.0.tgz 27394ms (cache miss)
2792 timing reifyNode:node_modules/undici Completed in 27652ms
2793 http fetch GET 200 https://registry.npmjs.org/@vercel/next/-/next-4.15.31.tgz 27942ms (cache miss)
2794 timing reifyNode:node_modules/@vercel/next Completed in 28231ms
2795 http fetch GET 200 https://registry.npmjs.org/glob/-/glob-13.0.6.tgz 29705ms (cache miss)
2796 timing reifyNode:node_modules/glob Completed in 29920ms
2797 http fetch GET 200 https://registry.npmjs.org/@types/node/-/node-20.11.0.tgz 29723ms (cache miss)
2798 timing reifyNode:node_modules/@types/node Completed in 29929ms
2799 http fetch GET 200 https://registry.npmjs.org/@vercel/node/-/node-5.6.6.tgz 29869ms (cache miss)
2800 timing reifyNode:node_modules/@vercel/node Completed in 30157ms
2801 http fetch GET 200 https://registry.npmjs.org/@napi-rs/wasm-runtime/-/wasm-runtime-1.1.1.tgz 30497ms (cache miss)
2802 timing reifyNode:node_modules/@napi-rs/wasm-runtime Completed in 30646ms
2803 http fetch GET 200 https://registry.npmjs.org/ohm-js/-/ohm-js-17.5.0.tgz 30504ms (cache miss)
2804 timing reifyNode:node_modules/ohm-js Completed in 30653ms
2805 http fetch GET 200 https://registry.npmjs.org/vercel/-/vercel-50.22.1.tgz 37259ms (cache miss)
2806 timing reifyNode:node_modules/vercel Completed in 37560ms
2807 http fetch GET 200 https://registry.npmjs.org/@ts-morph/common/-/common-0.11.1.tgz 37996ms (cache miss)
2808 timing reifyNode:node_modules/@ts-morph/common Completed in 38116ms
2809 http fetch GET 200 https://registry.npmjs.org/@vercel/python-analysis/-/python-analysis-0.6.0.tgz 42777ms (cache miss)
2810 timing reifyNode:node_modules/@vercel/python-analysis Completed in 43032ms
2811 http fetch GET 200 https://registry.npmjs.org/typescript/-/typescript-5.9.3.tgz 42885ms (cache miss)
2812 timing reifyNode:node_modules/typescript Completed in 43185ms
2813 http fetch GET 200 https://registry.npmjs.org/@esbuild/darwin-arm64/-/darwin-arm64-0.27.0.tgz 49121ms (cache miss)
2814 timing reifyNode:node_modules/@esbuild/darwin-arm64 Completed in 49313ms
2815 timing reify:unpack Completed in 49325ms
2816 timing reify:unretire Completed in 1ms
2817 timing build:queue Completed in 11ms
2818 timing build:link:node_modules/@mapbox/node-pre-gyp Completed in 12ms
2819 timing build:link:node_modules/@vercel/next/node_modules/@vercel/nft Completed in 9ms
2820 timing build:link:node_modules/@vercel/hono/node_modules/@vercel/nft Completed in 9ms
2821 timing build:link:node_modules/@vercel/cervel Completed in 11ms
2822 timing build:link:node_modules/@vercel/redwood/node_modules/@vercel/nft Completed in 9ms
2823 timing build:link:node_modules/edge-runtime Completed in 11ms
2824 timing build:link:node_modules/@vercel/express/node_modules/@vercel/nft Completed in 9ms
2825 timing build:link:node_modules/esbuild Completed in 12ms
2826 timing build:link:node_modules/escodegen Completed in 12ms
2827 timing build:link:node_modules/esprima Completed in 11ms
2828 timing build:link:node_modules/@vercel/nft Completed in 12ms
2829 timing build:link:node_modules/js-yaml Completed in 11ms
2830 timing build:link:node_modules/mkdirp Completed in 11ms
2831 timing build:link:node_modules/rolldown Completed in 10ms
2832 timing build:link:node_modules/node-gyp-build Completed in 11ms
2833 timing build:link:node_modules/tree-kill Completed in 10ms
2834 timing build:link:node_modules/micro Completed in 11ms
2835 timing build:link:node_modules/acorn Completed in 12ms
2836 timing build:link:node_modules/nopt Completed in 10ms
2837 timing build:link:node_modules/srvx Completed in 10ms
2838 timing build:link:node_modules/tsx Completed in 10ms
2839 timing build:link:node_modules/vercel Completed in 10ms
2840 timing build:link:node_modules/typescript Completed in 11ms
2841 timing build:link:node_modules/@vercel/remix-builder/node_modules/@vercel/nft Completed in 10ms
2842 timing build:link:node_modules/which Completed in 11ms
2843 timing build:link:node_modules/@vercel/node/node_modules/@vercel/nft Completed in 11ms
2844 timing build:link:node_modules/@vercel/redwood/node_modules/semver Completed in 11ms
2845 timing build:link:node_modules/semver Completed in 11ms
2846 timing build:link Completed in 14ms
2847 info run esbuild@0.27.0 postinstall node_modules/esbuild node install.js
2848 info run esbuild@0.27.0 postinstall { code: 0, signal: null }
2849 timing build:run:postinstall:node_modules/esbuild Completed in 1249ms
2850 timing build:run:postinstall Completed in 1250ms
2851 timing build:deps Completed in 1275ms
2852 timing build Completed in 1276ms
2853 timing reify:build Completed in 1277ms
2854 timing reify:trash Completed in 3ms
2855 timing reify:save Completed in 67ms
2856 timing reify Completed in 59955ms
2857 timing command:exec Completed in 63260ms
2858 verbose exit 1
2859 timing npm Completed in 63456ms
2860 verbose code 1
