0 verbose cli /usr/local/bin/node /usr/local/bin/npm
1 info using npm@10.2.4
2 info using node@v20.11.0
3 timing npm:load:whichnode Completed in 1ms
4 timing config:load:defaults Completed in 1ms
5 timing config:load:file:/usr/local/lib/node_modules/npm/npmrc Completed in 0ms
6 timing config:load:builtin Completed in 1ms
7 timing config:load:cli Completed in 1ms
8 timing config:load:env Completed in 0ms
9 timing config:load:file:/Users/khavasfayzullaevgmail.com/Documents/test-platform-deploy/.npmrc Completed in 0ms
10 timing config:load:project Completed in 0ms
11 timing config:load:file:/Users/khavasfayzullaevgmail.com/.npmrc Completed in 0ms
12 timing config:load:user Completed in 0ms
13 timing config:load:file:/usr/local/etc/npmrc Completed in 0ms
14 timing config:load:global Completed in 0ms
15 timing config:load:setEnvs Completed in 1ms
16 timing config:load Completed in 5ms
17 timing npm:load:configload Completed in 5ms
18 timing config:load:flatten Completed in 1ms
19 timing npm:load:mkdirpcache Completed in 0ms
20 timing npm:load:mkdirplogs Completed in 0ms
21 verbose title npm install
22 verbose argv "install"
23 timing npm:load:setTitle Completed in 16ms
24 timing npm:load:display Completed in 0ms
25 verbose logfile logs-max:10 dir:/Users/khavasfayzullaevgmail.com/Documents/test-platform-deploy/.npm-cache/_logs/2026-02-23T16_39_59_213Z-
26 verbose logfile /Users/khavasfayzullaevgmail.com/Documents/test-platform-deploy/.npm-cache/_logs/2026-02-23T16_39_59_213Z-debug-0.log
27 timing npm:load:logFile Completed in 7ms
28 timing npm:load:timers Completed in 0ms
29 timing npm:load:configScope Completed in 0ms
30 timing npm:load Completed in 43ms
31 timing arborist:ctor Completed in 0ms
32 silly logfile done cleaning log files
33 timing arborist:ctor Completed in 0ms
34 timing idealTree:init Completed in 10ms
35 timing idealTree:userRequests Completed in 1ms
36 silly idealTree buildDeps
37 silly fetch manifest lucide-react@^0.575.0
38 http fetch GET 200 https://registry.npmjs.org/lucide-react 1080ms (cache miss)
39 silly fetch manifest react@^18.3.1
40 http fetch GET 200 https://registry.npmjs.org/react 1339ms (cache miss)
41 silly fetch manifest react-dom@^18.3.1
42 http fetch GET 200 https://registry.npmjs.org/react-dom 1129ms (cache miss)
43 silly fetch manifest react-router-dom@^7.13.0
44 http fetch GET 200 https://registry.npmjs.org/react-router-dom 607ms (cache miss)
45 silly fetch manifest @eslint/js@^9.8.0
46 http fetch GET 200 https://registry.npmjs.org/@eslint%2fjs 342ms (cache miss)
47 silly fetch manifest @types/react@^18.3.3
48 http fetch GET 200 https://registry.npmjs.org/@types%2freact 890ms (cache miss)
49 silly fetch manifest @types/react-dom@^18.3.0
50 http fetch GET 200 https://registry.npmjs.org/@types%2freact-dom 236ms (cache miss)
51 silly fetch manifest @vitejs/plugin-react@^4.3.1
52 http fetch GET 200 https://registry.npmjs.org/@vitejs%2fplugin-react 258ms (cache miss)
53 silly fetch manifest vite@^5.4.0
54 http fetch GET 200 https://registry.npmjs.org/vite 445ms (cache miss)
55 silly fetch manifest @types/node@^18.0.0 || >=20.0.0
56 http fetch GET 200 https://registry.npmjs.org/@types%2fnode 10ms (cache hit)
57 silly fetch manifest less@*
58 http fetch GET 200 https://registry.npmjs.org/less 195ms (cache miss)
59 silly fetch manifest lightningcss@^1.21.0
60 http fetch GET 200 https://registry.npmjs.org/lightningcss 156ms (cache miss)
61 silly fetch manifest sass@*
62 http fetch GET 200 https://registry.npmjs.org/sass 272ms (cache miss)
63 silly fetch manifest sass-embedded@*
64 http fetch GET 200 https://registry.npmjs.org/sass-embedded 194ms (cache miss)
65 silly fetch manifest stylus@*
66 http fetch GET 200 https://registry.npmjs.org/stylus 184ms (cache miss)
67 silly fetch manifest sugarss@*
68 http fetch GET 200 https://registry.npmjs.org/sugarss 179ms (cache miss)
69 silly fetch manifest postcss@^8.3.3
70 http fetch GET 200 https://registry.npmjs.org/postcss 234ms (cache miss)
71 silly fetch manifest terser@^5.4.0
72 http fetch GET 200 https://registry.npmjs.org/terser 325ms (cache miss)
73 silly fetch manifest eslint@^9.8.0
74 http fetch GET 200 https://registry.npmjs.org/eslint 316ms (cache miss)
75 silly fetch manifest jiti@*
76 http fetch GET 200 https://registry.npmjs.org/jiti 293ms (cache miss)
77 silly fetch manifest eslint-plugin-react@^7.35.0
78 http fetch GET 200 https://registry.npmjs.org/eslint-plugin-react 472ms (cache miss)
79 silly fetch manifest eslint-plugin-react-hooks@^5.1.0-rc.0
80 http fetch GET 200 https://registry.npmjs.org/eslint-plugin-react-hooks 1049ms (cache miss)
81 silly fetch manifest eslint-plugin-react-refresh@^0.4.9
82 http fetch GET 200 https://registry.npmjs.org/eslint-plugin-react-refresh 197ms (cache miss)
83 silly fetch manifest globals@^15.9.0
84 http fetch GET 200 https://registry.npmjs.org/globals 193ms (cache miss)
85 silly placeDep ROOT @eslint/js@9.39.3 OK for: test-platform@0.0.0 want: ^9.8.0
86 silly placeDep ROOT @types/react@18.3.28 OK for: test-platform@0.0.0 want: ^18.3.3
87 silly fetch manifest csstype@^3.2.2
88 silly fetch manifest @types/prop-types@*
89 silly placeDep ROOT @types/react-dom@18.3.7 OK for: test-platform@0.0.0 want: ^18.3.0
90 silly placeDep ROOT @vitejs/plugin-react@4.7.0 OK for: test-platform@0.0.0 want: ^4.3.1
91 silly placeDep ROOT vite@5.4.21 OK for: @vitejs/plugin-react@4.7.0 want: ^4.2.0 || ^5.0.0 || ^6.0.0 || ^7.0.0
92 silly fetch manifest @babel/core@^7.28.0
93 silly fetch manifest react-refresh@^0.17.0
94 silly fetch manifest @types/babel__core@^7.20.5
95 silly fetch manifest @rolldown/pluginutils@1.0.0-beta.27
96 silly fetch manifest @babel/plugin-transform-react-jsx-self@^7.27.1
97 silly fetch manifest @babel/plugin-transform-react-jsx-source@^7.27.1
98 silly fetch manifest rollup@^4.20.0
99 silly fetch manifest esbuild@^0.21.3
100 silly fetch manifest postcss@^8.4.43
101 silly fetch manifest fsevents@~2.3.3
102 silly placeDep ROOT eslint@9.39.3 OK for: test-platform@0.0.0 want: ^9.8.0
103 silly fetch manifest ajv@^6.12.4
104 silly fetch manifest chalk@^4.0.0
105 silly fetch manifest debug@^4.3.2
106 silly fetch manifest espree@^10.4.0
107 silly fetch manifest ignore@^5.2.0
108 silly fetch manifest esquery@^1.5.0
109 silly fetch manifest esutils@^2.0.2
110 silly fetch manifest find-up@^5.0.0
111 silly fetch manifest is-glob@^4.0.0
112 silly fetch manifest minimatch@^3.1.2
113 silly fetch manifest optionator@^0.9.3
114 silly fetch manifest cross-spawn@^7.0.6
115 silly fetch manifest glob-parent@^6.0.2
116 silly fetch manifest imurmurhash@^0.1.4
117 silly fetch manifest @eslint/core@^0.17.0
118 silly fetch manifest eslint-scope@^8.4.0
119 silly fetch manifest lodash.merge@^4.6.2
120 silly fetch manifest @humanfs/node@^0.16.6
121 silly fetch manifest @types/estree@^1.0.6
122 silly fetch manifest fast-deep-equal@^3.1.3
123 silly fetch manifest natural-compare@^1.4.0
124 silly fetch manifest @eslint/eslintrc@^3.3.1
125 silly fetch manifest file-entry-cache@^8.0.0
126 silly fetch manifest @eslint/plugin-kit@^0.4.1
127 silly fetch manifest eslint-visitor-keys@^4.2.1
128 silly fetch manifest @eslint/config-array@^0.21.1
129 silly fetch manifest @humanwhocodes/retry@^0.4.2
130 silly fetch manifest escape-string-regexp@^4.0.0
131 silly fetch manifest @eslint/config-helpers@^0.4.2
132 silly fetch manifest @eslint-community/regexpp@^4.12.1
133 silly fetch manifest @eslint-community/eslint-utils@^4.8.0
134 silly fetch manifest @humanwhocodes/module-importer@^1.0.1
135 silly fetch manifest json-stable-stringify-without-jsonify@^1.0.1
136 silly placeDep ROOT eslint-plugin-react@7.37.5 OK for: test-platform@0.0.0 want: ^7.35.0
137 silly fetch manifest array-includes@^3.1.8
138 silly fetch manifest array.prototype.findlast@^1.2.5
139 silly fetch manifest array.prototype.flatmap@^1.3.3
140 silly fetch manifest array.prototype.tosorted@^1.1.4
141 silly fetch manifest doctrine@^2.1.0
142 silly fetch manifest es-iterator-helpers@^1.2.1
143 silly fetch manifest estraverse@^5.3.0
144 silly fetch manifest hasown@^2.0.2
145 silly fetch manifest jsx-ast-utils@^2.4.1 || ^3.0.0
146 silly fetch manifest object.entries@^1.1.9
147 silly fetch manifest object.fromentries@^2.0.8
148 silly fetch manifest object.values@^1.2.1
149 silly fetch manifest prop-types@^15.8.1
150 silly fetch manifest resolve@^2.0.0-next.5
151 silly fetch manifest semver@^6.3.1
152 silly fetch manifest string.prototype.matchall@^4.0.12
153 silly fetch manifest string.prototype.repeat@^1.0.0
154 silly placeDep ROOT eslint-plugin-react-hooks@5.2.0 OK for: test-platform@0.0.0 want: ^5.1.0-rc.0
155 silly placeDep ROOT eslint-plugin-react-refresh@0.4.26 OK for: test-platform@0.0.0 want: ^0.4.9
156 silly placeDep ROOT globals@15.15.0 OK for: test-platform@0.0.0 want: ^15.9.0
157 silly placeDep ROOT lucide-react@0.575.0 OK for: test-platform@0.0.0 want: ^0.575.0
158 silly placeDep ROOT react@18.3.1 OK for: lucide-react@0.575.0 want: ^16.5.1 || ^17.0.0 || ^18.0.0 || ^19.0.0
159 silly fetch manifest loose-envify@^1.1.0
160 silly placeDep ROOT react-dom@18.3.1 OK for: test-platform@0.0.0 want: ^18.3.1
161 silly fetch manifest scheduler@^0.23.2
162 silly placeDep ROOT react-router-dom@7.13.0 OK for: test-platform@0.0.0 want: ^7.13.0
163 silly fetch manifest react-router@7.13.0
164 http fetch GET 200 https://registry.npmjs.org/fsevents 124ms (cache hit)
165 http fetch GET 200 https://registry.npmjs.org/esutils 121ms (cache hit)
166 http fetch GET 200 https://registry.npmjs.org/rollup 130ms (cache hit)
167 http fetch GET 200 https://registry.npmjs.org/glob-parent 141ms (cache hit)
168 http fetch GET 200 https://registry.npmjs.org/minimatch 142ms (cache hit)
169 http fetch GET 200 https://registry.npmjs.org/is-glob 144ms (cache hit)
170 http fetch GET 200 https://registry.npmjs.org/hasown 129ms (cache hit)
171 http fetch GET 200 https://registry.npmjs.org/@rolldown%2fpluginutils 151ms (cache hit)
172 http fetch GET 200 https://registry.npmjs.org/ajv 149ms (cache hit)
173 http fetch GET 200 https://registry.npmjs.org/estraverse 136ms (cache hit)
174 http fetch GET 200 https://registry.npmjs.org/cross-spawn 149ms (cache hit)
175 http fetch GET 200 https://registry.npmjs.org/@types%2festree 148ms (cache hit)
176 http fetch GET 200 https://registry.npmjs.org/esbuild 157ms (cache hit)
177 http fetch GET 200 https://registry.npmjs.org/debug 159ms (cache hit)
178 http fetch GET 200 https://registry.npmjs.org/fast-deep-equal 153ms (cache hit)
179 http fetch GET 200 https://registry.npmjs.org/semver 139ms (cache hit)
180 http fetch GET 200 https://registry.npmjs.org/@types%2fprop-types 241ms (cache miss)
181 http fetch GET 200 https://registry.npmjs.org/natural-compare 694ms (cache miss)
182 http fetch GET 200 https://registry.npmjs.org/escape-string-regexp 690ms (cache miss)
183 http fetch GET 200 https://registry.npmjs.org/find-up 705ms (cache miss)
184 http fetch GET 200 https://registry.npmjs.org/chalk 713ms (cache miss)
185 http fetch GET 200 https://registry.npmjs.org/json-stable-stringify-without-jsonify 701ms (cache miss)
186 http fetch GET 200 https://registry.npmjs.org/esquery 735ms (cache miss)
187 http fetch GET 200 https://registry.npmjs.org/@eslint%2fcore 794ms (cache miss)
188 http fetch GET 200 https://registry.npmjs.org/eslint-visitor-keys 795ms (cache miss)
189 http fetch GET 200 https://registry.npmjs.org/array.prototype.flatmap 788ms (cache miss)
190 http fetch GET 200 https://registry.npmjs.org/file-entry-cache 814ms (cache miss)
191 http fetch GET 200 https://registry.npmjs.org/optionator 880ms (cache miss)
192 http fetch GET 200 https://registry.npmjs.org/imurmurhash 885ms (cache miss)
193 http fetch GET 200 https://registry.npmjs.org/array-includes 880ms (cache miss)
194 http fetch GET 200 https://registry.npmjs.org/ignore 919ms (cache miss)
195 http fetch GET 200 https://registry.npmjs.org/object.values 929ms (cache miss)
196 http fetch GET 200 https://registry.npmjs.org/espree 971ms (cache miss)
197 http fetch GET 200 https://registry.npmjs.org/array.prototype.tosorted 973ms (cache miss)
198 http fetch GET 200 https://registry.npmjs.org/doctrine 978ms (cache miss)
199 http fetch GET 200 https://registry.npmjs.org/loose-envify 970ms (cache miss)
200 http fetch GET 200 https://registry.npmjs.org/@eslint%2fconfig-array 1046ms (cache miss)
201 http fetch GET 200 https://registry.npmjs.org/prop-types 1037ms (cache miss)
202 http fetch GET 200 https://registry.npmjs.org/@babel%2fplugin-transform-react-jsx-self 1072ms (cache miss)
203 http fetch GET 200 https://registry.npmjs.org/@humanwhocodes%2fmodule-importer 1073ms (cache miss)
204 http fetch GET 200 https://registry.npmjs.org/lodash.merge 1105ms (cache miss)
205 http fetch GET 200 https://registry.npmjs.org/jsx-ast-utils 1094ms (cache miss)
206 http fetch GET 200 https://registry.npmjs.org/@types%2fbabel__core 1121ms (cache miss)
207 http fetch GET 200 https://registry.npmjs.org/object.fromentries 1127ms (cache miss)
208 http fetch GET 200 https://registry.npmjs.org/@eslint-community%2feslint-utils 1138ms (cache miss)
209 http fetch GET 200 https://registry.npmjs.org/eslint-scope 1149ms (cache miss)
210 http fetch GET 200 https://registry.npmjs.org/@eslint%2fplugin-kit 1169ms (cache miss)
211 http fetch GET 200 https://registry.npmjs.org/@eslint-community%2fregexpp 1166ms (cache miss)
212 http fetch GET 200 https://registry.npmjs.org/@eslint%2feslintrc 1172ms (cache miss)
213 http fetch GET 200 https://registry.npmjs.org/@humanfs%2fnode 1176ms (cache miss)
214 http fetch GET 200 https://registry.npmjs.org/@eslint%2fconfig-helpers 1190ms (cache miss)
215 http fetch GET 200 https://registry.npmjs.org/object.entries 1200ms (cache miss)
216 http fetch GET 200 https://registry.npmjs.org/csstype 1229ms (cache miss)
217 http fetch GET 200 https://registry.npmjs.org/@humanwhocodes%2fretry 1210ms (cache miss)
218 http fetch GET 200 https://registry.npmjs.org/@babel%2fplugin-transform-react-jsx-source 1239ms (cache miss)
219 http fetch GET 200 https://registry.npmjs.org/array.prototype.findlast 1309ms (cache miss)
220 http fetch GET 200 https://registry.npmjs.org/es-iterator-helpers 1320ms (cache miss)
221 http fetch GET 200 https://registry.npmjs.org/string.prototype.matchall 1330ms (cache miss)
222 http fetch GET 200 https://registry.npmjs.org/string.prototype.repeat 1390ms (cache miss)
223 http fetch GET 200 https://registry.npmjs.org/@babel%2fcore 1645ms (cache miss)
224 http fetch GET 200 https://registry.npmjs.org/resolve 1642ms (cache miss)
225 http fetch GET 200 https://registry.npmjs.org/react-router 2801ms (cache miss)
226 http fetch GET 200 https://registry.npmjs.org/react-refresh 4056ms (cache miss)
227 http fetch GET 200 https://registry.npmjs.org/scheduler 4202ms (cache miss)
228 timing idealTree:#root Completed in 15162ms
229 timing idealTree:node_modules/@eslint/js Completed in 0ms
230 silly placeDep ROOT @types/prop-types@15.7.15 OK for: @types/react@18.3.28 want: *
231 silly placeDep ROOT csstype@3.2.3 OK for: @types/react@18.3.28 want: ^3.2.2
232 timing idealTree:node_modules/@types/react Completed in 3ms
233 timing idealTree:node_modules/@types/prop-types Completed in 0ms
234 timing idealTree:node_modules/@types/react-dom Completed in 0ms
235 silly placeDep ROOT @babel/core@7.29.0 OK for: @vitejs/plugin-react@4.7.0 want: ^7.28.0
236 silly fetch manifest debug@^4.1.0
237 silly fetch manifest json5@^2.2.3
238 silly fetch manifest gensync@^1.0.0-beta.2
239 silly fetch manifest @babel/types@^7.29.0
240 silly fetch manifest @babel/parser@^7.29.0
241 silly fetch manifest @babel/helpers@^7.28.6
242 silly fetch manifest @babel/template@^7.28.6
243 silly fetch manifest @babel/traverse@^7.29.0
244 silly fetch manifest @babel/generator@^7.29.0
245 silly fetch manifest @babel/code-frame@^7.29.0
246 silly fetch manifest convert-source-map@^2.0.0
247 silly fetch manifest @jridgewell/remapping@^2.3.5
248 silly fetch manifest @babel/helper-module-transforms@^7.28.6
249 silly fetch manifest @babel/helper-compilation-targets@^7.28.6
250 silly placeDep ROOT @babel/plugin-transform-react-jsx-self@7.27.1 OK for: @vitejs/plugin-react@4.7.0 want: ^7.27.1
251 silly fetch manifest @babel/helper-plugin-utils@^7.27.1
252 silly placeDep ROOT @babel/plugin-transform-react-jsx-source@7.27.1 OK for: @vitejs/plugin-react@4.7.0 want: ^7.27.1
253 silly placeDep ROOT @rolldown/pluginutils@1.0.0-beta.27 OK for: @vitejs/plugin-react@4.7.0 want: 1.0.0-beta.27
254 silly placeDep ROOT @types/babel__core@7.20.5 OK for: @vitejs/plugin-react@4.7.0 want: ^7.20.5
255 silly fetch manifest @babel/types@^7.20.7
256 silly fetch manifest @babel/parser@^7.20.7
257 silly fetch manifest @types/babel__template@*
258 silly fetch manifest @types/babel__traverse@*
259 silly fetch manifest @types/babel__generator@*
260 silly placeDep ROOT react-refresh@0.17.0 OK for: @vitejs/plugin-react@4.7.0 want: ^0.17.0
261 http fetch GET 200 https://registry.npmjs.org/gensync 359ms (cache miss)
262 http fetch GET 200 https://registry.npmjs.org/json5 403ms (cache miss)
263 http fetch GET 200 https://registry.npmjs.org/convert-source-map 400ms (cache miss)
264 http fetch GET 200 https://registry.npmjs.org/@jridgewell%2fremapping 414ms (cache miss)
265 http fetch GET 200 https://registry.npmjs.org/@babel%2ftemplate 617ms (cache miss)
266 http fetch GET 200 https://registry.npmjs.org/@babel%2fcode-frame 708ms (cache miss)
267 http fetch GET 200 https://registry.npmjs.org/@babel%2fhelper-plugin-utils 917ms (cache miss)
268 http fetch GET 200 https://registry.npmjs.org/@babel%2fhelper-compilation-targets 981ms (cache miss)
269 http fetch GET 200 https://registry.npmjs.org/@babel%2ftypes 1139ms (cache miss)
270 http fetch GET 200 https://registry.npmjs.org/@babel%2ftraverse 1208ms (cache miss)
271 http fetch GET 200 https://registry.npmjs.org/@babel%2fgenerator 1211ms (cache miss)
272 http fetch GET 200 https://registry.npmjs.org/@babel%2fhelper-module-transforms 1316ms (cache miss)
273 http fetch GET 200 https://registry.npmjs.org/@types%2fbabel__generator 1407ms (cache miss)
274 http fetch GET 200 https://registry.npmjs.org/@types%2fbabel__template 1426ms (cache miss)
275 http fetch GET 200 https://registry.npmjs.org/@babel%2fparser 1689ms (cache miss)
276 http fetch GET 200 https://registry.npmjs.org/@types%2fbabel__traverse 1706ms (cache miss)
277 http fetch GET 200 https://registry.npmjs.org/@babel%2ftypes 1768ms (cache miss)
278 http fetch GET 200 https://registry.npmjs.org/@babel%2fparser 1865ms (cache miss)
279 http fetch GET 200 https://registry.npmjs.org/@babel%2fhelpers 2458ms (cache miss)
280 timing idealTree:node_modules/@vitejs/plugin-react Completed in 2467ms
281 silly fetch manifest @babel/core@^7.0.0
282 silly placeDep ROOT @babel/code-frame@7.29.0 OK for: @babel/core@7.29.0 want: ^7.29.0
283 silly fetch manifest js-tokens@^4.0.0
284 silly fetch manifest picocolors@^1.1.1
285 silly fetch manifest @babel/helper-validator-identifier@^7.28.5
286 silly placeDep ROOT @babel/generator@7.29.1 OK for: @babel/core@7.29.0 want: ^7.29.0
287 silly fetch manifest jsesc@^3.0.2
288 silly fetch manifest @jridgewell/gen-mapping@^0.3.12
289 silly fetch manifest @jridgewell/trace-mapping@^0.3.28
290 silly placeDep ROOT @babel/helper-compilation-targets@7.28.6 OK for: @babel/core@7.29.0 want: ^7.28.6
291 silly fetch manifest lru-cache@^5.1.1
292 silly fetch manifest browserslist@^4.24.0
293 silly fetch manifest @babel/compat-data@^7.28.6
294 silly fetch manifest @babel/helper-validator-option@^7.27.1
295 silly placeDep ROOT @babel/helper-module-transforms@7.28.6 OK for: @babel/core@7.29.0 want: ^7.28.6
296 silly fetch manifest @babel/traverse@^7.28.6
297 silly fetch manifest @babel/helper-module-imports@^7.28.6
298 silly placeDep ROOT @babel/helpers@7.28.6 OK for: @babel/core@7.29.0 want: ^7.28.6
299 silly fetch manifest @babel/types@^7.28.6
300 silly placeDep ROOT @babel/parser@7.29.0 OK for: @babel/core@7.29.0 want: ^7.29.0
301 silly placeDep ROOT @babel/template@7.28.6 OK for: @babel/core@7.29.0 want: ^7.28.6
302 silly placeDep ROOT @babel/traverse@7.29.0 OK for: @babel/core@7.29.0 want: ^7.29.0
303 silly fetch manifest debug@^4.3.1
304 silly fetch manifest @babel/helper-globals@^7.28.0
305 silly placeDep ROOT @babel/types@7.29.0 OK for: @babel/core@7.29.0 want: ^7.29.0
306 silly fetch manifest @babel/helper-string-parser@^7.27.1
307 silly placeDep ROOT @jridgewell/remapping@2.3.5 OK for: @babel/core@7.29.0 want: ^2.3.5
308 silly fetch manifest @jridgewell/gen-mapping@^0.3.5
309 silly fetch manifest @jridgewell/trace-mapping@^0.3.24
310 silly placeDep ROOT convert-source-map@2.0.0 OK for: @babel/core@7.29.0 want: ^2.0.0
311 silly placeDep ROOT debug@4.4.3 OK for: @babel/core@7.29.0 want: ^4.1.0
312 silly fetch manifest ms@^2.1.3
313 silly placeDep ROOT gensync@1.0.0-beta.2 OK for: @babel/core@7.29.0 want: ^1.0.0-beta.2
314 silly placeDep ROOT json5@2.2.3 OK for: @babel/core@7.29.0 want: ^2.2.3
315 silly placeDep ROOT semver@6.3.1 OK for: @babel/core@7.29.0 want: ^6.3.1
316 http fetch GET 200 https://registry.npmjs.org/picocolors 34ms (cache hit)
317 http fetch GET 200 https://registry.npmjs.org/lru-cache 32ms (cache hit)
318 http fetch GET 200 https://registry.npmjs.org/ms 18ms (cache hit)
319 http fetch GET 200 https://registry.npmjs.org/jsesc 456ms (cache miss)
320 http fetch GET 200 https://registry.npmjs.org/js-tokens 569ms (cache miss)
321 http fetch GET 200 https://registry.npmjs.org/@babel%2fhelper-globals 659ms (cache miss)
322 http fetch GET 200 https://registry.npmjs.org/@babel%2fhelper-validator-identifier 669ms (cache miss)
323 http fetch GET 200 https://registry.npmjs.org/@jridgewell%2fgen-mapping 709ms (cache miss)
324 http fetch GET 200 https://registry.npmjs.org/@babel%2fhelper-validator-option 1077ms (cache miss)
325 http fetch GET 200 https://registry.npmjs.org/@jridgewell%2fgen-mapping 1081ms (cache miss)
326 http fetch GET 200 https://registry.npmjs.org/@jridgewell%2ftrace-mapping 1083ms (cache miss)
327 http fetch GET 200 https://registry.npmjs.org/@jridgewell%2ftrace-mapping 1074ms (cache miss)
328 http fetch GET 200 https://registry.npmjs.org/@babel%2fcompat-data 1234ms (cache miss)
329 http fetch GET 200 https://registry.npmjs.org/browserslist 1439ms (cache miss)
330 http fetch GET 200 https://registry.npmjs.org/@babel%2fhelper-string-parser 1488ms (cache miss)
331 http fetch GET 200 https://registry.npmjs.org/@babel%2fhelper-module-imports 1493ms (cache miss)
332 timing idealTree:node_modules/@babel/core Completed in 1506ms
333 silly placeDep ROOT @babel/helper-validator-identifier@7.28.5 OK for: @babel/code-frame@7.29.0 want: ^7.28.5
334 silly placeDep ROOT js-tokens@4.0.0 OK for: @babel/code-frame@7.29.0 want: ^4.0.0
335 silly placeDep ROOT picocolors@1.1.1 OK for: @babel/code-frame@7.29.0 want: ^1.1.1
336 timing idealTree:node_modules/@babel/code-frame Completed in 4ms
337 silly placeDep ROOT @jridgewell/gen-mapping@0.3.13 OK for: @babel/generator@7.29.1 want: ^0.3.12
338 silly fetch manifest @jridgewell/sourcemap-codec@^1.5.0
339 silly placeDep ROOT @jridgewell/trace-mapping@0.3.31 OK for: @babel/generator@7.29.1 want: ^0.3.28
340 silly fetch manifest @jridgewell/resolve-uri@^3.1.0
341 silly fetch manifest @jridgewell/sourcemap-codec@^1.4.14
342 silly placeDep ROOT jsesc@3.1.0 OK for: @babel/generator@7.29.1 want: ^3.0.2
343 http fetch GET 200 https://registry.npmjs.org/@jridgewell%2fresolve-uri 202ms (cache miss)
344 http fetch GET 200 https://registry.npmjs.org/@jridgewell%2fsourcemap-codec 202ms (cache miss)
345 http fetch GET 200 https://registry.npmjs.org/@jridgewell%2fsourcemap-codec 297ms (cache miss)
346 timing idealTree:node_modules/@babel/generator Completed in 300ms
347 silly placeDep ROOT @babel/compat-data@7.29.0 OK for: @babel/helper-compilation-targets@7.28.6 want: ^7.28.6
348 silly placeDep ROOT @babel/helper-validator-option@7.27.1 OK for: @babel/helper-compilation-targets@7.28.6 want: ^7.27.1
349 silly placeDep ROOT browserslist@4.28.1 OK for: @babel/helper-compilation-targets@7.28.6 want: ^4.24.0
350 silly fetch manifest baseline-browser-mapping@^2.9.0
351 silly fetch manifest caniuse-lite@^1.0.30001759
352 silly fetch manifest electron-to-chromium@^1.5.263
353 silly fetch manifest node-releases@^2.0.27
354 silly fetch manifest update-browserslist-db@^1.2.0
355 silly placeDep ROOT lru-cache@5.1.1 OK for: @babel/helper-compilation-targets@7.28.6 want: ^5.1.1
356 silly fetch manifest yallist@^3.0.2
357 http fetch GET 200 https://registry.npmjs.org/yallist 8ms (cache hit)
358 http fetch GET 200 https://registry.npmjs.org/update-browserslist-db 276ms (cache miss)
359 http fetch GET 200 https://registry.npmjs.org/baseline-browser-mapping 713ms (cache miss)
360 http fetch GET 200 https://registry.npmjs.org/node-releases 786ms (cache miss)
361 http fetch GET 200 https://registry.npmjs.org/caniuse-lite 2237ms (cache miss)
362 http fetch GET 200 https://registry.npmjs.org/electron-to-chromium 3734ms (cache miss)
363 timing idealTree:node_modules/@babel/helper-compilation-targets Completed in 3750ms
364 timing idealTree:node_modules/@babel/compat-data Completed in 0ms
365 silly placeDep ROOT @babel/helper-module-imports@7.28.6 OK for: @babel/helper-module-transforms@7.28.6 want: ^7.28.6
366 timing idealTree:node_modules/@babel/helper-module-transforms Completed in 1ms
367 timing idealTree:node_modules/@babel/helper-module-imports Completed in 0ms
368 timing idealTree:node_modules/@babel/helper-validator-identifier Completed in 0ms
369 timing idealTree:node_modules/@babel/helper-validator-option Completed in 0ms
370 timing idealTree:node_modules/@babel/helpers Completed in 0ms
371 timing idealTree:node_modules/@babel/parser Completed in 0ms
372 silly placeDep ROOT @babel/helper-plugin-utils@7.28.6 OK for: @babel/plugin-transform-react-jsx-self@7.27.1 want: ^7.27.1
373 timing idealTree:node_modules/@babel/plugin-transform-react-jsx-self Completed in 0ms
374 timing idealTree:node_modules/@babel/helper-plugin-utils Completed in 0ms
375 timing idealTree:node_modules/@babel/plugin-transform-react-jsx-source Completed in 0ms
376 timing idealTree:node_modules/@babel/template Completed in 0ms
377 silly placeDep ROOT @babel/helper-globals@7.28.0 OK for: @babel/traverse@7.29.0 want: ^7.28.0
378 timing idealTree:node_modules/@babel/traverse Completed in 1ms
379 timing idealTree:node_modules/@babel/helper-globals Completed in 0ms
380 silly placeDep ROOT @babel/helper-string-parser@7.27.1 OK for: @babel/types@7.29.0 want: ^7.27.1
381 timing idealTree:node_modules/@babel/types Completed in 0ms
382 timing idealTree:node_modules/@babel/helper-string-parser Completed in 0ms
383 silly placeDep ROOT @jridgewell/sourcemap-codec@1.5.5 OK for: @jridgewell/gen-mapping@0.3.13 want: ^1.5.0
384 timing idealTree:node_modules/@jridgewell/gen-mapping Completed in 0ms
385 timing idealTree:node_modules/@jridgewell/remapping Completed in 0ms
386 timing idealTree:node_modules/@jridgewell/sourcemap-codec Completed in 0ms
387 silly placeDep ROOT @jridgewell/resolve-uri@3.1.2 OK for: @jridgewell/trace-mapping@0.3.31 want: ^3.1.0
388 timing idealTree:node_modules/@jridgewell/trace-mapping Completed in 1ms
389 timing idealTree:node_modules/@jridgewell/resolve-uri Completed in 0ms
390 timing idealTree:node_modules/@rolldown/pluginutils Completed in 0ms
391 silly placeDep ROOT @types/babel__generator@7.27.0 OK for: @types/babel__core@7.20.5 want: *
392 silly placeDep ROOT @types/babel__template@7.4.4 OK for: @types/babel__core@7.20.5 want: *
393 silly placeDep ROOT @types/babel__traverse@7.28.0 OK for: @types/babel__core@7.20.5 want: *
394 timing idealTree:node_modules/@types/babel__core Completed in 2ms
395 timing idealTree:node_modules/@types/babel__generator Completed in 0ms
396 timing idealTree:node_modules/@types/babel__template Completed in 0ms
397 timing idealTree:node_modules/@types/babel__traverse Completed in 0ms
398 silly fetch manifest browserslist@>= 4.21.0
399 silly placeDep ROOT baseline-browser-mapping@2.10.0 OK for: browserslist@4.28.1 want: ^2.9.0
400 silly placeDep ROOT caniuse-lite@1.0.30001774 OK for: browserslist@4.28.1 want: ^1.0.30001759
401 silly placeDep ROOT electron-to-chromium@1.5.302 OK for: browserslist@4.28.1 want: ^1.5.263
402 silly placeDep ROOT node-releases@2.0.27 OK for: browserslist@4.28.1 want: ^2.0.27
403 silly placeDep ROOT update-browserslist-db@1.2.3 OK for: browserslist@4.28.1 want: ^1.2.0
404 silly fetch manifest escalade@^3.2.0
405 http fetch GET 200 https://registry.npmjs.org/escalade 178ms (cache miss)
406 timing idealTree:node_modules/browserslist Completed in 183ms
407 timing idealTree:node_modules/baseline-browser-mapping Completed in 0ms
408 timing idealTree:node_modules/caniuse-lite Completed in 0ms
409 timing idealTree:node_modules/convert-source-map Completed in 0ms
410 timing idealTree:node_modules/csstype Completed in 0ms
411 silly placeDep ROOT ms@2.1.3 OK for: debug@4.4.3 want: ^2.1.3
412 timing idealTree:node_modules/debug Completed in 1ms
413 timing idealTree:node_modules/electron-to-chromium Completed in 0ms
414 silly fetch manifest eslint@^6.0.0 || ^7.0.0 || >=8.0.0
415 silly placeDep ROOT @eslint-community/eslint-utils@4.9.1 OK for: eslint@9.39.3 want: ^4.8.0
416 silly fetch manifest eslint-visitor-keys@^3.4.3
417 silly placeDep ROOT @eslint-community/regexpp@4.12.2 OK for: eslint@9.39.3 want: ^4.12.1
418 silly placeDep ROOT @eslint/config-array@0.21.1 OK for: eslint@9.39.3 want: ^0.21.1
419 silly fetch manifest @eslint/object-schema@^2.1.7
420 silly placeDep ROOT @eslint/config-helpers@0.4.2 OK for: eslint@9.39.3 want: ^0.4.2
421 silly placeDep ROOT @eslint/core@0.17.0 OK for: eslint@9.39.3 want: ^0.17.0
422 silly fetch manifest @types/json-schema@^7.0.15
423 silly placeDep ROOT @eslint/eslintrc@3.3.3 OK for: eslint@9.39.3 want: ^3.3.1
424 silly fetch manifest espree@^10.0.1
425 silly fetch manifest globals@^14.0.0
426 silly fetch manifest import-fresh@^3.2.1
427 silly fetch manifest js-yaml@^4.1.1
428 silly fetch manifest strip-json-comments@^3.1.1
429 silly placeDep ROOT @eslint/plugin-kit@0.4.1 OK for: eslint@9.39.3 want: ^0.4.1
430 silly fetch manifest levn@^0.4.1
431 silly placeDep ROOT @humanfs/node@0.16.7 OK for: eslint@9.39.3 want: ^0.16.6
432 silly fetch manifest @humanwhocodes/retry@^0.4.0
433 silly fetch manifest @humanfs/core@^0.19.1
434 silly placeDep ROOT @humanwhocodes/module-importer@1.0.1 OK for: eslint@9.39.3 want: ^1.0.1
435 silly placeDep ROOT @humanwhocodes/retry@0.4.3 OK for: eslint@9.39.3 want: ^0.4.2
436 silly placeDep ROOT @types/estree@1.0.8 OK for: eslint@9.39.3 want: ^1.0.6
437 silly placeDep ROOT ajv@6.14.0 OK for: eslint@9.39.3 want: ^6.12.4
438 silly fetch manifest fast-deep-equal@^3.1.1
439 silly fetch manifest fast-json-stable-stringify@^2.0.0
440 silly fetch manifest json-schema-traverse@^0.4.1
441 silly fetch manifest uri-js@^4.2.2
442 silly placeDep ROOT chalk@4.1.2 OK for: eslint@9.39.3 want: ^4.0.0
443 silly fetch manifest ansi-styles@^4.1.0
444 silly fetch manifest supports-color@^7.1.0
445 silly placeDep ROOT cross-spawn@7.0.6 OK for: eslint@9.39.3 want: ^7.0.6
446 silly fetch manifest which@^2.0.1
447 silly fetch manifest path-key@^3.1.0
448 silly fetch manifest shebang-command@^2.0.0
449 silly placeDep ROOT escape-string-regexp@4.0.0 OK for: eslint@9.39.3 want: ^4.0.0
450 silly placeDep ROOT eslint-scope@8.4.0 OK for: eslint@9.39.3 want: ^8.4.0
451 silly fetch manifest esrecurse@^4.3.0
452 silly fetch manifest estraverse@^5.2.0
453 silly placeDep ROOT eslint-visitor-keys@4.2.1 OK for: eslint@9.39.3 want: ^4.2.1
454 silly placeDep ROOT espree@10.4.0 OK for: eslint@9.39.3 want: ^10.4.0
455 silly fetch manifest acorn@^8.15.0
456 silly fetch manifest acorn-jsx@^5.3.2
457 silly placeDep ROOT esquery@1.7.0 OK for: eslint@9.39.3 want: ^1.5.0
458 silly fetch manifest estraverse@^5.1.0
459 silly placeDep ROOT esutils@2.0.3 OK for: eslint@9.39.3 want: ^2.0.2
460 silly placeDep ROOT fast-deep-equal@3.1.3 OK for: eslint@9.39.3 want: ^3.1.3
461 silly placeDep ROOT file-entry-cache@8.0.0 OK for: eslint@9.39.3 want: ^8.0.0
462 silly fetch manifest flat-cache@^4.0.0
463 silly placeDep ROOT find-up@5.0.0 OK for: eslint@9.39.3 want: ^5.0.0
464 silly fetch manifest locate-path@^6.0.0
465 silly fetch manifest path-exists@^4.0.0
466 silly placeDep ROOT glob-parent@6.0.2 OK for: eslint@9.39.3 want: ^6.0.2
467 silly fetch manifest is-glob@^4.0.3
468 silly placeDep ROOT ignore@5.3.2 OK for: eslint@9.39.3 want: ^5.2.0
469 silly placeDep ROOT imurmurhash@0.1.4 OK for: eslint@9.39.3 want: ^0.1.4
470 silly placeDep ROOT is-glob@4.0.3 OK for: eslint@9.39.3 want: ^4.0.0
471 silly fetch manifest is-extglob@^2.1.1
472 silly placeDep ROOT json-stable-stringify-without-jsonify@1.0.1 OK for: eslint@9.39.3 want: ^1.0.1
473 silly placeDep ROOT lodash.merge@4.6.2 OK for: eslint@9.39.3 want: ^4.6.2
474 silly placeDep ROOT minimatch@3.1.3 OK for: eslint@9.39.3 want: ^3.1.2
475 silly fetch manifest brace-expansion@^1.1.7
476 silly placeDep ROOT natural-compare@1.4.0 OK for: eslint@9.39.3 want: ^1.4.0
477 silly placeDep ROOT optionator@0.9.4 OK for: eslint@9.39.3 want: ^0.9.3
478 silly fetch manifest prelude-ls@^1.2.1
479 silly fetch manifest deep-is@^0.1.3
480 silly fetch manifest word-wrap@^1.2.5
481 silly fetch manifest type-check@^0.4.0
482 silly fetch manifest fast-levenshtein@^2.0.6
483 http fetch GET 200 https://registry.npmjs.org/@types%2fjson-schema 46ms (cache hit)
484 http fetch GET 200 https://registry.npmjs.org/json-schema-traverse 40ms (cache hit)
485 http fetch GET 200 https://registry.npmjs.org/uri-js 40ms (cache hit)
486 http fetch GET 200 https://registry.npmjs.org/js-yaml 45ms (cache hit)
487 http fetch GET 200 https://registry.npmjs.org/acorn 35ms (cache hit)
488 http fetch GET 200 https://registry.npmjs.org/brace-expansion 28ms (cache hit)
489 http fetch GET 200 https://registry.npmjs.org/is-extglob 30ms (cache hit)
490 http fetch GET 200 https://registry.npmjs.org/which 41ms (cache hit)
491 http fetch GET 200 https://registry.npmjs.org/path-key 41ms (cache hit)
492 http fetch GET 200 https://registry.npmjs.org/shebang-command 41ms (cache hit)
493 http fetch GET 200 https://registry.npmjs.org/levn 201ms (cache miss)
494 http fetch GET 200 https://registry.npmjs.org/fast-json-stable-stringify 199ms (cache miss)
495 http fetch GET 200 https://registry.npmjs.org/strip-json-comments 203ms (cache miss)
496 http fetch GET 200 https://registry.npmjs.org/path-exists 189ms (cache miss)
497 http fetch GET 200 https://registry.npmjs.org/prelude-ls 194ms (cache miss)
498 http fetch GET 200 https://registry.npmjs.org/flat-cache 201ms (cache miss)
499 http fetch GET 200 https://registry.npmjs.org/word-wrap 203ms (cache miss)
500 http fetch GET 200 https://registry.npmjs.org/esrecurse 216ms (cache miss)
501 http fetch GET 200 https://registry.npmjs.org/ansi-styles 229ms (cache miss)
502 http fetch GET 200 https://registry.npmjs.org/import-fresh 239ms (cache miss)
503 http fetch GET 200 https://registry.npmjs.org/@humanfs%2fcore 237ms (cache miss)
504 http fetch GET 200 https://registry.npmjs.org/locate-path 227ms (cache miss)
505 http fetch GET 200 https://registry.npmjs.org/@eslint%2fobject-schema 251ms (cache miss)
506 http fetch GET 200 https://registry.npmjs.org/supports-color 265ms (cache miss)
507 http fetch GET 200 https://registry.npmjs.org/acorn-jsx 265ms (cache miss)
508 http fetch GET 200 https://registry.npmjs.org/type-check 336ms (cache miss)
509 http fetch GET 200 https://registry.npmjs.org/deep-is 337ms (cache miss)
510 http fetch GET 200 https://registry.npmjs.org/fast-levenshtein 348ms (cache miss)
511 timing idealTree:node_modules/eslint Completed in 385ms
512 silly placeDep node_modules/@eslint-community/eslint-utils eslint-visitor-keys@3.4.3 OK for: @eslint-community/eslint-utils@4.9.1 want: ^3.4.3
513 timing idealTree:node_modules/@eslint-community/eslint-utils Completed in 1ms
514 timing idealTree:node_modules/@eslint-community/regexpp Completed in 0ms
515 silly placeDep ROOT @eslint/object-schema@2.1.7 OK for: @eslint/config-array@0.21.1 want: ^2.1.7
516 timing idealTree:node_modules/@eslint/config-array Completed in 0ms
517 timing idealTree:node_modules/@eslint/config-helpers Completed in 0ms
518 silly placeDep ROOT @types/json-schema@7.0.15 OK for: @eslint/core@0.17.0 want: ^7.0.15
519 timing idealTree:node_modules/@eslint/core Completed in 7ms
520 silly placeDep node_modules/@eslint/eslintrc globals@14.0.0 OK for: @eslint/eslintrc@3.3.3 want: ^14.0.0
521 silly placeDep ROOT import-fresh@3.3.1 OK for: @eslint/eslintrc@3.3.3 want: ^3.2.1
522 silly fetch manifest parent-module@^1.0.0
523 silly fetch manifest resolve-from@^4.0.0
524 silly placeDep ROOT js-yaml@4.1.1 OK for: @eslint/eslintrc@3.3.3 want: ^4.1.1
525 silly fetch manifest argparse@^2.0.1
526 silly placeDep ROOT strip-json-comments@3.1.1 OK for: @eslint/eslintrc@3.3.3 want: ^3.1.1
527 http fetch GET 200 https://registry.npmjs.org/resolve-from 26ms (cache hit)
528 http fetch GET 200 https://registry.npmjs.org/argparse 18ms (cache hit)
529 http fetch GET 200 https://registry.npmjs.org/parent-module 190ms (cache miss)
530 timing idealTree:node_modules/@eslint/eslintrc Completed in 193ms
531 timing idealTree:node_modules/@eslint/object-schema Completed in 0ms
532 silly placeDep ROOT levn@0.4.1 OK for: @eslint/plugin-kit@0.4.1 want: ^0.4.1
533 silly fetch manifest type-check@~0.4.0
534 timing idealTree:node_modules/@eslint/plugin-kit Completed in 1ms
535 silly placeDep ROOT @humanfs/core@0.19.1 OK for: @humanfs/node@0.16.7 want: ^0.19.1
536 timing idealTree:node_modules/@humanfs/node Completed in 1ms
537 timing idealTree:node_modules/@humanfs/core Completed in 0ms
538 timing idealTree:node_modules/@humanwhocodes/module-importer Completed in 0ms
539 timing idealTree:node_modules/@humanwhocodes/retry Completed in 0ms
540 timing idealTree:node_modules/@types/estree Completed in 0ms
541 timing idealTree:node_modules/@types/json-schema Completed in 0ms
542 silly placeDep ROOT fast-json-stable-stringify@2.1.0 OK for: ajv@6.14.0 want: ^2.0.0
543 silly placeDep ROOT json-schema-traverse@0.4.1 OK for: ajv@6.14.0 want: ^0.4.1
544 silly placeDep ROOT uri-js@4.4.1 OK for: ajv@6.14.0 want: ^4.2.2
545 silly fetch manifest punycode@^2.1.0
546 http fetch GET 200 https://registry.npmjs.org/punycode 3ms (cache hit)
547 timing idealTree:node_modules/ajv Completed in 6ms
548 silly placeDep ROOT ansi-styles@4.3.0 OK for: chalk@4.1.2 want: ^4.1.0
549 silly fetch manifest color-convert@^2.0.1
550 silly placeDep ROOT supports-color@7.2.0 OK for: chalk@4.1.2 want: ^7.1.0
551 silly fetch manifest has-flag@^4.0.0
552 http fetch GET 200 https://registry.npmjs.org/color-convert 175ms (cache miss)
553 http fetch GET 200 https://registry.npmjs.org/has-flag 180ms (cache miss)
554 timing idealTree:node_modules/chalk Completed in 182ms
555 silly placeDep ROOT color-convert@2.0.1 OK for: ansi-styles@4.3.0 want: ^2.0.1
556 silly fetch manifest color-name@~1.1.4
557 http fetch GET 200 https://registry.npmjs.org/color-name 179ms (cache miss)
558 timing idealTree:node_modules/ansi-styles Completed in 181ms
559 silly placeDep ROOT color-name@1.1.4 OK for: color-convert@2.0.1 want: ~1.1.4
560 timing idealTree:node_modules/color-convert Completed in 1ms
561 timing idealTree:node_modules/color-name Completed in 0ms
562 silly placeDep ROOT path-key@3.1.1 OK for: cross-spawn@7.0.6 want: ^3.1.0
563 silly placeDep ROOT shebang-command@2.0.0 OK for: cross-spawn@7.0.6 want: ^2.0.0
564 silly fetch manifest shebang-regex@^3.0.0
565 silly placeDep ROOT which@2.0.2 OK for: cross-spawn@7.0.6 want: ^2.0.1
566 silly fetch manifest isexe@^2.0.0
567 http fetch GET 200 https://registry.npmjs.org/shebang-regex 6ms (cache hit)
568 http fetch GET 200 https://registry.npmjs.org/isexe 5ms (cache hit)
569 timing idealTree:node_modules/cross-spawn Completed in 7ms
570 timing idealTree:node_modules/escape-string-regexp Completed in 0ms
571 silly placeDep ROOT array-includes@3.1.9 OK for: eslint-plugin-react@7.37.5 want: ^3.1.8
572 silly fetch manifest call-bind@^1.0.8
573 silly fetch manifest call-bound@^1.0.4
574 silly fetch manifest define-properties@^1.2.1
575 silly fetch manifest es-abstract@^1.24.0
576 silly fetch manifest es-object-atoms@^1.1.1
577 silly fetch manifest get-intrinsic@^1.3.0
578 silly fetch manifest is-string@^1.1.1
579 silly fetch manifest math-intrinsics@^1.1.0
580 silly placeDep ROOT array.prototype.findlast@1.2.5 OK for: eslint-plugin-react@7.37.5 want: ^1.2.5
581 silly fetch manifest call-bind@^1.0.7
582 silly fetch manifest es-abstract@^1.23.2
583 silly fetch manifest es-errors@^1.3.0
584 silly fetch manifest es-object-atoms@^1.0.0
585 silly fetch manifest es-shim-unscopables@^1.0.2
586 silly placeDep ROOT array.prototype.flatmap@1.3.3 OK for: eslint-plugin-react@7.37.5 want: ^1.3.3
587 silly fetch manifest es-abstract@^1.23.5
588 silly placeDep ROOT array.prototype.tosorted@1.1.4 OK for: eslint-plugin-react@7.37.5 want: ^1.1.4
589 silly fetch manifest es-abstract@^1.23.3
590 silly placeDep ROOT doctrine@2.1.0 OK for: eslint-plugin-react@7.37.5 want: ^2.1.0
591 silly placeDep ROOT es-iterator-helpers@1.2.2 OK for: eslint-plugin-react@7.37.5 want: ^1.2.1
592 silly fetch manifest es-abstract@^1.24.1
593 silly fetch manifest es-set-tostringtag@^2.1.0
594 silly fetch manifest function-bind@^1.1.2
595 silly fetch manifest globalthis@^1.0.4
596 silly fetch manifest gopd@^1.2.0
597 silly fetch manifest has-property-descriptors@^1.0.2
598 silly fetch manifest has-proto@^1.2.0
599 silly fetch manifest has-symbols@^1.1.0
600 silly fetch manifest internal-slot@^1.1.0
601 silly fetch manifest iterator.prototype@^1.1.5
602 silly fetch manifest safe-array-concat@^1.1.3
603 silly placeDep ROOT estraverse@5.3.0 OK for: eslint-plugin-react@7.37.5 want: ^5.3.0
604 silly placeDep ROOT hasown@2.0.2 OK for: eslint-plugin-react@7.37.5 want: ^2.0.2
605 silly placeDep ROOT jsx-ast-utils@3.3.5 OK for: eslint-plugin-react@7.37.5 want: ^2.4.1 || ^3.0.0
606 silly fetch manifest array.prototype.flat@^1.3.1
607 silly fetch manifest object.assign@^4.1.4
608 silly fetch manifest object.values@^1.1.6
609 silly placeDep ROOT object.entries@1.1.9 OK for: eslint-plugin-react@7.37.5 want: ^1.1.9
610 silly placeDep ROOT object.fromentries@2.0.8 OK for: eslint-plugin-react@7.37.5 want: ^2.0.8
611 silly placeDep ROOT object.values@1.2.1 OK for: eslint-plugin-react@7.37.5 want: ^1.2.1
612 silly fetch manifest call-bound@^1.0.3
613 silly placeDep ROOT prop-types@15.8.1 OK for: eslint-plugin-react@7.37.5 want: ^15.8.1
614 silly fetch manifest loose-envify@^1.4.0
615 silly fetch manifest object-assign@^4.1.1
616 silly fetch manifest react-is@^16.13.1
617 silly placeDep ROOT resolve@2.0.0-next.6 OK for: eslint-plugin-react@7.37.5 want: ^2.0.0-next.5
618 silly fetch manifest is-core-module@^2.16.1
619 silly fetch manifest node-exports-info@^1.6.0
620 silly fetch manifest object-keys@^1.1.1
621 silly fetch manifest path-parse@^1.0.7
622 silly fetch manifest supports-preserve-symlinks-flag@^1.0.0
623 silly placeDep ROOT string.prototype.matchall@4.0.12 OK for: eslint-plugin-react@7.37.5 want: ^4.0.12
624 silly fetch manifest es-abstract@^1.23.6
625 silly fetch manifest get-intrinsic@^1.2.6
626 silly fetch manifest regexp.prototype.flags@^1.5.3
627 silly fetch manifest set-function-name@^2.0.2
628 silly fetch manifest side-channel@^1.1.0
629 silly placeDep ROOT string.prototype.repeat@1.0.0 OK for: eslint-plugin-react@7.37.5 want: ^1.0.0
630 silly fetch manifest define-properties@^1.1.3
631 silly fetch manifest es-abstract@^1.17.5
632 http fetch GET 200 https://registry.npmjs.org/es-object-atoms 42ms (cache hit)
633 http fetch GET 200 https://registry.npmjs.org/get-intrinsic 45ms (cache hit)
634 http fetch GET 200 https://registry.npmjs.org/math-intrinsics 45ms (cache hit)
635 http fetch GET 200 https://registry.npmjs.org/get-intrinsic 25ms (cache hit)
636 http fetch GET 200 https://registry.npmjs.org/es-set-tostringtag 40ms (cache hit)
637 http fetch GET 200 https://registry.npmjs.org/es-object-atoms 48ms (cache hit)
638 http fetch GET 200 https://registry.npmjs.org/function-bind 41ms (cache hit)
639 http fetch GET 200 https://registry.npmjs.org/es-errors 47ms (cache hit)
640 http fetch GET 200 https://registry.npmjs.org/has-symbols 40ms (cache hit)
641 http fetch GET 200 https://registry.npmjs.org/gopd 61ms (cache hit)
642 http fetch GET 200 https://registry.npmjs.org/globalthis 442ms (cache miss)
643 http fetch GET 200 https://registry.npmjs.org/internal-slot 441ms (cache miss)
644 http fetch GET 200 https://registry.npmjs.org/iterator.prototype 441ms (cache miss)
645 http fetch GET 200 https://registry.npmjs.org/has-property-descriptors 443ms (cache miss)
646 http fetch GET 200 https://registry.npmjs.org/is-string 561ms (cache miss)
647 http fetch GET 200 https://registry.npmjs.org/has-proto 613ms (cache miss)
648 http fetch GET 200 https://registry.npmjs.org/es-abstract 733ms (cache miss)
649 http fetch GET 200 https://registry.npmjs.org/es-abstract 764ms (cache miss)
650 http fetch GET 200 https://registry.npmjs.org/define-properties 777ms (cache miss)
651 http fetch GET 200 https://registry.npmjs.org/es-abstract 831ms (cache miss)
652 http fetch GET 200 https://registry.npmjs.org/array.prototype.flat 873ms (cache miss)
653 http fetch GET 200 https://registry.npmjs.org/safe-array-concat 889ms (cache miss)
654 http fetch GET 200 https://registry.npmjs.org/es-shim-unscopables 897ms (cache miss)
655 http fetch GET 200 https://registry.npmjs.org/object.assign 886ms (cache miss)
656 http fetch GET 200 https://registry.npmjs.org/call-bound 886ms (cache miss)
657 http fetch GET 200 https://registry.npmjs.org/es-abstract 967ms (cache miss)
658 http fetch GET 200 https://registry.npmjs.org/is-core-module 982ms (cache miss)
659 http fetch GET 200 https://registry.npmjs.org/object-assign 994ms (cache miss)
660 http fetch GET 200 https://registry.npmjs.org/es-abstract 1009ms (cache miss)
661 http fetch GET 200 https://registry.npmjs.org/node-exports-info 1098ms (cache miss)
662 http fetch GET 200 https://registry.npmjs.org/supports-preserve-symlinks-flag 1344ms (cache miss)
663 http fetch GET 200 https://registry.npmjs.org/regexp.prototype.flags 1363ms (cache miss)
664 http fetch GET 200 https://registry.npmjs.org/path-parse 1371ms (cache miss)
665 http fetch GET 200 https://registry.npmjs.org/set-function-name 1389ms (cache miss)
666 http fetch GET 200 https://registry.npmjs.org/es-abstract 1424ms (cache miss)
667 http fetch GET 200 https://registry.npmjs.org/side-channel 1471ms (cache miss)
668 http fetch GET 200 https://registry.npmjs.org/call-bound 1509ms (cache miss)
669 http fetch GET 200 https://registry.npmjs.org/define-properties 1531ms (cache miss)
670 http fetch GET 200 https://registry.npmjs.org/es-abstract 1594ms (cache miss)
671 http fetch GET 200 https://registry.npmjs.org/object-keys 1647ms (cache miss)
672 http fetch GET 200 https://registry.npmjs.org/call-bind 2328ms (cache miss)
673 http fetch GET 200 https://registry.npmjs.org/call-bind 2449ms (cache miss)
674 http fetch GET 200 https://registry.npmjs.org/react-is 10572ms (cache miss)
675 timing idealTree:node_modules/eslint-plugin-react Completed in 10625ms
676 silly placeDep ROOT call-bind@1.0.8 OK for: array-includes@3.1.9 want: ^1.0.8
677 silly fetch manifest call-bind-apply-helpers@^1.0.0
678 silly fetch manifest es-define-property@^1.0.0
679 silly fetch manifest get-intrinsic@^1.2.4
680 silly fetch manifest set-function-length@^1.2.2
681 silly placeDep ROOT call-bound@1.0.4 OK for: array-includes@3.1.9 want: ^1.0.4
682 silly fetch manifest call-bind-apply-helpers@^1.0.2
683 silly placeDep ROOT define-properties@1.2.1 OK for: array-includes@3.1.9 want: ^1.2.1
684 silly fetch manifest define-data-property@^1.0.1
685 silly fetch manifest has-property-descriptors@^1.0.0
686 silly placeDep ROOT es-abstract@1.24.1 OK for: array-includes@3.1.9 want: ^1.24.0
687 silly fetch manifest array-buffer-byte-length@^1.0.2
688 silly fetch manifest arraybuffer.prototype.slice@^1.0.4
689 silly fetch manifest available-typed-arrays@^1.0.7
690 silly fetch manifest data-view-buffer@^1.0.2
691 silly fetch manifest data-view-byte-length@^1.0.2
692 silly fetch manifest data-view-byte-offset@^1.0.1
693 silly fetch manifest es-define-property@^1.0.1
694 silly fetch manifest es-to-primitive@^1.3.0
695 silly fetch manifest function.prototype.name@^1.1.8
696 silly fetch manifest get-proto@^1.0.1
697 silly fetch manifest get-symbol-description@^1.1.0
698 silly fetch manifest is-array-buffer@^3.0.5
699 silly fetch manifest is-callable@^1.2.7
700 silly fetch manifest is-data-view@^1.0.2
701 silly fetch manifest is-negative-zero@^2.0.3
702 silly fetch manifest is-regex@^1.2.1
703 silly fetch manifest is-set@^2.0.3
704 silly fetch manifest is-shared-array-buffer@^1.0.4
705 silly fetch manifest is-typed-array@^1.1.15
706 silly fetch manifest is-weakref@^1.1.1
707 silly fetch manifest object-inspect@^1.13.4
708 silly fetch manifest object.assign@^4.1.7
709 silly fetch manifest own-keys@^1.0.1
710 silly fetch manifest regexp.prototype.flags@^1.5.4
711 silly fetch manifest safe-push-apply@^1.0.0
712 silly fetch manifest safe-regex-test@^1.1.0
713 silly fetch manifest set-proto@^1.0.0
714 silly fetch manifest stop-iteration-iterator@^1.1.0
715 silly fetch manifest string.prototype.trim@^1.2.10
716 silly fetch manifest string.prototype.trimend@^1.0.9
717 silly fetch manifest string.prototype.trimstart@^1.0.8
718 silly fetch manifest typed-array-buffer@^1.0.3
719 silly fetch manifest typed-array-byte-length@^1.0.3
720 silly fetch manifest typed-array-byte-offset@^1.0.4
721 silly fetch manifest typed-array-length@^1.0.7
722 silly fetch manifest unbox-primitive@^1.1.0
723 silly fetch manifest which-typed-array@^1.1.19
724 silly placeDep ROOT es-object-atoms@1.1.1 OK for: array-includes@3.1.9 want: ^1.1.1
725 silly placeDep ROOT get-intrinsic@1.3.0 OK for: array-includes@3.1.9 want: ^1.3.0
726 silly placeDep ROOT is-string@1.1.1 OK for: array-includes@3.1.9 want: ^1.1.1
727 silly fetch manifest has-tostringtag@^1.0.2
728 silly placeDep ROOT math-intrinsics@1.1.0 OK for: array-includes@3.1.9 want: ^1.1.0
729 http fetch GET 200 https://registry.npmjs.org/call-bind-apply-helpers 110ms (cache hit)
730 http fetch GET 200 https://registry.npmjs.org/es-define-property 118ms (cache hit)
731 http fetch GET 200 https://registry.npmjs.org/es-define-property 107ms (cache hit)
732 http fetch GET 200 https://registry.npmjs.org/call-bind-apply-helpers 129ms (cache hit)
733 http fetch GET 200 https://registry.npmjs.org/get-proto 105ms (cache hit)
734 http fetch GET 200 https://registry.npmjs.org/has-tostringtag 50ms (cache hit)
735 http fetch GET 200 https://registry.npmjs.org/arraybuffer.prototype.slice 248ms (cache miss)
736 http fetch GET 200 https://registry.npmjs.org/set-function-length 259ms (cache miss)
737 http fetch GET 200 https://registry.npmjs.org/es-to-primitive 275ms (cache miss)
738 http fetch GET 200 https://registry.npmjs.org/available-typed-arrays 284ms (cache miss)
739 http fetch GET 200 https://registry.npmjs.org/array-buffer-byte-length 286ms (cache miss)
740 http fetch GET 200 https://registry.npmjs.org/data-view-byte-offset 281ms (cache miss)
741 http fetch GET 200 https://registry.npmjs.org/data-view-buffer 285ms (cache miss)
742 http fetch GET 200 https://registry.npmjs.org/is-array-buffer 269ms (cache miss)
743 http fetch GET 200 https://registry.npmjs.org/function.prototype.name 280ms (cache miss)
744 http fetch GET 200 https://registry.npmjs.org/data-view-byte-length 285ms (cache miss)
745 http fetch GET 200 https://registry.npmjs.org/is-callable 267ms (cache miss)
746 http fetch GET 200 https://registry.npmjs.org/is-data-view 267ms (cache miss)
747 http fetch GET 200 https://registry.npmjs.org/define-data-property 297ms (cache miss)
748 http fetch GET 200 https://registry.npmjs.org/get-symbol-description 288ms (cache miss)
749 http fetch GET 200 https://registry.npmjs.org/is-regex 290ms (cache miss)
750 http fetch GET 200 https://registry.npmjs.org/is-shared-array-buffer 359ms (cache miss)
751 http fetch GET 200 https://registry.npmjs.org/is-negative-zero 380ms (cache miss)
752 http fetch GET 200 https://registry.npmjs.org/is-set 421ms (cache miss)
753 http fetch GET 200 https://registry.npmjs.org/own-keys 427ms (cache miss)
754 http fetch GET 200 https://registry.npmjs.org/is-weakref 433ms (cache miss)
755 http fetch GET 200 https://registry.npmjs.org/object-inspect 434ms (cache miss)
756 http fetch GET 200 https://registry.npmjs.org/safe-push-apply 433ms (cache miss)
757 http fetch GET 200 https://registry.npmjs.org/stop-iteration-iterator 427ms (cache miss)
758 http fetch GET 200 https://registry.npmjs.org/is-typed-array 440ms (cache miss)
759 http fetch GET 200 https://registry.npmjs.org/safe-regex-test 433ms (cache miss)
760 http fetch GET 200 https://registry.npmjs.org/string.prototype.trimstart 423ms (cache miss)
761 http fetch GET 200 https://registry.npmjs.org/typed-array-buffer 419ms (cache miss)
762 http fetch GET 200 https://registry.npmjs.org/string.prototype.trimend 425ms (cache miss)
763 http fetch GET 200 https://registry.npmjs.org/string.prototype.trim 428ms (cache miss)
764 http fetch GET 200 https://registry.npmjs.org/set-proto 438ms (cache miss)
765 http fetch GET 200 https://registry.npmjs.org/typed-array-byte-offset 483ms (cache miss)
766 http fetch GET 200 https://registry.npmjs.org/typed-array-byte-length 500ms (cache miss)
767 http fetch GET 200 https://registry.npmjs.org/unbox-primitive 522ms (cache miss)
768 http fetch GET 200 https://registry.npmjs.org/typed-array-length 529ms (cache miss)
769 http fetch GET 200 https://registry.npmjs.org/which-typed-array 604ms (cache miss)
770 timing idealTree:node_modules/array-includes Completed in 690ms
771 silly placeDep ROOT es-errors@1.3.0 OK for: array.prototype.findlast@1.2.5 want: ^1.3.0
772 silly placeDep ROOT es-shim-unscopables@1.1.0 OK for: array.prototype.findlast@1.2.5 want: ^1.0.2
773 timing idealTree:node_modules/array.prototype.findlast Completed in 2ms
774 timing idealTree:node_modules/array.prototype.flatmap Completed in 0ms
775 timing idealTree:node_modules/array.prototype.tosorted Completed in 0ms
776 silly placeDep ROOT call-bind-apply-helpers@1.0.2 OK for: call-bind@1.0.8 want: ^1.0.0
777 silly placeDep ROOT es-define-property@1.0.1 OK for: call-bind@1.0.8 want: ^1.0.0
778 silly placeDep ROOT set-function-length@1.2.2 OK for: call-bind@1.0.8 want: ^1.2.2
779 silly fetch manifest define-data-property@^1.1.4
780 silly fetch manifest gopd@^1.0.1
781 timing idealTree:node_modules/call-bind Completed in 3ms
782 silly placeDep ROOT function-bind@1.1.2 OK for: call-bind-apply-helpers@1.0.2 want: ^1.1.2
783 timing idealTree:node_modules/call-bind-apply-helpers Completed in 1ms
784 timing idealTree:node_modules/call-bound Completed in 0ms
785 silly placeDep ROOT define-data-property@1.1.4 OK for: define-properties@1.2.1 want: ^1.0.1
786 silly placeDep ROOT has-property-descriptors@1.0.2 OK for: define-properties@1.2.1 want: ^1.0.0
787 silly placeDep ROOT object-keys@1.1.1 OK for: define-properties@1.2.1 want: ^1.1.1
788 timing idealTree:node_modules/define-properties Completed in 3ms
789 silly placeDep ROOT gopd@1.2.0 OK for: define-data-property@1.1.4 want: ^1.0.1
790 timing idealTree:node_modules/define-data-property Completed in 1ms
791 timing idealTree:node_modules/doctrine Completed in 0ms
792 silly placeDep ROOT array-buffer-byte-length@1.0.2 OK for: es-abstract@1.24.1 want: ^1.0.2
793 silly placeDep ROOT arraybuffer.prototype.slice@1.0.4 OK for: es-abstract@1.24.1 want: ^1.0.4
794 silly fetch manifest is-array-buffer@^3.0.4
795 silly placeDep ROOT available-typed-arrays@1.0.7 OK for: es-abstract@1.24.1 want: ^1.0.7
796 silly fetch manifest possible-typed-array-names@^1.0.0
797 silly placeDep ROOT data-view-buffer@1.0.2 OK for: es-abstract@1.24.1 want: ^1.0.2
798 silly placeDep ROOT data-view-byte-length@1.0.2 OK for: es-abstract@1.24.1 want: ^1.0.2
799 silly placeDep ROOT data-view-byte-offset@1.0.1 OK for: es-abstract@1.24.1 want: ^1.0.1
800 silly fetch manifest is-data-view@^1.0.1
801 silly placeDep ROOT es-set-tostringtag@2.1.0 OK for: es-abstract@1.24.1 want: ^2.1.0
802 silly placeDep ROOT es-to-primitive@1.3.0 OK for: es-abstract@1.24.1 want: ^1.3.0
803 silly fetch manifest is-date-object@^1.0.5
804 silly fetch manifest is-symbol@^1.0.4
805 silly placeDep ROOT function.prototype.name@1.1.8 OK for: es-abstract@1.24.1 want: ^1.1.8
806 silly fetch manifest functions-have-names@^1.2.3
807 silly placeDep ROOT get-proto@1.0.1 OK for: es-abstract@1.24.1 want: ^1.0.1
808 silly fetch manifest dunder-proto@^1.0.1
809 silly placeDep ROOT get-symbol-description@1.1.0 OK for: es-abstract@1.24.1 want: ^1.1.0
810 silly placeDep ROOT globalthis@1.0.4 OK for: es-abstract@1.24.1 want: ^1.0.4
811 silly placeDep ROOT has-proto@1.2.0 OK for: es-abstract@1.24.1 want: ^1.2.0
812 silly fetch manifest dunder-proto@^1.0.0
813 silly placeDep ROOT has-symbols@1.1.0 OK for: es-abstract@1.24.1 want: ^1.1.0
814 silly placeDep ROOT internal-slot@1.1.0 OK for: es-abstract@1.24.1 want: ^1.1.0
815 silly placeDep ROOT is-array-buffer@3.0.5 OK for: es-abstract@1.24.1 want: ^3.0.5
816 silly placeDep ROOT is-callable@1.2.7 OK for: es-abstract@1.24.1 want: ^1.2.7
817 silly placeDep ROOT is-data-view@1.0.2 OK for: es-abstract@1.24.1 want: ^1.0.2
818 silly fetch manifest is-typed-array@^1.1.13
819 silly placeDep ROOT is-negative-zero@2.0.3 OK for: es-abstract@1.24.1 want: ^2.0.3
820 silly placeDep ROOT is-regex@1.2.1 OK for: es-abstract@1.24.1 want: ^1.2.1
821 silly placeDep ROOT is-set@2.0.3 OK for: es-abstract@1.24.1 want: ^2.0.3
822 silly placeDep ROOT is-shared-array-buffer@1.0.4 OK for: es-abstract@1.24.1 want: ^1.0.4
823 silly placeDep ROOT is-typed-array@1.1.15 OK for: es-abstract@1.24.1 want: ^1.1.15
824 silly fetch manifest which-typed-array@^1.1.16
825 silly placeDep ROOT is-weakref@1.1.1 OK for: es-abstract@1.24.1 want: ^1.1.1
826 silly placeDep ROOT object-inspect@1.13.4 OK for: es-abstract@1.24.1 want: ^1.13.4
827 silly placeDep ROOT object.assign@4.1.7 OK for: es-abstract@1.24.1 want: ^4.1.7
828 silly placeDep ROOT own-keys@1.0.1 OK for: es-abstract@1.24.1 want: ^1.0.1
829 silly placeDep ROOT regexp.prototype.flags@1.5.4 OK for: es-abstract@1.24.1 want: ^1.5.4
830 silly placeDep ROOT safe-array-concat@1.1.3 OK for: es-abstract@1.24.1 want: ^1.1.3
831 silly fetch manifest isarray@^2.0.5
832 silly placeDep ROOT safe-push-apply@1.0.0 OK for: es-abstract@1.24.1 want: ^1.0.0
833 silly placeDep ROOT safe-regex-test@1.1.0 OK for: es-abstract@1.24.1 want: ^1.1.0
834 silly placeDep ROOT set-proto@1.0.0 OK for: es-abstract@1.24.1 want: ^1.0.0
835 silly placeDep ROOT stop-iteration-iterator@1.1.0 OK for: es-abstract@1.24.1 want: ^1.1.0
836 silly placeDep ROOT string.prototype.trim@1.2.10 OK for: es-abstract@1.24.1 want: ^1.2.10
837 silly placeDep ROOT string.prototype.trimend@1.0.9 OK for: es-abstract@1.24.1 want: ^1.0.9
838 silly placeDep ROOT string.prototype.trimstart@1.0.8 OK for: es-abstract@1.24.1 want: ^1.0.8
839 silly placeDep ROOT typed-array-buffer@1.0.3 OK for: es-abstract@1.24.1 want: ^1.0.3
840 silly placeDep ROOT typed-array-byte-length@1.0.3 OK for: es-abstract@1.24.1 want: ^1.0.3
841 silly fetch manifest for-each@^0.3.3
842 silly placeDep ROOT typed-array-byte-offset@1.0.4 OK for: es-abstract@1.24.1 want: ^1.0.4
843 silly fetch manifest reflect.getprototypeof@^1.0.9
844 silly placeDep ROOT typed-array-length@1.0.7 OK for: es-abstract@1.24.1 want: ^1.0.7
845 silly fetch manifest reflect.getprototypeof@^1.0.6
846 silly placeDep ROOT unbox-primitive@1.1.0 OK for: es-abstract@1.24.1 want: ^1.1.0
847 silly fetch manifest has-bigints@^1.0.2
848 silly fetch manifest which-boxed-primitive@^1.1.1
849 silly placeDep ROOT which-typed-array@1.1.20 OK for: es-abstract@1.24.1 want: ^1.1.19
850 silly fetch manifest for-each@^0.3.5
851 http fetch GET 200 https://registry.npmjs.org/dunder-proto 30ms (cache hit)
852 http fetch GET 200 https://registry.npmjs.org/dunder-proto 32ms (cache hit)
853 http fetch GET 200 https://registry.npmjs.org/possible-typed-array-names 361ms (cache miss)
854 http fetch GET 200 https://registry.npmjs.org/is-symbol 380ms (cache miss)
855 http fetch GET 200 https://registry.npmjs.org/functions-have-names 411ms (cache miss)
856 http fetch GET 200 https://registry.npmjs.org/for-each 395ms (cache miss)
857 http fetch GET 200 https://registry.npmjs.org/for-each 392ms (cache miss)
858 http fetch GET 200 https://registry.npmjs.org/reflect.getprototypeof 410ms (cache miss)
859 http fetch GET 200 https://registry.npmjs.org/isarray 421ms (cache miss)
860 http fetch GET 200 https://registry.npmjs.org/is-date-object 487ms (cache miss)
861 http fetch GET 200 https://registry.npmjs.org/has-bigints 477ms (cache miss)
862 http fetch GET 200 https://registry.npmjs.org/reflect.getprototypeof 516ms (cache miss)
863 http fetch GET 200 https://registry.npmjs.org/which-boxed-primitive 516ms (cache miss)
864 timing idealTree:node_modules/es-abstract Completed in 551ms
865 timing idealTree:node_modules/array-buffer-byte-length Completed in 0ms
866 timing idealTree:node_modules/arraybuffer.prototype.slice Completed in 0ms
867 silly placeDep ROOT possible-typed-array-names@1.1.0 OK for: available-typed-arrays@1.0.7 want: ^1.0.0
868 timing idealTree:node_modules/available-typed-arrays Completed in 1ms
869 timing idealTree:node_modules/data-view-buffer Completed in 0ms
870 timing idealTree:node_modules/data-view-byte-length Completed in 0ms
871 timing idealTree:node_modules/data-view-byte-offset Completed in 0ms
872 timing idealTree:node_modules/es-define-property Completed in 0ms
873 timing idealTree:node_modules/es-errors Completed in 0ms
874 silly placeDep ROOT iterator.prototype@1.1.5 OK for: es-iterator-helpers@1.2.2 want: ^1.1.5
875 timing idealTree:node_modules/es-iterator-helpers Completed in 1ms
876 timing idealTree:node_modules/es-object-atoms Completed in 0ms
877 silly placeDep ROOT has-tostringtag@1.0.2 OK for: es-set-tostringtag@2.1.0 want: ^1.0.2
878 timing idealTree:node_modules/es-set-tostringtag Completed in 0ms
879 timing idealTree:node_modules/es-shim-unscopables Completed in 0ms
880 silly placeDep ROOT is-date-object@1.1.0 OK for: es-to-primitive@1.3.0 want: ^1.0.5
881 silly placeDep ROOT is-symbol@1.1.1 OK for: es-to-primitive@1.3.0 want: ^1.0.4
882 timing idealTree:node_modules/es-to-primitive Completed in 2ms
883 timing idealTree:node_modules/eslint-plugin-react-hooks Completed in 0ms
884 timing idealTree:node_modules/eslint-plugin-react-refresh Completed in 0ms
885 silly placeDep ROOT esrecurse@4.3.0 OK for: eslint-scope@8.4.0 want: ^4.3.0
886 timing idealTree:node_modules/eslint-scope Completed in 0ms
887 timing idealTree:node_modules/eslint-visitor-keys Completed in 0ms
888 silly placeDep ROOT acorn@8.16.0 OK for: espree@10.4.0 want: ^8.15.0
889 silly placeDep ROOT acorn-jsx@5.3.2 OK for: espree@10.4.0 want: ^5.3.2
890 timing idealTree:node_modules/espree Completed in 2ms
891 timing idealTree:node_modules/acorn Completed in 0ms
892 timing idealTree:node_modules/acorn-jsx Completed in 0ms
893 timing idealTree:node_modules/esquery Completed in 0ms
894 timing idealTree:node_modules/esrecurse Completed in 0ms
895 timing idealTree:node_modules/estraverse Completed in 0ms
896 timing idealTree:node_modules/esutils Completed in 0ms
897 timing idealTree:node_modules/fast-deep-equal Completed in 0ms
898 timing idealTree:node_modules/fast-json-stable-stringify Completed in 0ms
899 silly placeDep ROOT flat-cache@4.0.1 OK for: file-entry-cache@8.0.0 want: ^4.0.0
900 silly fetch manifest keyv@^4.5.4
901 silly fetch manifest flatted@^3.2.9
902 http fetch GET 200 https://registry.npmjs.org/flatted 262ms (cache miss)
903 http fetch GET 200 https://registry.npmjs.org/keyv 265ms (cache miss)
904 timing idealTree:node_modules/file-entry-cache Completed in 268ms
905 silly placeDep ROOT locate-path@6.0.0 OK for: find-up@5.0.0 want: ^6.0.0
906 silly fetch manifest p-locate@^5.0.0
907 silly placeDep ROOT path-exists@4.0.0 OK for: find-up@5.0.0 want: ^4.0.0
908 http fetch GET 200 https://registry.npmjs.org/p-locate 193ms (cache miss)
909 timing idealTree:node_modules/find-up Completed in 195ms
910 silly placeDep ROOT flatted@3.3.3 OK for: flat-cache@4.0.1 want: ^3.2.9
911 silly placeDep ROOT keyv@4.5.4 OK for: flat-cache@4.0.1 want: ^4.5.4
912 silly fetch manifest json-buffer@3.0.1
913 http fetch GET 200 https://registry.npmjs.org/json-buffer 168ms (cache miss)
914 timing idealTree:node_modules/flat-cache Completed in 171ms
915 timing idealTree:node_modules/flatted Completed in 0ms
916 timing idealTree:node_modules/function-bind Completed in 0ms
917 silly placeDep ROOT functions-have-names@1.2.3 OK for: function.prototype.name@1.1.8 want: ^1.2.3
918 timing idealTree:node_modules/function.prototype.name Completed in 2ms
919 timing idealTree:node_modules/functions-have-names Completed in 0ms
920 timing idealTree:node_modules/gensync Completed in 0ms
921 timing idealTree:node_modules/get-intrinsic Completed in 0ms
922 silly placeDep ROOT dunder-proto@1.0.1 OK for: get-proto@1.0.1 want: ^1.0.1
923 timing idealTree:node_modules/get-proto Completed in 2ms
924 timing idealTree:node_modules/dunder-proto Completed in 0ms
925 timing idealTree:node_modules/get-symbol-description Completed in 0ms
926 timing idealTree:node_modules/glob-parent Completed in 0ms
927 timing idealTree:node_modules/globals Completed in 0ms
928 timing idealTree:node_modules/globalthis Completed in 0ms
929 timing idealTree:node_modules/gopd Completed in 0ms
930 timing idealTree:node_modules/has-property-descriptors Completed in 0ms
931 timing idealTree:node_modules/has-proto Completed in 0ms
932 timing idealTree:node_modules/has-symbols Completed in 0ms
933 timing idealTree:node_modules/has-tostringtag Completed in 0ms
934 timing idealTree:node_modules/hasown Completed in 0ms
935 timing idealTree:node_modules/ignore Completed in 0ms
936 silly placeDep ROOT parent-module@1.0.1 OK for: import-fresh@3.3.1 want: ^1.0.0
937 silly fetch manifest callsites@^3.0.0
938 silly placeDep ROOT resolve-from@4.0.0 OK for: import-fresh@3.3.1 want: ^4.0.0
939 http fetch GET 200 https://registry.npmjs.org/callsites 168ms (cache miss)
940 timing idealTree:node_modules/import-fresh Completed in 170ms
941 timing idealTree:node_modules/imurmurhash Completed in 0ms
942 silly placeDep ROOT side-channel@1.1.0 OK for: internal-slot@1.1.0 want: ^1.1.0
943 silly fetch manifest side-channel-list@^1.0.0
944 silly fetch manifest side-channel-map@^1.0.1
945 silly fetch manifest side-channel-weakmap@^1.0.2
946 http fetch GET 200 https://registry.npmjs.org/side-channel-map 188ms (cache miss)
947 http fetch GET 200 https://registry.npmjs.org/side-channel-list 190ms (cache miss)
948 http fetch GET 200 https://registry.npmjs.org/side-channel-weakmap 189ms (cache miss)
949 timing idealTree:node_modules/internal-slot Completed in 193ms
950 timing idealTree:node_modules/is-array-buffer Completed in 0ms
951 timing idealTree:node_modules/is-callable Completed in 0ms
952 timing idealTree:node_modules/is-data-view Completed in 0ms
953 timing idealTree:node_modules/is-date-object Completed in 0ms
954 silly placeDep ROOT is-extglob@2.1.1 OK for: is-glob@4.0.3 want: ^2.1.1
955 timing idealTree:node_modules/is-glob Completed in 1ms
956 timing idealTree:node_modules/is-extglob Completed in 0ms
957 timing idealTree:node_modules/is-negative-zero Completed in 0ms
958 timing idealTree:node_modules/is-regex Completed in 0ms
959 timing idealTree:node_modules/is-set Completed in 0ms
960 timing idealTree:node_modules/is-shared-array-buffer Completed in 0ms
961 timing idealTree:node_modules/is-string Completed in 0ms
962 timing idealTree:node_modules/is-symbol Completed in 0ms
963 timing idealTree:node_modules/is-typed-array Completed in 0ms
964 timing idealTree:node_modules/is-weakref Completed in 0ms
965 silly placeDep ROOT set-function-name@2.0.2 OK for: iterator.prototype@1.1.5 want: ^2.0.2
966 timing idealTree:node_modules/iterator.prototype Completed in 1ms
967 timing idealTree:node_modules/js-tokens Completed in 0ms
968 silly placeDep ROOT argparse@2.0.1 OK for: js-yaml@4.1.1 want: ^2.0.1
969 timing idealTree:node_modules/js-yaml Completed in 1ms
970 timing idealTree:node_modules/argparse Completed in 0ms
971 timing idealTree:node_modules/jsesc Completed in 0ms
972 timing idealTree:node_modules/json-schema-traverse Completed in 0ms
973 timing idealTree:node_modules/json-stable-stringify-without-jsonify Completed in 0ms
974 timing idealTree:node_modules/json5 Completed in 0ms
975 silly placeDep ROOT array.prototype.flat@1.3.3 OK for: jsx-ast-utils@3.3.5 want: ^1.3.1
976 timing idealTree:node_modules/jsx-ast-utils Completed in 2ms
977 timing idealTree:node_modules/array.prototype.flat Completed in 0ms
978 silly placeDep ROOT json-buffer@3.0.1 OK for: keyv@4.5.4 want: 3.0.1
979 timing idealTree:node_modules/keyv Completed in 1ms
980 timing idealTree:node_modules/json-buffer Completed in 0ms
981 silly placeDep ROOT prelude-ls@1.2.1 OK for: levn@0.4.1 want: ^1.2.1
982 silly placeDep ROOT type-check@0.4.0 OK for: levn@0.4.1 want: ~0.4.0
983 timing idealTree:node_modules/levn Completed in 2ms
984 silly placeDep ROOT p-locate@5.0.0 OK for: locate-path@6.0.0 want: ^5.0.0
985 silly fetch manifest p-limit@^3.0.2
986 http fetch GET 200 https://registry.npmjs.org/p-limit 203ms (cache miss)
987 timing idealTree:node_modules/locate-path Completed in 206ms
988 timing idealTree:node_modules/lodash.merge Completed in 0ms
989 silly placeDep ROOT yallist@3.1.1 OK for: lru-cache@5.1.1 want: ^3.0.2
990 timing idealTree:node_modules/lru-cache Completed in 5ms
991 timing idealTree:node_modules/lucide-react Completed in 0ms
992 timing idealTree:node_modules/math-intrinsics Completed in 0ms
993 silly placeDep ROOT brace-expansion@1.1.12 OK for: minimatch@3.1.3 want: ^1.1.7
994 silly fetch manifest concat-map@0.0.1
995 silly fetch manifest balanced-match@^1.0.0
996 http fetch GET 200 https://registry.npmjs.org/concat-map 23ms (cache hit)
997 http fetch GET 200 https://registry.npmjs.org/balanced-match 19ms (cache hit)
998 timing idealTree:node_modules/minimatch Completed in 27ms
999 silly placeDep ROOT balanced-match@1.0.2 OK for: brace-expansion@1.1.12 want: ^1.0.0
1000 silly placeDep ROOT concat-map@0.0.1 OK for: brace-expansion@1.1.12 want: 0.0.1
1001 timing idealTree:node_modules/brace-expansion Completed in 1ms
1002 timing idealTree:node_modules/balanced-match Completed in 0ms
1003 timing idealTree:node_modules/concat-map Completed in 0ms
1004 timing idealTree:node_modules/ms Completed in 0ms
1005 timing idealTree:node_modules/natural-compare Completed in 0ms
1006 timing idealTree:node_modules/node-releases Completed in 0ms
1007 timing idealTree:node_modules/object-inspect Completed in 0ms
1008 timing idealTree:node_modules/object-keys Completed in 0ms
1009 timing idealTree:node_modules/object.assign Completed in 0ms
1010 timing idealTree:node_modules/object.entries Completed in 0ms
1011 timing idealTree:node_modules/object.fromentries Completed in 0ms
1012 timing idealTree:node_modules/object.values Completed in 0ms
1013 silly placeDep ROOT deep-is@0.1.4 OK for: optionator@0.9.4 want: ^0.1.3
1014 silly placeDep ROOT fast-levenshtein@2.0.6 OK for: optionator@0.9.4 want: ^2.0.6
1015 silly placeDep ROOT word-wrap@1.2.5 OK for: optionator@0.9.4 want: ^1.2.5
1016 timing idealTree:node_modules/optionator Completed in 3ms
1017 timing idealTree:node_modules/deep-is Completed in 0ms
1018 timing idealTree:node_modules/fast-levenshtein Completed in 0ms
1019 timing idealTree:node_modules/own-keys Completed in 0ms
1020 silly placeDep ROOT p-limit@3.1.0 OK for: p-locate@5.0.0 want: ^3.0.2
1021 silly fetch manifest yocto-queue@^0.1.0
1022 http fetch GET 200 https://registry.npmjs.org/yocto-queue 664ms (cache miss)
1023 timing idealTree:node_modules/p-locate Completed in 668ms
1024 silly placeDep ROOT yocto-queue@0.1.0 OK for: p-limit@3.1.0 want: ^0.1.0
1025 timing idealTree:node_modules/p-limit Completed in 2ms
1026 silly placeDep ROOT callsites@3.1.0 OK for: parent-module@1.0.1 want: ^3.0.0
1027 timing idealTree:node_modules/parent-module Completed in 1ms
1028 timing idealTree:node_modules/callsites Completed in 0ms
1029 timing idealTree:node_modules/path-exists Completed in 0ms
1030 timing idealTree:node_modules/path-key Completed in 0ms
1031 timing idealTree:node_modules/picocolors Completed in 0ms
1032 timing idealTree:node_modules/possible-typed-array-names Completed in 0ms
1033 timing idealTree:node_modules/prelude-ls Completed in 0ms
1034 silly placeDep ROOT loose-envify@1.4.0 OK for: prop-types@15.8.1 want: ^1.4.0
1035 silly placeDep ROOT object-assign@4.1.1 OK for: prop-types@15.8.1 want: ^4.1.1
1036 silly placeDep ROOT react-is@16.13.1 OK for: prop-types@15.8.1 want: ^16.13.1
1037 timing idealTree:node_modules/prop-types Completed in 2ms
1038 timing idealTree:node_modules/loose-envify Completed in 0ms
1039 timing idealTree:node_modules/object-assign Completed in 0ms
1040 timing idealTree:node_modules/react Completed in 0ms
1041 silly placeDep ROOT scheduler@0.23.2 OK for: react-dom@18.3.1 want: ^0.23.2
1042 timing idealTree:node_modules/react-dom Completed in 1ms
1043 timing idealTree:node_modules/react-is Completed in 0ms
1044 timing idealTree:node_modules/react-refresh Completed in 0ms
1045 silly fetch manifest react@>=18
1046 silly fetch manifest react-dom@>=18
1047 silly placeDep ROOT react-router@7.13.0 OK for: react-router-dom@7.13.0 want: 7.13.0
1048 silly fetch manifest cookie@^1.0.1
1049 silly fetch manifest set-cookie-parser@^2.6.0
1050 http fetch GET 200 https://registry.npmjs.org/cookie 241ms (cache miss)
1051 http fetch GET 200 https://registry.npmjs.org/set-cookie-parser 272ms (cache miss)
1052 timing idealTree:node_modules/react-router-dom Completed in 281ms
1053 silly placeDep ROOT cookie@1.1.1 OK for: react-router@7.13.0 want: ^1.0.1
1054 silly placeDep ROOT set-cookie-parser@2.7.2 OK for: react-router@7.13.0 want: ^2.6.0
1055 timing idealTree:node_modules/react-router Completed in 3ms
1056 timing idealTree:node_modules/cookie Completed in 0ms
1057 timing idealTree:node_modules/regexp.prototype.flags Completed in 0ms
1058 silly placeDep ROOT is-core-module@2.16.1 OK for: resolve@2.0.0-next.6 want: ^2.16.1
1059 silly placeDep ROOT node-exports-info@1.6.0 OK for: resolve@2.0.0-next.6 want: ^1.6.0
1060 silly placeDep ROOT path-parse@1.0.7 OK for: resolve@2.0.0-next.6 want: ^1.0.7
1061 silly placeDep ROOT supports-preserve-symlinks-flag@1.0.0 OK for: resolve@2.0.0-next.6 want: ^1.0.0
1062 timing idealTree:node_modules/resolve Completed in 3ms
1063 timing idealTree:node_modules/is-core-module Completed in 0ms
1064 timing idealTree:node_modules/node-exports-info Completed in 0ms
1065 timing idealTree:node_modules/path-parse Completed in 0ms
1066 timing idealTree:node_modules/resolve-from Completed in 0ms
1067 silly placeDep ROOT isarray@2.0.5 OK for: safe-array-concat@1.1.3 want: ^2.0.5
1068 timing idealTree:node_modules/safe-array-concat Completed in 1ms
1069 timing idealTree:node_modules/isarray Completed in 0ms
1070 timing idealTree:node_modules/safe-push-apply Completed in 0ms
1071 timing idealTree:node_modules/safe-regex-test Completed in 0ms
1072 timing idealTree:node_modules/scheduler Completed in 0ms
1073 timing idealTree:node_modules/semver Completed in 0ms
1074 timing idealTree:node_modules/set-cookie-parser Completed in 0ms
1075 timing idealTree:node_modules/set-function-length Completed in 0ms
1076 timing idealTree:node_modules/set-function-name Completed in 0ms
1077 timing idealTree:node_modules/set-proto Completed in 0ms
1078 silly placeDep ROOT shebang-regex@3.0.0 OK for: shebang-command@2.0.0 want: ^3.0.0
1079 timing idealTree:node_modules/shebang-command Completed in 0ms
1080 timing idealTree:node_modules/shebang-regex Completed in 0ms
1081 silly placeDep ROOT side-channel-list@1.0.0 OK for: side-channel@1.1.0 want: ^1.0.0
1082 silly placeDep ROOT side-channel-map@1.0.1 OK for: side-channel@1.1.0 want: ^1.0.1
1083 silly placeDep ROOT side-channel-weakmap@1.0.2 OK for: side-channel@1.1.0 want: ^1.0.2
1084 timing idealTree:node_modules/side-channel Completed in 3ms
1085 timing idealTree:node_modules/side-channel-list Completed in 0ms
1086 timing idealTree:node_modules/side-channel-map Completed in 0ms
1087 timing idealTree:node_modules/side-channel-weakmap Completed in 0ms
1088 timing idealTree:node_modules/stop-iteration-iterator Completed in 0ms
1089 timing idealTree:node_modules/string.prototype.matchall Completed in 0ms
1090 timing idealTree:node_modules/string.prototype.repeat Completed in 0ms
1091 timing idealTree:node_modules/string.prototype.trim Completed in 0ms
1092 timing idealTree:node_modules/string.prototype.trimend Completed in 0ms
1093 timing idealTree:node_modules/string.prototype.trimstart Completed in 0ms
1094 timing idealTree:node_modules/strip-json-comments Completed in 0ms
1095 silly placeDep ROOT has-flag@4.0.0 OK for: supports-color@7.2.0 want: ^4.0.0
1096 timing idealTree:node_modules/supports-color Completed in 1ms
1097 timing idealTree:node_modules/has-flag Completed in 0ms
1098 timing idealTree:node_modules/supports-preserve-symlinks-flag Completed in 0ms
1099 timing idealTree:node_modules/type-check Completed in 0ms
1100 timing idealTree:node_modules/typed-array-buffer Completed in 0ms
1101 silly placeDep ROOT for-each@0.3.5 OK for: typed-array-byte-length@1.0.3 want: ^0.3.3
1102 timing idealTree:node_modules/typed-array-byte-length Completed in 0ms
1103 timing idealTree:node_modules/for-each Completed in 0ms
1104 silly placeDep ROOT reflect.getprototypeof@1.0.10 OK for: typed-array-byte-offset@1.0.4 want: ^1.0.9
1105 silly fetch manifest which-builtin-type@^1.2.1
1106 http fetch GET 200 https://registry.npmjs.org/which-builtin-type 212ms (cache miss)
1107 timing idealTree:node_modules/typed-array-byte-offset Completed in 215ms
1108 silly placeDep ROOT which-builtin-type@1.2.1 OK for: reflect.getprototypeof@1.0.10 want: ^1.2.1
1109 silly fetch manifest is-async-function@^2.0.0
1110 silly fetch manifest is-finalizationregistry@^1.1.0
1111 silly fetch manifest is-generator-function@^1.0.10
1112 silly fetch manifest which-boxed-primitive@^1.1.0
1113 silly fetch manifest which-collection@^1.0.2
1114 http fetch GET 200 https://registry.npmjs.org/is-async-function 169ms (cache miss)
1115 http fetch GET 200 https://registry.npmjs.org/which-collection 178ms (cache miss)
1116 http fetch GET 200 https://registry.npmjs.org/is-finalizationregistry 182ms (cache miss)
1117 http fetch GET 200 https://registry.npmjs.org/is-generator-function 183ms (cache miss)
1118 timing idealTree:node_modules/reflect.getprototypeof Completed in 186ms
1119 timing idealTree:node_modules/typed-array-length Completed in 0ms
1120 silly placeDep ROOT has-bigints@1.1.0 OK for: unbox-primitive@1.1.0 want: ^1.0.2
1121 silly placeDep ROOT which-boxed-primitive@1.1.1 OK for: unbox-primitive@1.1.0 want: ^1.1.1
1122 silly fetch manifest is-bigint@^1.1.0
1123 silly fetch manifest is-boolean-object@^1.2.1
1124 silly fetch manifest is-number-object@^1.1.1
1125 http fetch GET 200 https://registry.npmjs.org/is-number-object 174ms (cache miss)
1126 http fetch GET 200 https://registry.npmjs.org/is-bigint 174ms (cache miss)
1127 http fetch GET 200 https://registry.npmjs.org/is-boolean-object 193ms (cache miss)
1128 timing idealTree:node_modules/unbox-primitive Completed in 197ms
1129 timing idealTree:node_modules/has-bigints Completed in 0ms
1130 silly placeDep ROOT escalade@3.2.0 OK for: update-browserslist-db@1.2.3 want: ^3.2.0
1131 timing idealTree:node_modules/update-browserslist-db Completed in 1ms
1132 timing idealTree:node_modules/escalade Completed in 0ms
1133 silly placeDep ROOT punycode@2.3.1 OK for: uri-js@4.4.1 want: ^2.1.0
1134 timing idealTree:node_modules/uri-js Completed in 0ms
1135 timing idealTree:node_modules/punycode Completed in 0ms
1136 silly placeDep ROOT esbuild@0.21.5 OK for: vite@5.4.21 want: ^0.21.3
1137 silly fetch manifest @esbuild/aix-ppc64@0.21.5
1138 silly fetch manifest @esbuild/linux-arm@0.21.5
1139 silly fetch manifest @esbuild/linux-x64@0.21.5
1140 silly fetch manifest @esbuild/sunos-x64@0.21.5
1141 silly fetch manifest @esbuild/win32-x64@0.21.5
1142 silly fetch manifest @esbuild/darwin-x64@0.21.5
1143 silly fetch manifest @esbuild/linux-ia32@0.21.5
1144 silly fetch manifest @esbuild/netbsd-x64@0.21.5
1145 silly fetch manifest @esbuild/win32-ia32@0.21.5
1146 silly fetch manifest @esbuild/android-arm@0.21.5
1147 silly fetch manifest @esbuild/android-x64@0.21.5
1148 silly fetch manifest @esbuild/freebsd-x64@0.21.5
1149 silly fetch manifest @esbuild/linux-arm64@0.21.5
1150 silly fetch manifest @esbuild/linux-ppc64@0.21.5
1151 silly fetch manifest @esbuild/linux-s390x@0.21.5
1152 silly fetch manifest @esbuild/openbsd-x64@0.21.5
1153 silly fetch manifest @esbuild/win32-arm64@0.21.5
1154 silly fetch manifest @esbuild/darwin-arm64@0.21.5
1155 silly fetch manifest @esbuild/android-arm64@0.21.5
1156 silly fetch manifest @esbuild/freebsd-arm64@0.21.5
1157 silly fetch manifest @esbuild/linux-loong64@0.21.5
1158 silly fetch manifest @esbuild/linux-riscv64@0.21.5
1159 silly fetch manifest @esbuild/linux-mips64el@0.21.5
1160 silly placeDep ROOT fsevents@2.3.3 OK for: vite@5.4.21 want: ~2.3.3
1161 silly placeDep ROOT postcss@8.5.6 OK for: vite@5.4.21 want: ^8.4.43
1162 silly fetch manifest nanoid@^3.3.11
1163 silly fetch manifest source-map-js@^1.2.1
1164 silly placeDep ROOT rollup@4.59.0 OK for: vite@5.4.21 want: ^4.20.0
1165 silly fetch manifest @rollup/rollup-darwin-arm64@4.59.0
1166 silly fetch manifest @rollup/rollup-android-arm64@4.59.0
1167 silly fetch manifest @rollup/rollup-win32-arm64-msvc@4.59.0
1168 silly fetch manifest @rollup/rollup-freebsd-arm64@4.59.0
1169 silly fetch manifest @rollup/rollup-linux-arm64-gnu@4.59.0
1170 silly fetch manifest @rollup/rollup-linux-arm64-musl@4.59.0
1171 silly fetch manifest @rollup/rollup-android-arm-eabi@4.59.0
1172 silly fetch manifest @rollup/rollup-linux-arm-gnueabihf@4.59.0
1173 silly fetch manifest @rollup/rollup-linux-arm-musleabihf@4.59.0
1174 silly fetch manifest @rollup/rollup-win32-ia32-msvc@4.59.0
1175 silly fetch manifest @rollup/rollup-linux-loong64-gnu@4.59.0
1176 silly fetch manifest @rollup/rollup-linux-loong64-musl@4.59.0
1177 silly fetch manifest @rollup/rollup-linux-riscv64-gnu@4.59.0
1178 silly fetch manifest @rollup/rollup-linux-riscv64-musl@4.59.0
1179 silly fetch manifest @rollup/rollup-linux-ppc64-gnu@4.59.0
1180 silly fetch manifest @rollup/rollup-linux-ppc64-musl@4.59.0
1181 silly fetch manifest @rollup/rollup-linux-s390x-gnu@4.59.0
1182 silly fetch manifest @rollup/rollup-darwin-x64@4.59.0
1183 silly fetch manifest @rollup/rollup-win32-x64-gnu@4.59.0
1184 silly fetch manifest @rollup/rollup-win32-x64-msvc@4.59.0
1185 silly fetch manifest @rollup/rollup-freebsd-x64@4.59.0
1186 silly fetch manifest @rollup/rollup-linux-x64-gnu@4.59.0
1187 silly fetch manifest @rollup/rollup-linux-x64-musl@4.59.0
1188 silly fetch manifest @rollup/rollup-openbsd-x64@4.59.0
1189 silly fetch manifest @rollup/rollup-openharmony-arm64@4.59.0
1190 http fetch GET 200 https://registry.npmjs.org/@esbuild%2faix-ppc64 65ms (cache hit)
1191 http fetch GET 200 https://registry.npmjs.org/@esbuild%2fsunos-x64 65ms (cache hit)
1192 http fetch GET 200 https://registry.npmjs.org/@esbuild%2fwin32-x64 66ms (cache hit)
1193 http fetch GET 200 https://registry.npmjs.org/@esbuild%2fdarwin-x64 65ms (cache hit)
1194 http fetch GET 200 https://registry.npmjs.org/@esbuild%2flinux-arm 68ms (cache hit)
1195 http fetch GET 200 https://registry.npmjs.org/@esbuild%2fandroid-x64 65ms (cache hit)
1196 http fetch GET 200 https://registry.npmjs.org/@esbuild%2fwin32-ia32 66ms (cache hit)
1197 http fetch GET 200 https://registry.npmjs.org/@esbuild%2ffreebsd-x64 66ms (cache hit)
1198 http fetch GET 200 https://registry.npmjs.org/@esbuild%2flinux-arm64 66ms (cache hit)
1199 http fetch GET 200 https://registry.npmjs.org/@esbuild%2flinux-ppc64 67ms (cache hit)
1200 http fetch GET 200 https://registry.npmjs.org/@esbuild%2fandroid-arm 71ms (cache hit)
1201 http fetch GET 200 https://registry.npmjs.org/@esbuild%2flinux-x64 75ms (cache hit)
1202 http fetch GET 200 https://registry.npmjs.org/@esbuild%2flinux-ia32 74ms (cache hit)
1203 http fetch GET 200 https://registry.npmjs.org/@esbuild%2fdarwin-arm64 67ms (cache hit)
1204 http fetch GET 200 https://registry.npmjs.org/@esbuild%2fandroid-arm64 65ms (cache hit)
1205 http fetch GET 200 https://registry.npmjs.org/@esbuild%2fwin32-arm64 71ms (cache hit)
1206 http fetch GET 200 https://registry.npmjs.org/@esbuild%2fnetbsd-x64 79ms (cache hit)
1207 http fetch GET 200 https://registry.npmjs.org/@esbuild%2fopenbsd-x64 75ms (cache hit)
1208 http fetch GET 200 https://registry.npmjs.org/@esbuild%2flinux-s390x 78ms (cache hit)
1209 http fetch GET 200 https://registry.npmjs.org/@esbuild%2flinux-riscv64 71ms (cache hit)
1210 http fetch GET 200 https://registry.npmjs.org/@esbuild%2flinux-mips64el 71ms (cache hit)
1211 http fetch GET 200 https://registry.npmjs.org/@esbuild%2ffreebsd-arm64 73ms (cache hit)
1212 http fetch GET 200 https://registry.npmjs.org/@esbuild%2flinux-loong64 98ms (cache hit)
1213 http fetch GET 200 https://registry.npmjs.org/source-map-js 201ms (cache miss)
1214 http fetch GET 200 https://registry.npmjs.org/@rollup%2frollup-linux-loong64-gnu 200ms (cache miss)
1215 http fetch GET 200 https://registry.npmjs.org/@rollup%2frollup-linux-loong64-musl 406ms (cache miss)
1216 http fetch GET 200 https://registry.npmjs.org/@rollup%2frollup-darwin-arm64 411ms (cache miss)
1217 http fetch GET 200 https://registry.npmjs.org/nanoid 461ms (cache miss)
1218 http fetch GET 200 https://registry.npmjs.org/@rollup%2frollup-freebsd-arm64 460ms (cache miss)
1219 http fetch GET 200 https://registry.npmjs.org/@rollup%2frollup-linux-riscv64-gnu 543ms (cache miss)
1220 http fetch GET 200 https://registry.npmjs.org/@rollup%2frollup-win32-ia32-msvc 545ms (cache miss)
1221 http fetch GET 200 https://registry.npmjs.org/@rollup%2frollup-android-arm-eabi 555ms (cache miss)
1222 http fetch GET 200 https://registry.npmjs.org/@rollup%2frollup-linux-arm64-gnu 599ms (cache miss)
1223 http fetch GET 200 https://registry.npmjs.org/@rollup%2frollup-linux-arm-musleabihf 599ms (cache miss)
1224 http fetch GET 200 https://registry.npmjs.org/@rollup%2frollup-android-arm64 688ms (cache miss)
1225 http fetch GET 200 https://registry.npmjs.org/@rollup%2frollup-linux-arm64-musl 690ms (cache miss)
1226 http fetch GET 200 https://registry.npmjs.org/@rollup%2frollup-linux-ppc64-gnu 736ms (cache miss)
1227 http fetch GET 200 https://registry.npmjs.org/@rollup%2frollup-linux-riscv64-musl 737ms (cache miss)
1228 http fetch GET 200 https://registry.npmjs.org/@rollup%2frollup-linux-arm-gnueabihf 751ms (cache miss)
1229 http fetch GET 200 https://registry.npmjs.org/@rollup%2frollup-win32-arm64-msvc 754ms (cache miss)
1230 http fetch GET 200 https://registry.npmjs.org/@rollup%2frollup-linux-s390x-gnu 821ms (cache miss)
1231 http fetch GET 200 https://registry.npmjs.org/@rollup%2frollup-linux-ppc64-musl 835ms (cache miss)
1232 http fetch GET 200 https://registry.npmjs.org/@rollup%2frollup-win32-x64-gnu 869ms (cache miss)
1233 http fetch GET 200 https://registry.npmjs.org/@rollup%2frollup-darwin-x64 950ms (cache miss)
1234 http fetch GET 200 https://registry.npmjs.org/@rollup%2frollup-freebsd-x64 965ms (cache miss)
1235 http fetch GET 200 https://registry.npmjs.org/@rollup%2frollup-win32-x64-msvc 1061ms (cache miss)
1236 http fetch GET 200 https://registry.npmjs.org/@rollup%2frollup-linux-x64-gnu 1072ms (cache miss)
1237 http fetch GET 200 https://registry.npmjs.org/@rollup%2frollup-openharmony-arm64 1079ms (cache miss)
1238 http fetch GET 200 https://registry.npmjs.org/@rollup%2frollup-linux-x64-musl 1170ms (cache miss)
1239 http fetch GET 200 https://registry.npmjs.org/@rollup%2frollup-openbsd-x64 1217ms (cache miss)
1240 timing idealTree:node_modules/vite Completed in 1247ms
1241 silly placeDep ROOT @esbuild/aix-ppc64@0.21.5 OK for: esbuild@0.21.5 want: 0.21.5
1242 silly placeDep ROOT @esbuild/android-arm@0.21.5 OK for: esbuild@0.21.5 want: 0.21.5
1243 silly placeDep ROOT @esbuild/android-arm64@0.21.5 OK for: esbuild@0.21.5 want: 0.21.5
1244 silly placeDep ROOT @esbuild/android-x64@0.21.5 OK for: esbuild@0.21.5 want: 0.21.5
1245 silly placeDep ROOT @esbuild/darwin-arm64@0.21.5 OK for: esbuild@0.21.5 want: 0.21.5
1246 silly placeDep ROOT @esbuild/darwin-x64@0.21.5 OK for: esbuild@0.21.5 want: 0.21.5
1247 silly placeDep ROOT @esbuild/freebsd-arm64@0.21.5 OK for: esbuild@0.21.5 want: 0.21.5
1248 silly placeDep ROOT @esbuild/freebsd-x64@0.21.5 OK for: esbuild@0.21.5 want: 0.21.5
1249 silly placeDep ROOT @esbuild/linux-arm@0.21.5 OK for: esbuild@0.21.5 want: 0.21.5
1250 silly placeDep ROOT @esbuild/linux-arm64@0.21.5 OK for: esbuild@0.21.5 want: 0.21.5
1251 silly placeDep ROOT @esbuild/linux-ia32@0.21.5 OK for: esbuild@0.21.5 want: 0.21.5
1252 silly placeDep ROOT @esbuild/linux-loong64@0.21.5 OK for: esbuild@0.21.5 want: 0.21.5
1253 silly placeDep ROOT @esbuild/linux-mips64el@0.21.5 OK for: esbuild@0.21.5 want: 0.21.5
1254 silly placeDep ROOT @esbuild/linux-ppc64@0.21.5 OK for: esbuild@0.21.5 want: 0.21.5
1255 silly placeDep ROOT @esbuild/linux-riscv64@0.21.5 OK for: esbuild@0.21.5 want: 0.21.5
1256 silly placeDep ROOT @esbuild/linux-s390x@0.21.5 OK for: esbuild@0.21.5 want: 0.21.5
1257 silly placeDep ROOT @esbuild/linux-x64@0.21.5 OK for: esbuild@0.21.5 want: 0.21.5
1258 silly placeDep ROOT @esbuild/netbsd-x64@0.21.5 OK for: esbuild@0.21.5 want: 0.21.5
1259 silly placeDep ROOT @esbuild/openbsd-x64@0.21.5 OK for: esbuild@0.21.5 want: 0.21.5
1260 silly placeDep ROOT @esbuild/sunos-x64@0.21.5 OK for: esbuild@0.21.5 want: 0.21.5
1261 silly placeDep ROOT @esbuild/win32-arm64@0.21.5 OK for: esbuild@0.21.5 want: 0.21.5
1262 silly placeDep ROOT @esbuild/win32-ia32@0.21.5 OK for: esbuild@0.21.5 want: 0.21.5
1263 silly placeDep ROOT @esbuild/win32-x64@0.21.5 OK for: esbuild@0.21.5 want: 0.21.5
1264 timing idealTree:node_modules/esbuild Completed in 10ms
1265 timing idealTree:node_modules/@esbuild/aix-ppc64 Completed in 0ms
1266 timing idealTree:node_modules/@esbuild/android-arm Completed in 0ms
1267 timing idealTree:node_modules/@esbuild/android-arm64 Completed in 0ms
1268 timing idealTree:node_modules/@esbuild/android-x64 Completed in 0ms
1269 timing idealTree:node_modules/@esbuild/darwin-arm64 Completed in 0ms
1270 timing idealTree:node_modules/@esbuild/darwin-x64 Completed in 0ms
1271 timing idealTree:node_modules/@esbuild/freebsd-arm64 Completed in 0ms
1272 timing idealTree:node_modules/@esbuild/freebsd-x64 Completed in 0ms
1273 timing idealTree:node_modules/@esbuild/linux-arm Completed in 1ms
1274 timing idealTree:node_modules/@esbuild/linux-arm64 Completed in 0ms
1275 timing idealTree:node_modules/@esbuild/linux-ia32 Completed in 0ms
1276 timing idealTree:node_modules/@esbuild/linux-loong64 Completed in 0ms
1277 timing idealTree:node_modules/@esbuild/linux-mips64el Completed in 0ms
1278 timing idealTree:node_modules/@esbuild/linux-ppc64 Completed in 0ms
1279 timing idealTree:node_modules/@esbuild/linux-riscv64 Completed in 0ms
1280 timing idealTree:node_modules/@esbuild/linux-s390x Completed in 0ms
1281 timing idealTree:node_modules/@esbuild/linux-x64 Completed in 0ms
1282 timing idealTree:node_modules/@esbuild/netbsd-x64 Completed in 0ms
1283 timing idealTree:node_modules/@esbuild/openbsd-x64 Completed in 0ms
1284 timing idealTree:node_modules/@esbuild/sunos-x64 Completed in 0ms
1285 timing idealTree:node_modules/@esbuild/win32-arm64 Completed in 0ms
1286 timing idealTree:node_modules/@esbuild/win32-ia32 Completed in 0ms
1287 timing idealTree:node_modules/@esbuild/win32-x64 Completed in 0ms
1288 timing idealTree:node_modules/fsevents Completed in 0ms
1289 silly placeDep ROOT nanoid@3.3.11 OK for: postcss@8.5.6 want: ^3.3.11
1290 silly placeDep ROOT source-map-js@1.2.1 OK for: postcss@8.5.6 want: ^1.2.1
1291 timing idealTree:node_modules/postcss Completed in 1ms
1292 timing idealTree:node_modules/nanoid Completed in 0ms
1293 silly placeDep ROOT @rollup/rollup-android-arm-eabi@4.59.0 OK for: rollup@4.59.0 want: 4.59.0
1294 silly placeDep ROOT @rollup/rollup-android-arm64@4.59.0 OK for: rollup@4.59.0 want: 4.59.0
1295 silly placeDep ROOT @rollup/rollup-darwin-arm64@4.59.0 OK for: rollup@4.59.0 want: 4.59.0
1296 silly placeDep ROOT @rollup/rollup-darwin-x64@4.59.0 OK for: rollup@4.59.0 want: 4.59.0
1297 silly placeDep ROOT @rollup/rollup-freebsd-arm64@4.59.0 OK for: rollup@4.59.0 want: 4.59.0
1298 silly placeDep ROOT @rollup/rollup-freebsd-x64@4.59.0 OK for: rollup@4.59.0 want: 4.59.0
1299 silly placeDep ROOT @rollup/rollup-linux-arm-gnueabihf@4.59.0 OK for: rollup@4.59.0 want: 4.59.0
1300 silly placeDep ROOT @rollup/rollup-linux-arm-musleabihf@4.59.0 OK for: rollup@4.59.0 want: 4.59.0
1301 silly placeDep ROOT @rollup/rollup-linux-arm64-gnu@4.59.0 OK for: rollup@4.59.0 want: 4.59.0
1302 silly placeDep ROOT @rollup/rollup-linux-arm64-musl@4.59.0 OK for: rollup@4.59.0 want: 4.59.0
1303 silly placeDep ROOT @rollup/rollup-linux-loong64-gnu@4.59.0 OK for: rollup@4.59.0 want: 4.59.0
1304 silly placeDep ROOT @rollup/rollup-linux-loong64-musl@4.59.0 OK for: rollup@4.59.0 want: 4.59.0
1305 silly placeDep ROOT @rollup/rollup-linux-ppc64-gnu@4.59.0 OK for: rollup@4.59.0 want: 4.59.0
1306 silly placeDep ROOT @rollup/rollup-linux-ppc64-musl@4.59.0 OK for: rollup@4.59.0 want: 4.59.0
1307 silly placeDep ROOT @rollup/rollup-linux-riscv64-gnu@4.59.0 OK for: rollup@4.59.0 want: 4.59.0
1308 silly placeDep ROOT @rollup/rollup-linux-riscv64-musl@4.59.0 OK for: rollup@4.59.0 want: 4.59.0
1309 silly placeDep ROOT @rollup/rollup-linux-s390x-gnu@4.59.0 OK for: rollup@4.59.0 want: 4.59.0
1310 silly placeDep ROOT @rollup/rollup-linux-x64-gnu@4.59.0 OK for: rollup@4.59.0 want: 4.59.0
1311 silly placeDep ROOT @rollup/rollup-linux-x64-musl@4.59.0 OK for: rollup@4.59.0 want: 4.59.0
1312 silly placeDep ROOT @rollup/rollup-openbsd-x64@4.59.0 OK for: rollup@4.59.0 want: 4.59.0
1313 silly placeDep ROOT @rollup/rollup-openharmony-arm64@4.59.0 OK for: rollup@4.59.0 want: 4.59.0
1314 silly placeDep ROOT @rollup/rollup-win32-arm64-msvc@4.59.0 OK for: rollup@4.59.0 want: 4.59.0
1315 silly placeDep ROOT @rollup/rollup-win32-ia32-msvc@4.59.0 OK for: rollup@4.59.0 want: 4.59.0
1316 silly placeDep ROOT @rollup/rollup-win32-x64-gnu@4.59.0 OK for: rollup@4.59.0 want: 4.59.0
1317 silly placeDep ROOT @rollup/rollup-win32-x64-msvc@4.59.0 OK for: rollup@4.59.0 want: 4.59.0
1318 timing idealTree:node_modules/rollup Completed in 12ms
1319 timing idealTree:node_modules/@rollup/rollup-android-arm-eabi Completed in 0ms
1320 timing idealTree:node_modules/@rollup/rollup-android-arm64 Completed in 0ms
1321 timing idealTree:node_modules/@rollup/rollup-darwin-arm64 Completed in 0ms
1322 timing idealTree:node_modules/@rollup/rollup-darwin-x64 Completed in 0ms
1323 timing idealTree:node_modules/@rollup/rollup-freebsd-arm64 Completed in 0ms
1324 timing idealTree:node_modules/@rollup/rollup-freebsd-x64 Completed in 0ms
1325 timing idealTree:node_modules/@rollup/rollup-linux-arm-gnueabihf Completed in 0ms
1326 timing idealTree:node_modules/@rollup/rollup-linux-arm-musleabihf Completed in 0ms
1327 timing idealTree:node_modules/@rollup/rollup-linux-arm64-gnu Completed in 0ms
1328 timing idealTree:node_modules/@rollup/rollup-linux-arm64-musl Completed in 0ms
1329 timing idealTree:node_modules/@rollup/rollup-linux-loong64-gnu Completed in 0ms
1330 timing idealTree:node_modules/@rollup/rollup-linux-loong64-musl Completed in 0ms
1331 timing idealTree:node_modules/@rollup/rollup-linux-ppc64-gnu Completed in 0ms
1332 timing idealTree:node_modules/@rollup/rollup-linux-ppc64-musl Completed in 0ms
1333 timing idealTree:node_modules/@rollup/rollup-linux-riscv64-gnu Completed in 0ms
1334 timing idealTree:node_modules/@rollup/rollup-linux-riscv64-musl Completed in 0ms
1335 timing idealTree:node_modules/@rollup/rollup-linux-s390x-gnu Completed in 0ms
1336 timing idealTree:node_modules/@rollup/rollup-linux-x64-gnu Completed in 0ms
1337 timing idealTree:node_modules/@rollup/rollup-linux-x64-musl Completed in 0ms
1338 timing idealTree:node_modules/@rollup/rollup-openbsd-x64 Completed in 0ms
1339 timing idealTree:node_modules/@rollup/rollup-openharmony-arm64 Completed in 0ms
1340 timing idealTree:node_modules/@rollup/rollup-win32-arm64-msvc Completed in 0ms
1341 timing idealTree:node_modules/@rollup/rollup-win32-ia32-msvc Completed in 0ms
1342 timing idealTree:node_modules/@rollup/rollup-win32-x64-gnu Completed in 0ms
1343 timing idealTree:node_modules/@rollup/rollup-win32-x64-msvc Completed in 0ms
1344 timing idealTree:node_modules/source-map-js Completed in 0ms
1345 silly placeDep ROOT isexe@2.0.0 OK for: which@2.0.2 want: ^2.0.0
1346 timing idealTree:node_modules/which Completed in 1ms
1347 timing idealTree:node_modules/isexe Completed in 0ms
1348 silly placeDep ROOT is-bigint@1.1.0 OK for: which-boxed-primitive@1.1.1 want: ^1.1.0
1349 silly placeDep ROOT is-boolean-object@1.2.2 OK for: which-boxed-primitive@1.1.1 want: ^1.2.1
1350 silly placeDep ROOT is-number-object@1.1.1 OK for: which-boxed-primitive@1.1.1 want: ^1.1.1
1351 timing idealTree:node_modules/which-boxed-primitive Completed in 2ms
1352 timing idealTree:node_modules/is-bigint Completed in 0ms
1353 timing idealTree:node_modules/is-boolean-object Completed in 0ms
1354 timing idealTree:node_modules/is-number-object Completed in 0ms
1355 silly placeDep ROOT is-async-function@2.1.1 OK for: which-builtin-type@1.2.1 want: ^2.0.0
1356 silly fetch manifest async-function@^1.0.0
1357 silly placeDep ROOT is-finalizationregistry@1.1.1 OK for: which-builtin-type@1.2.1 want: ^1.1.0
1358 silly placeDep ROOT is-generator-function@1.1.2 OK for: which-builtin-type@1.2.1 want: ^1.0.10
1359 silly fetch manifest generator-function@^2.0.0
1360 silly placeDep ROOT which-collection@1.0.2 OK for: which-builtin-type@1.2.1 want: ^1.0.2
1361 silly fetch manifest is-map@^2.0.3
1362 silly fetch manifest is-weakmap@^2.0.2
1363 silly fetch manifest is-weakset@^2.0.3
1364 http fetch GET 200 https://registry.npmjs.org/generator-function 173ms (cache miss)
1365 http fetch GET 200 https://registry.npmjs.org/is-map 179ms (cache miss)
1366 http fetch GET 200 https://registry.npmjs.org/is-weakmap 183ms (cache miss)
1367 http fetch GET 200 https://registry.npmjs.org/async-function 186ms (cache miss)
1368 http fetch GET 200 https://registry.npmjs.org/is-weakset 204ms (cache miss)
1369 timing idealTree:node_modules/which-builtin-type Completed in 211ms
1370 silly placeDep ROOT async-function@1.0.0 OK for: is-async-function@2.1.1 want: ^1.0.0
1371 timing idealTree:node_modules/is-async-function Completed in 1ms
1372 timing idealTree:node_modules/async-function Completed in 0ms
1373 timing idealTree:node_modules/is-finalizationregistry Completed in 0ms
1374 silly placeDep ROOT generator-function@2.0.1 OK for: is-generator-function@1.1.2 want: ^2.0.0
1375 timing idealTree:node_modules/is-generator-function Completed in 1ms
1376 timing idealTree:node_modules/generator-function Completed in 0ms
1377 silly placeDep ROOT is-map@2.0.3 OK for: which-collection@1.0.2 want: ^2.0.3
1378 silly placeDep ROOT is-weakmap@2.0.2 OK for: which-collection@1.0.2 want: ^2.0.2
1379 silly placeDep ROOT is-weakset@2.0.4 OK for: which-collection@1.0.2 want: ^2.0.3
1380 timing idealTree:node_modules/which-collection Completed in 2ms
1381 timing idealTree:node_modules/is-map Completed in 0ms
1382 timing idealTree:node_modules/is-weakmap Completed in 0ms
1383 timing idealTree:node_modules/is-weakset Completed in 0ms
1384 timing idealTree:node_modules/which-typed-array Completed in 0ms
1385 timing idealTree:node_modules/word-wrap Completed in 0ms
1386 timing idealTree:node_modules/yallist Completed in 0ms
1387 timing idealTree:node_modules/yocto-queue Completed in 0ms
1388 timing idealTree:node_modules/@eslint-community/eslint-utils/node_modules/eslint-visitor-keys Completed in 0ms
1389 timing idealTree:node_modules/@eslint/eslintrc/node_modules/globals Completed in 0ms
1390 timing idealTree:buildDeps Completed in 40548ms
1391 timing idealTree:fixDepFlags Completed in 3ms
1392 timing idealTree Completed in 40565ms
1393 timing reify:loadTrees Completed in 40565ms
1394 timing reify:diffTrees Completed in 4ms
1395 silly reify moves {}
1396 timing reify:retireShallow Completed in 2ms
1397 timing reify:createSparse Completed in 20ms
1398 timing reify:loadBundles Completed in 0ms
1399 silly audit bulk request {
1399 silly audit   '@eslint/js': [ '9.39.3' ],
1399 silly audit   '@types/react': [ '18.3.28' ],
1399 silly audit   '@types/react-dom': [ '18.3.7' ],
1399 silly audit   '@vitejs/plugin-react': [ '4.7.0' ],
1399 silly audit   vite: [ '5.4.21' ],
1399 silly audit   eslint: [ '9.39.3' ],
1399 silly audit   'eslint-plugin-react': [ '7.37.5' ],
1399 silly audit   'eslint-plugin-react-hooks': [ '5.2.0' ],
1399 silly audit   'eslint-plugin-react-refresh': [ '0.4.26' ],
1399 silly audit   globals: [ '15.15.0', '14.0.0' ],
1399 silly audit   'lucide-react': [ '0.575.0' ],
1399 silly audit   react: [ '18.3.1' ],
1399 silly audit   'react-dom': [ '18.3.1' ],
1399 silly audit   'react-router-dom': [ '7.13.0' ],
1399 silly audit   '@types/prop-types': [ '15.7.15' ],
1399 silly audit   csstype: [ '3.2.3' ],
1399 silly audit   '@babel/core': [ '7.29.0' ],
1399 silly audit   '@babel/plugin-transform-react-jsx-self': [ '7.27.1' ],
1399 silly audit   '@babel/plugin-transform-react-jsx-source': [ '7.27.1' ],
1399 silly audit   '@rolldown/pluginutils': [ '1.0.0-beta.27' ],
1399 silly audit   '@types/babel__core': [ '7.20.5' ],
1399 silly audit   'react-refresh': [ '0.17.0' ],
1399 silly audit   '@babel/code-frame': [ '7.29.0' ],
1399 silly audit   '@babel/generator': [ '7.29.1' ],
1399 silly audit   '@babel/helper-compilation-targets': [ '7.28.6' ],
1399 silly audit   '@babel/helper-module-transforms': [ '7.28.6' ],
1399 silly audit   '@babel/helpers': [ '7.28.6' ],
1399 silly audit   '@babel/parser': [ '7.29.0' ],
1399 silly audit   '@babel/template': [ '7.28.6' ],
1399 silly audit   '@babel/traverse': [ '7.29.0' ],
1399 silly audit   '@babel/types': [ '7.29.0' ],
1399 silly audit   '@jridgewell/remapping': [ '2.3.5' ],
1399 silly audit   'convert-source-map': [ '2.0.0' ],
1399 silly audit   debug: [ '4.4.3' ],
1399 silly audit   gensync: [ '1.0.0-beta.2' ],
1399 silly audit   json5: [ '2.2.3' ],
1399 silly audit   semver: [ '6.3.1' ],
1399 silly audit   '@babel/helper-validator-identifier': [ '7.28.5' ],
1399 silly audit   'js-tokens': [ '4.0.0' ],
1399 silly audit   picocolors: [ '1.1.1' ],
1399 silly audit   '@jridgewell/gen-mapping': [ '0.3.13' ],
1399 silly audit   '@jridgewell/trace-mapping': [ '0.3.31' ],
1399 silly audit   jsesc: [ '3.1.0' ],
1399 silly audit   '@babel/compat-data': [ '7.29.0' ],
1399 silly audit   '@babel/helper-validator-option': [ '7.27.1' ],
1399 silly audit   browserslist: [ '4.28.1' ],
1399 silly audit   'lru-cache': [ '5.1.1' ],
1399 silly audit   '@babel/helper-module-imports': [ '7.28.6' ],
1399 silly audit   '@babel/helper-plugin-utils': [ '7.28.6' ],
1399 silly audit   '@babel/helper-globals': [ '7.28.0' ],
1399 silly audit   '@babel/helper-string-parser': [ '7.27.1' ],
1399 silly audit   '@jridgewell/sourcemap-codec': [ '1.5.5' ],
1399 silly audit   '@jridgewell/resolve-uri': [ '3.1.2' ],
1399 silly audit   '@types/babel__generator': [ '7.27.0' ],
1399 silly audit   '@types/babel__template': [ '7.4.4' ],
1399 silly audit   '@types/babel__traverse': [ '7.28.0' ],
1399 silly audit   'baseline-browser-mapping': [ '2.10.0' ],
1399 silly audit   'caniuse-lite': [ '1.0.30001774' ],
1399 silly audit   'electron-to-chromium': [ '1.5.302' ],
1399 silly audit   'node-releases': [ '2.0.27' ],
1399 silly audit   'update-browserslist-db': [ '1.2.3' ],
1399 silly audit   ms: [ '2.1.3' ],
1399 silly audit   '@eslint-community/eslint-utils': [ '4.9.1' ],
1399 silly audit   '@eslint-community/regexpp': [ '4.12.2' ],
1399 silly audit   '@eslint/config-array': [ '0.21.1' ],
1399 silly audit   '@eslint/config-helpers': [ '0.4.2' ],
1399 silly audit   '@eslint/core': [ '0.17.0' ],
1399 silly audit   '@eslint/eslintrc': [ '3.3.3' ],
1399 silly audit   '@eslint/plugin-kit': [ '0.4.1' ],
1399 silly audit   '@humanfs/node': [ '0.16.7' ],
1399 silly audit   '@humanwhocodes/module-importer': [ '1.0.1' ],
1399 silly audit   '@humanwhocodes/retry': [ '0.4.3' ],
1399 silly audit   '@types/estree': [ '1.0.8' ],
1399 silly audit   ajv: [ '6.14.0' ],
1399 silly audit   chalk: [ '4.1.2' ],
1399 silly audit   'cross-spawn': [ '7.0.6' ],
1399 silly audit   'escape-string-regexp': [ '4.0.0' ],
1399 silly audit   'eslint-scope': [ '8.4.0' ],
1399 silly audit   'eslint-visitor-keys': [ '4.2.1', '3.4.3' ],
1399 silly audit   espree: [ '10.4.0' ],
1399 silly audit   esquery: [ '1.7.0' ],
1399 silly audit   esutils: [ '2.0.3' ],
1399 silly audit   'fast-deep-equal': [ '3.1.3' ],
1399 silly audit   'file-entry-cache': [ '8.0.0' ],
1399 silly audit   'find-up': [ '5.0.0' ],
1399 silly audit   'glob-parent': [ '6.0.2' ],
1399 silly audit   ignore: [ '5.3.2' ],
1399 silly audit   imurmurhash: [ '0.1.4' ],
1399 silly audit   'is-glob': [ '4.0.3' ],
1399 silly audit   'json-stable-stringify-without-jsonify': [ '1.0.1' ],
1399 silly audit   'lodash.merge': [ '4.6.2' ],
1399 silly audit   minimatch: [ '3.1.3' ],
1399 silly audit   'natural-compare': [ '1.4.0' ],
1399 silly audit   optionator: [ '0.9.4' ],
1399 silly audit   '@eslint/object-schema': [ '2.1.7' ],
1399 silly audit   '@types/json-schema': [ '7.0.15' ],
1399 silly audit   'import-fresh': [ '3.3.1' ],
1399 silly audit   'js-yaml': [ '4.1.1' ],
1399 silly audit   'strip-json-comments': [ '3.1.1' ],
1399 silly audit   levn: [ '0.4.1' ],
1399 silly audit   '@humanfs/core': [ '0.19.1' ],
1399 silly audit   'fast-json-stable-stringify': [ '2.1.0' ],
1399 silly audit   'json-schema-traverse': [ '0.4.1' ],
1399 silly audit   'uri-js': [ '4.4.1' ],
1399 silly audit   'ansi-styles': [ '4.3.0' ],
1399 silly audit   'supports-color': [ '7.2.0' ],
1399 silly audit   'color-convert': [ '2.0.1' ],
1399 silly audit   'color-name': [ '1.1.4' ],
1399 silly audit   'path-key': [ '3.1.1' ],
1399 silly audit   'shebang-command': [ '2.0.0' ],
1399 silly audit   which: [ '2.0.2' ],
1399 silly audit   'array-includes': [ '3.1.9' ],
1399 silly audit   'array.prototype.findlast': [ '1.2.5' ],
1399 silly audit   'array.prototype.flatmap': [ '1.3.3' ],
1399 silly audit   'array.prototype.tosorted': [ '1.1.4' ],
1399 silly audit   doctrine: [ '2.1.0' ],
1399 silly audit   'es-iterator-helpers': [ '1.2.2' ],
1399 silly audit   estraverse: [ '5.3.0' ],
1399 silly audit   hasown: [ '2.0.2' ],
1399 silly audit   'jsx-ast-utils': [ '3.3.5' ],
1399 silly audit   'object.entries': [ '1.1.9' ],
1399 silly audit   'object.fromentries': [ '2.0.8' ],
1399 silly audit   'object.values': [ '1.2.1' ],
1399 silly audit   'prop-types': [ '15.8.1' ],
1399 silly audit   resolve: [ '2.0.0-next.6' ],
1399 silly audit   'string.prototype.matchall': [ '4.0.12' ],
1399 silly audit   'string.prototype.repeat': [ '1.0.0' ],
1399 silly audit   'call-bind': [ '1.0.8' ],
1399 silly audit   'call-bound': [ '1.0.4' ],
1399 silly audit   'define-properties': [ '1.2.1' ],
1399 silly audit   'es-abstract': [ '1.24.1' ],
1399 silly audit   'es-object-atoms': [ '1.1.1' ],
1399 silly audit   'get-intrinsic': [ '1.3.0' ],
1399 silly audit   'is-string': [ '1.1.1' ],
1399 silly audit   'math-intrinsics': [ '1.1.0' ],
1399 silly audit   'es-errors': [ '1.3.0' ],
1399 silly audit   'es-shim-unscopables': [ '1.1.0' ],
1399 silly audit   'call-bind-apply-helpers': [ '1.0.2' ],
1399 silly audit   'es-define-property': [ '1.0.1' ],
1399 silly audit   'set-function-length': [ '1.2.2' ],
1399 silly audit   'function-bind': [ '1.1.2' ],
1399 silly audit   'define-data-property': [ '1.1.4' ],
1399 silly audit   'has-property-descriptors': [ '1.0.2' ],
1399 silly audit   'object-keys': [ '1.1.1' ],
1399 silly audit   gopd: [ '1.2.0' ],
1399 silly audit   'array-buffer-byte-length': [ '1.0.2' ],
1399 silly audit   'arraybuffer.prototype.slice': [ '1.0.4' ],
1399 silly audit   'available-typed-arrays': [ '1.0.7' ],
1399 silly audit   'data-view-buffer': [ '1.0.2' ],
1399 silly audit   'data-view-byte-length': [ '1.0.2' ],
1399 silly audit   'data-view-byte-offset': [ '1.0.1' ],
1399 silly audit   'es-set-tostringtag': [ '2.1.0' ],
1399 silly audit   'es-to-primitive': [ '1.3.0' ],
1399 silly audit   'function.prototype.name': [ '1.1.8' ],
1399 silly audit   'get-proto': [ '1.0.1' ],
1399 silly audit   'get-symbol-description': [ '1.1.0' ],
1399 silly audit   globalthis: [ '1.0.4' ],
1399 silly audit   'has-proto': [ '1.2.0' ],
1399 silly audit   'has-symbols': [ '1.1.0' ],
1399 silly audit   'internal-slot': [ '1.1.0' ],
1399 silly audit   'is-array-buffer': [ '3.0.5' ],
1399 silly audit   'is-callable': [ '1.2.7' ],
1399 silly audit   'is-data-view': [ '1.0.2' ],
1399 silly audit   'is-negative-zero': [ '2.0.3' ],
1399 silly audit   'is-regex': [ '1.2.1' ],
1399 silly audit   'is-set': [ '2.0.3' ],
1399 silly audit   'is-shared-array-buffer': [ '1.0.4' ],
1399 silly audit   'is-typed-array': [ '1.1.15' ],
1399 silly audit   'is-weakref': [ '1.1.1' ],
1399 silly audit   'object-inspect': [ '1.13.4' ],
1399 silly audit   'object.assign': [ '4.1.7' ],
1399 silly audit   'own-keys': [ '1.0.1' ],
1399 silly audit   'regexp.prototype.flags': [ '1.5.4' ],
1399 silly audit   'safe-array-concat': [ '1.1.3' ],
1399 silly audit   'safe-push-apply': [ '1.0.0' ],
1399 silly audit   'safe-regex-test': [ '1.1.0' ],
1399 silly audit   'set-proto': [ '1.0.0' ],
1399 silly audit   'stop-iteration-iterator': [ '1.1.0' ],
1399 silly audit   'string.prototype.trim': [ '1.2.10' ],
1399 silly audit   'string.prototype.trimend': [ '1.0.9' ],
1399 silly audit   'string.prototype.trimstart': [ '1.0.8' ],
1399 silly audit   'typed-array-buffer': [ '1.0.3' ],
1399 silly audit   'typed-array-byte-length': [ '1.0.3' ],
1399 silly audit   'typed-array-byte-offset': [ '1.0.4' ],
1399 silly audit   'typed-array-length': [ '1.0.7' ],
1399 silly audit   'unbox-primitive': [ '1.1.0' ],
1399 silly audit   'which-typed-array': [ '1.1.20' ],
1399 silly audit   'possible-typed-array-names': [ '1.1.0' ],
1399 silly audit   'iterator.prototype': [ '1.1.5' ],
1399 silly audit   'has-tostringtag': [ '1.0.2' ],
1399 silly audit   'is-date-object': [ '1.1.0' ],
1399 silly audit   'is-symbol': [ '1.1.1' ],
1399 silly audit   esrecurse: [ '4.3.0' ],
1399 silly audit   acorn: [ '8.16.0' ],
1399 silly audit   'acorn-jsx': [ '5.3.2' ],
1399 silly audit   'flat-cache': [ '4.0.1' ],
1399 silly audit   'locate-path': [ '6.0.0' ],
1399 silly audit   'path-exists': [ '4.0.0' ],
1399 silly audit   flatted: [ '3.3.3' ],
1399 silly audit   keyv: [ '4.5.4' ],
1399 silly audit   'functions-have-names': [ '1.2.3' ],
1399 silly audit   'dunder-proto': [ '1.0.1' ],
1399 silly audit   'parent-module': [ '1.0.1' ],
1399 silly audit   'resolve-from': [ '4.0.0' ],
1399 silly audit   'side-channel': [ '1.1.0' ],
1399 silly audit   'is-extglob': [ '2.1.1' ],
1399 silly audit   'set-function-name': [ '2.0.2' ],
1399 silly audit   argparse: [ '2.0.1' ],
1399 silly audit   'array.prototype.flat': [ '1.3.3' ],
1399 silly audit   'json-buffer': [ '3.0.1' ],
1399 silly audit   'prelude-ls': [ '1.2.1' ],
1399 silly audit   'type-check': [ '0.4.0' ],
1399 silly audit   'p-locate': [ '5.0.0' ],
1399 silly audit   yallist: [ '3.1.1' ],
1399 silly audit   'brace-expansion': [ '1.1.12' ],
1399 silly audit   'balanced-match': [ '1.0.2' ],
1399 silly audit   'concat-map': [ '0.0.1' ],
1399 silly audit   'deep-is': [ '0.1.4' ],
1399 silly audit   'fast-levenshtein': [ '2.0.6' ],
1399 silly audit   'word-wrap': [ '1.2.5' ],
1399 silly audit   'p-limit': [ '3.1.0' ],
1399 silly audit   'yocto-queue': [ '0.1.0' ],
1399 silly audit   callsites: [ '3.1.0' ],
1399 silly audit   'loose-envify': [ '1.4.0' ],
1399 silly audit   'object-assign': [ '4.1.1' ],
1399 silly audit   'react-is': [ '16.13.1' ],
1399 silly audit   scheduler: [ '0.23.2' ],
1399 silly audit   'react-router': [ '7.13.0' ],
1399 silly audit   cookie: [ '1.1.1' ],
1399 silly audit   'set-cookie-parser': [ '2.7.2' ],
1399 silly audit   'is-core-module': [ '2.16.1' ],
1399 silly audit   'node-exports-info': [ '1.6.0' ],
1399 silly audit   'path-parse': [ '1.0.7' ],
1399 silly audit   'supports-preserve-symlinks-flag': [ '1.0.0' ],
1399 silly audit   isarray: [ '2.0.5' ],
1399 silly audit   'shebang-regex': [ '3.0.0' ],
1399 silly audit   'side-channel-list': [ '1.0.0' ],
1399 silly audit   'side-channel-map': [ '1.0.1' ],
1399 silly audit   'side-channel-weakmap': [ '1.0.2' ],
1399 silly audit   'has-flag': [ '4.0.0' ],
1399 silly audit   'for-each': [ '0.3.5' ],
1399 silly audit   'reflect.getprototypeof': [ '1.0.10' ],
1399 silly audit   'which-builtin-type': [ '1.2.1' ],
1399 silly audit   'has-bigints': [ '1.1.0' ],
1399 silly audit   'which-boxed-primitive': [ '1.1.1' ],
1399 silly audit   escalade: [ '3.2.0' ],
1399 silly audit   punycode: [ '2.3.1' ],
1399 silly audit   esbuild: [ '0.21.5' ],
1399 silly audit   fsevents: [ '2.3.3' ],
1399 silly audit   postcss: [ '8.5.6' ],
1399 silly audit   rollup: [ '4.59.0' ],
1399 silly audit   '@esbuild/aix-ppc64': [ '0.21.5' ],
1399 silly audit   '@esbuild/android-arm': [ '0.21.5' ],
1399 silly audit   '@esbuild/android-arm64': [ '0.21.5' ],
1399 silly audit   '@esbuild/android-x64': [ '0.21.5' ],
1399 silly audit   '@esbuild/darwin-arm64': [ '0.21.5' ],
1399 silly audit   '@esbuild/darwin-x64': [ '0.21.5' ],
1399 silly audit   '@esbuild/freebsd-arm64': [ '0.21.5' ],
1399 silly audit   '@esbuild/freebsd-x64': [ '0.21.5' ],
1399 silly audit   '@esbuild/linux-arm': [ '0.21.5' ],
1399 silly audit   '@esbuild/linux-arm64': [ '0.21.5' ],
1399 silly audit   '@esbuild/linux-ia32': [ '0.21.5' ],
1399 silly audit   '@esbuild/linux-loong64': [ '0.21.5' ],
1399 silly audit   '@esbuild/linux-mips64el': [ '0.21.5' ],
1399 silly audit   '@esbuild/linux-ppc64': [ '0.21.5' ],
1399 silly audit   '@esbuild/linux-riscv64': [ '0.21.5' ],
1399 silly audit   '@esbuild/linux-s390x': [ '0.21.5' ],
1399 silly audit   '@esbuild/linux-x64': [ '0.21.5' ],
1399 silly audit   '@esbuild/netbsd-x64': [ '0.21.5' ],
1399 silly audit   '@esbuild/openbsd-x64': [ '0.21.5' ],
1399 silly audit   '@esbuild/sunos-x64': [ '0.21.5' ],
1399 silly audit   '@esbuild/win32-arm64': [ '0.21.5' ],
1399 silly audit   '@esbuild/win32-ia32': [ '0.21.5' ],
1399 silly audit   '@esbuild/win32-x64': [ '0.21.5' ],
1399 silly audit   nanoid: [ '3.3.11' ],
1399 silly audit   'source-map-js': [ '1.2.1' ],
1399 silly audit   '@rollup/rollup-android-arm-eabi': [ '4.59.0' ],
1399 silly audit   '@rollup/rollup-android-arm64': [ '4.59.0' ],
1399 silly audit   '@rollup/rollup-darwin-arm64': [ '4.59.0' ],
1399 silly audit   '@rollup/rollup-darwin-x64': [ '4.59.0' ],
1399 silly audit   '@rollup/rollup-freebsd-arm64': [ '4.59.0' ],
1399 silly audit   '@rollup/rollup-freebsd-x64': [ '4.59.0' ],
1399 silly audit   '@rollup/rollup-linux-arm-gnueabihf': [ '4.59.0' ],
1399 silly audit   '@rollup/rollup-linux-arm-musleabihf': [ '4.59.0' ],
1399 silly audit   '@rollup/rollup-linux-arm64-gnu': [ '4.59.0' ],
1399 silly audit   '@rollup/rollup-linux-arm64-musl': [ '4.59.0' ],
1399 silly audit   '@rollup/rollup-linux-loong64-gnu': [ '4.59.0' ],
1399 silly audit   '@rollup/rollup-linux-loong64-musl': [ '4.59.0' ],
1399 silly audit   '@rollup/rollup-linux-ppc64-gnu': [ '4.59.0' ],
1399 silly audit   '@rollup/rollup-linux-ppc64-musl': [ '4.59.0' ],
1399 silly audit   '@rollup/rollup-linux-riscv64-gnu': [ '4.59.0' ],
1399 silly audit   '@rollup/rollup-linux-riscv64-musl': [ '4.59.0' ],
1399 silly audit   '@rollup/rollup-linux-s390x-gnu': [ '4.59.0' ],
1399 silly audit   '@rollup/rollup-linux-x64-gnu': [ '4.59.0' ],
1399 silly audit   '@rollup/rollup-linux-x64-musl': [ '4.59.0' ],
1399 silly audit   '@rollup/rollup-openbsd-x64': [ '4.59.0' ],
1399 silly audit   '@rollup/rollup-openharmony-arm64': [ '4.59.0' ],
1399 silly audit   '@rollup/rollup-win32-arm64-msvc': [ '4.59.0' ],
1399 silly audit   '@rollup/rollup-win32-ia32-msvc': [ '4.59.0' ],
1399 silly audit   '@rollup/rollup-win32-x64-gnu': [ '4.59.0' ],
1399 silly audit   '@rollup/rollup-win32-x64-msvc': [ '4.59.0' ],
1399 silly audit   isexe: [ '2.0.0' ],
1399 silly audit   'is-bigint': [ '1.1.0' ],
1399 silly audit   'is-boolean-object': [ '1.2.2' ],
1399 silly audit   'is-number-object': [ '1.1.1' ],
1399 silly audit   'is-async-function': [ '2.1.1' ],
1399 silly audit   'is-finalizationregistry': [ '1.1.1' ],
1399 silly audit   'is-generator-function': [ '1.1.2' ],
1399 silly audit   'which-collection': [ '1.0.2' ],
1399 silly audit   'async-function': [ '1.0.0' ],
1399 silly audit   'generator-function': [ '2.0.1' ],
1399 silly audit   'is-map': [ '2.0.3' ],
1399 silly audit   'is-weakmap': [ '2.0.2' ],
1399 silly audit   'is-weakset': [ '2.0.4' ]
1399 silly audit }
1400 verbose reify failed optional dependency /Users/khavasfayzullaevgmail.com/Documents/test-platform-deploy/node_modules/@rollup/rollup-win32-x64-msvc
1401 silly reify mark deleted [
1401 silly reify   '/Users/khavasfayzullaevgmail.com/Documents/test-platform-deploy/node_modules/@rollup/rollup-win32-x64-msvc'
1401 silly reify ]
1402 verbose reify failed optional dependency /Users/khavasfayzullaevgmail.com/Documents/test-platform-deploy/node_modules/@rollup/rollup-win32-x64-gnu
1403 silly reify mark deleted [
1403 silly reify   '/Users/khavasfayzullaevgmail.com/Documents/test-platform-deploy/node_modules/@rollup/rollup-win32-x64-gnu'
1403 silly reify ]
1404 verbose reify failed optional dependency /Users/khavasfayzullaevgmail.com/Documents/test-platform-deploy/node_modules/@rollup/rollup-win32-ia32-msvc
1405 silly reify mark deleted [
1405 silly reify   '/Users/khavasfayzullaevgmail.com/Documents/test-platform-deploy/node_modules/@rollup/rollup-win32-ia32-msvc'
1405 silly reify ]
1406 verbose reify failed optional dependency /Users/khavasfayzullaevgmail.com/Documents/test-platform-deploy/node_modules/@rollup/rollup-win32-arm64-msvc
1407 silly reify mark deleted [
1407 silly reify   '/Users/khavasfayzullaevgmail.com/Documents/test-platform-deploy/node_modules/@rollup/rollup-win32-arm64-msvc'
1407 silly reify ]
1408 verbose reify failed optional dependency /Users/khavasfayzullaevgmail.com/Documents/test-platform-deploy/node_modules/@rollup/rollup-openharmony-arm64
1409 silly reify mark deleted [
1409 silly reify   '/Users/khavasfayzullaevgmail.com/Documents/test-platform-deploy/node_modules/@rollup/rollup-openharmony-arm64'
1409 silly reify ]
1410 verbose reify failed optional dependency /Users/khavasfayzullaevgmail.com/Documents/test-platform-deploy/node_modules/@rollup/rollup-openbsd-x64
1411 silly reify mark deleted [
1411 silly reify   '/Users/khavasfayzullaevgmail.com/Documents/test-platform-deploy/node_modules/@rollup/rollup-openbsd-x64'
1411 silly reify ]
1412 verbose reify failed optional dependency /Users/khavasfayzullaevgmail.com/Documents/test-platform-deploy/node_modules/@rollup/rollup-linux-x64-musl
1413 silly reify mark deleted [
1413 silly reify   '/Users/khavasfayzullaevgmail.com/Documents/test-platform-deploy/node_modules/@rollup/rollup-linux-x64-musl'
1413 silly reify ]
1414 verbose reify failed optional dependency /Users/khavasfayzullaevgmail.com/Documents/test-platform-deploy/node_modules/@rollup/rollup-linux-x64-gnu
1415 silly reify mark deleted [
1415 silly reify   '/Users/khavasfayzullaevgmail.com/Documents/test-platform-deploy/node_modules/@rollup/rollup-linux-x64-gnu'
1415 silly reify ]
1416 verbose reify failed optional dependency /Users/khavasfayzullaevgmail.com/Documents/test-platform-deploy/node_modules/@rollup/rollup-linux-s390x-gnu
1417 silly reify mark deleted [
1417 silly reify   '/Users/khavasfayzullaevgmail.com/Documents/test-platform-deploy/node_modules/@rollup/rollup-linux-s390x-gnu'
1417 silly reify ]
1418 verbose reify failed optional dependency /Users/khavasfayzullaevgmail.com/Documents/test-platform-deploy/node_modules/@rollup/rollup-linux-riscv64-musl
1419 silly reify mark deleted [
1419 silly reify   '/Users/khavasfayzullaevgmail.com/Documents/test-platform-deploy/node_modules/@rollup/rollup-linux-riscv64-musl'
1419 silly reify ]
1420 verbose reify failed optional dependency /Users/khavasfayzullaevgmail.com/Documents/test-platform-deploy/node_modules/@rollup/rollup-linux-riscv64-gnu
1421 silly reify mark deleted [
1421 silly reify   '/Users/khavasfayzullaevgmail.com/Documents/test-platform-deploy/node_modules/@rollup/rollup-linux-riscv64-gnu'
1421 silly reify ]
1422 verbose reify failed optional dependency /Users/khavasfayzullaevgmail.com/Documents/test-platform-deploy/node_modules/@rollup/rollup-linux-ppc64-musl
1423 silly reify mark deleted [
1423 silly reify   '/Users/khavasfayzullaevgmail.com/Documents/test-platform-deploy/node_modules/@rollup/rollup-linux-ppc64-musl'
1423 silly reify ]
1424 verbose reify failed optional dependency /Users/khavasfayzullaevgmail.com/Documents/test-platform-deploy/node_modules/@rollup/rollup-linux-ppc64-gnu
1425 silly reify mark deleted [
1425 silly reify   '/Users/khavasfayzullaevgmail.com/Documents/test-platform-deploy/node_modules/@rollup/rollup-linux-ppc64-gnu'
1425 silly reify ]
1426 verbose reify failed optional dependency /Users/khavasfayzullaevgmail.com/Documents/test-platform-deploy/node_modules/@rollup/rollup-linux-loong64-musl
1427 silly reify mark deleted [
1427 silly reify   '/Users/khavasfayzullaevgmail.com/Documents/test-platform-deploy/node_modules/@rollup/rollup-linux-loong64-musl'
1427 silly reify ]
1428 verbose reify failed optional dependency /Users/khavasfayzullaevgmail.com/Documents/test-platform-deploy/node_modules/@rollup/rollup-linux-loong64-gnu
1429 silly reify mark deleted [
1429 silly reify   '/Users/khavasfayzullaevgmail.com/Documents/test-platform-deploy/node_modules/@rollup/rollup-linux-loong64-gnu'
1429 silly reify ]
1430 verbose reify failed optional dependency /Users/khavasfayzullaevgmail.com/Documents/test-platform-deploy/node_modules/@rollup/rollup-linux-arm64-musl
1431 silly reify mark deleted [
1431 silly reify   '/Users/khavasfayzullaevgmail.com/Documents/test-platform-deploy/node_modules/@rollup/rollup-linux-arm64-musl'
1431 silly reify ]
1432 verbose reify failed optional dependency /Users/khavasfayzullaevgmail.com/Documents/test-platform-deploy/node_modules/@rollup/rollup-linux-arm64-gnu
1433 silly reify mark deleted [
1433 silly reify   '/Users/khavasfayzullaevgmail.com/Documents/test-platform-deploy/node_modules/@rollup/rollup-linux-arm64-gnu'
1433 silly reify ]
1434 verbose reify failed optional dependency /Users/khavasfayzullaevgmail.com/Documents/test-platform-deploy/node_modules/@rollup/rollup-linux-arm-musleabihf
1435 silly reify mark deleted [
1435 silly reify   '/Users/khavasfayzullaevgmail.com/Documents/test-platform-deploy/node_modules/@rollup/rollup-linux-arm-musleabihf'
1435 silly reify ]
1436 verbose reify failed optional dependency /Users/khavasfayzullaevgmail.com/Documents/test-platform-deploy/node_modules/@rollup/rollup-linux-arm-gnueabihf
1437 silly reify mark deleted [
1437 silly reify   '/Users/khavasfayzullaevgmail.com/Documents/test-platform-deploy/node_modules/@rollup/rollup-linux-arm-gnueabihf'
1437 silly reify ]
1438 verbose reify failed optional dependency /Users/khavasfayzullaevgmail.com/Documents/test-platform-deploy/node_modules/@rollup/rollup-freebsd-x64
1439 silly reify mark deleted [
1439 silly reify   '/Users/khavasfayzullaevgmail.com/Documents/test-platform-deploy/node_modules/@rollup/rollup-freebsd-x64'
1439 silly reify ]
1440 verbose reify failed optional dependency /Users/khavasfayzullaevgmail.com/Documents/test-platform-deploy/node_modules/@rollup/rollup-freebsd-arm64
1441 silly reify mark deleted [
1441 silly reify   '/Users/khavasfayzullaevgmail.com/Documents/test-platform-deploy/node_modules/@rollup/rollup-freebsd-arm64'
1441 silly reify ]
1442 verbose reify failed optional dependency /Users/khavasfayzullaevgmail.com/Documents/test-platform-deploy/node_modules/@rollup/rollup-darwin-x64
1443 silly reify mark deleted [
1443 silly reify   '/Users/khavasfayzullaevgmail.com/Documents/test-platform-deploy/node_modules/@rollup/rollup-darwin-x64'
1443 silly reify ]
1444 verbose reify failed optional dependency /Users/khavasfayzullaevgmail.com/Documents/test-platform-deploy/node_modules/@rollup/rollup-android-arm64
1445 silly reify mark deleted [
1445 silly reify   '/Users/khavasfayzullaevgmail.com/Documents/test-platform-deploy/node_modules/@rollup/rollup-android-arm64'
1445 silly reify ]
1446 verbose reify failed optional dependency /Users/khavasfayzullaevgmail.com/Documents/test-platform-deploy/node_modules/@rollup/rollup-android-arm-eabi
1447 silly reify mark deleted [
1447 silly reify   '/Users/khavasfayzullaevgmail.com/Documents/test-platform-deploy/node_modules/@rollup/rollup-android-arm-eabi'
1447 silly reify ]
1448 verbose reify failed optional dependency /Users/khavasfayzullaevgmail.com/Documents/test-platform-deploy/node_modules/@esbuild/win32-x64
1449 silly reify mark deleted [
1449 silly reify   '/Users/khavasfayzullaevgmail.com/Documents/test-platform-deploy/node_modules/@esbuild/win32-x64'
1449 silly reify ]
1450 verbose reify failed optional dependency /Users/khavasfayzullaevgmail.com/Documents/test-platform-deploy/node_modules/@esbuild/win32-ia32
1451 silly reify mark deleted [
1451 silly reify   '/Users/khavasfayzullaevgmail.com/Documents/test-platform-deploy/node_modules/@esbuild/win32-ia32'
1451 silly reify ]
1452 verbose reify failed optional dependency /Users/khavasfayzullaevgmail.com/Documents/test-platform-deploy/node_modules/@esbuild/win32-arm64
1453 silly reify mark deleted [
1453 silly reify   '/Users/khavasfayzullaevgmail.com/Documents/test-platform-deploy/node_modules/@esbuild/win32-arm64'
1453 silly reify ]
1454 verbose reify failed optional dependency /Users/khavasfayzullaevgmail.com/Documents/test-platform-deploy/node_modules/@esbuild/sunos-x64
1455 silly reify mark deleted [
1455 silly reify   '/Users/khavasfayzullaevgmail.com/Documents/test-platform-deploy/node_modules/@esbuild/sunos-x64'
1455 silly reify ]
1456 verbose reify failed optional dependency /Users/khavasfayzullaevgmail.com/Documents/test-platform-deploy/node_modules/@esbuild/openbsd-x64
1457 silly reify mark deleted [
1457 silly reify   '/Users/khavasfayzullaevgmail.com/Documents/test-platform-deploy/node_modules/@esbuild/openbsd-x64'
1457 silly reify ]
1458 verbose reify failed optional dependency /Users/khavasfayzullaevgmail.com/Documents/test-platform-deploy/node_modules/@esbuild/netbsd-x64
1459 silly reify mark deleted [
1459 silly reify   '/Users/khavasfayzullaevgmail.com/Documents/test-platform-deploy/node_modules/@esbuild/netbsd-x64'
1459 silly reify ]
1460 verbose reify failed optional dependency /Users/khavasfayzullaevgmail.com/Documents/test-platform-deploy/node_modules/@esbuild/linux-x64
1461 silly reify mark deleted [
1461 silly reify   '/Users/khavasfayzullaevgmail.com/Documents/test-platform-deploy/node_modules/@esbuild/linux-x64'
1461 silly reify ]
1462 verbose reify failed optional dependency /Users/khavasfayzullaevgmail.com/Documents/test-platform-deploy/node_modules/@esbuild/linux-s390x
1463 silly reify mark deleted [
1463 silly reify   '/Users/khavasfayzullaevgmail.com/Documents/test-platform-deploy/node_modules/@esbuild/linux-s390x'
1463 silly reify ]
1464 verbose reify failed optional dependency /Users/khavasfayzullaevgmail.com/Documents/test-platform-deploy/node_modules/@esbuild/linux-riscv64
1465 silly reify mark deleted [
1465 silly reify   '/Users/khavasfayzullaevgmail.com/Documents/test-platform-deploy/node_modules/@esbuild/linux-riscv64'
1465 silly reify ]
1466 verbose reify failed optional dependency /Users/khavasfayzullaevgmail.com/Documents/test-platform-deploy/node_modules/@esbuild/linux-ppc64
1467 silly reify mark deleted [
1467 silly reify   '/Users/khavasfayzullaevgmail.com/Documents/test-platform-deploy/node_modules/@esbuild/linux-ppc64'
1467 silly reify ]
1468 verbose reify failed optional dependency /Users/khavasfayzullaevgmail.com/Documents/test-platform-deploy/node_modules/@esbuild/linux-mips64el
1469 silly reify mark deleted [
1469 silly reify   '/Users/khavasfayzullaevgmail.com/Documents/test-platform-deploy/node_modules/@esbuild/linux-mips64el'
1469 silly reify ]
1470 verbose reify failed optional dependency /Users/khavasfayzullaevgmail.com/Documents/test-platform-deploy/node_modules/@esbuild/linux-loong64
1471 silly reify mark deleted [
1471 silly reify   '/Users/khavasfayzullaevgmail.com/Documents/test-platform-deploy/node_modules/@esbuild/linux-loong64'
1471 silly reify ]
1472 verbose reify failed optional dependency /Users/khavasfayzullaevgmail.com/Documents/test-platform-deploy/node_modules/@esbuild/linux-ia32
1473 silly reify mark deleted [
1473 silly reify   '/Users/khavasfayzullaevgmail.com/Documents/test-platform-deploy/node_modules/@esbuild/linux-ia32'
1473 silly reify ]
1474 verbose reify failed optional dependency /Users/khavasfayzullaevgmail.com/Documents/test-platform-deploy/node_modules/@esbuild/linux-arm64
1475 silly reify mark deleted [
1475 silly reify   '/Users/khavasfayzullaevgmail.com/Documents/test-platform-deploy/node_modules/@esbuild/linux-arm64'
1475 silly reify ]
1476 verbose reify failed optional dependency /Users/khavasfayzullaevgmail.com/Documents/test-platform-deploy/node_modules/@esbuild/linux-arm
1477 silly reify mark deleted [
1477 silly reify   '/Users/khavasfayzullaevgmail.com/Documents/test-platform-deploy/node_modules/@esbuild/linux-arm'
1477 silly reify ]
1478 verbose reify failed optional dependency /Users/khavasfayzullaevgmail.com/Documents/test-platform-deploy/node_modules/@esbuild/freebsd-x64
1479 silly reify mark deleted [
1479 silly reify   '/Users/khavasfayzullaevgmail.com/Documents/test-platform-deploy/node_modules/@esbuild/freebsd-x64'
1479 silly reify ]
1480 verbose reify failed optional dependency /Users/khavasfayzullaevgmail.com/Documents/test-platform-deploy/node_modules/@esbuild/freebsd-arm64
1481 silly reify mark deleted [
1481 silly reify   '/Users/khavasfayzullaevgmail.com/Documents/test-platform-deploy/node_modules/@esbuild/freebsd-arm64'
1481 silly reify ]
1482 verbose reify failed optional dependency /Users/khavasfayzullaevgmail.com/Documents/test-platform-deploy/node_modules/@esbuild/darwin-x64
1483 silly reify mark deleted [
1483 silly reify   '/Users/khavasfayzullaevgmail.com/Documents/test-platform-deploy/node_modules/@esbuild/darwin-x64'
1483 silly reify ]
1484 verbose reify failed optional dependency /Users/khavasfayzullaevgmail.com/Documents/test-platform-deploy/node_modules/@esbuild/android-x64
1485 silly reify mark deleted [
1485 silly reify   '/Users/khavasfayzullaevgmail.com/Documents/test-platform-deploy/node_modules/@esbuild/android-x64'
1485 silly reify ]
1486 verbose reify failed optional dependency /Users/khavasfayzullaevgmail.com/Documents/test-platform-deploy/node_modules/@esbuild/android-arm64
1487 silly reify mark deleted [
1487 silly reify   '/Users/khavasfayzullaevgmail.com/Documents/test-platform-deploy/node_modules/@esbuild/android-arm64'
1487 silly reify ]
1488 verbose reify failed optional dependency /Users/khavasfayzullaevgmail.com/Documents/test-platform-deploy/node_modules/@esbuild/android-arm
1489 silly reify mark deleted [
1489 silly reify   '/Users/khavasfayzullaevgmail.com/Documents/test-platform-deploy/node_modules/@esbuild/android-arm'
1489 silly reify ]
1490 verbose reify failed optional dependency /Users/khavasfayzullaevgmail.com/Documents/test-platform-deploy/node_modules/@esbuild/aix-ppc64
1491 silly reify mark deleted [
1491 silly reify   '/Users/khavasfayzullaevgmail.com/Documents/test-platform-deploy/node_modules/@esbuild/aix-ppc64'
1491 silly reify ]
1492 timing reifyNode:node_modules/@rollup/rollup-win32-x64-msvc Completed in 39ms
1493 timing reifyNode:node_modules/@rollup/rollup-win32-x64-gnu Completed in 39ms
1494 timing reifyNode:node_modules/@rollup/rollup-win32-ia32-msvc Completed in 39ms
1495 timing reifyNode:node_modules/@rollup/rollup-win32-arm64-msvc Completed in 39ms
1496 timing reifyNode:node_modules/@rollup/rollup-openharmony-arm64 Completed in 38ms
1497 timing reifyNode:node_modules/@rollup/rollup-openbsd-x64 Completed in 38ms
1498 timing reifyNode:node_modules/@rollup/rollup-linux-x64-musl Completed in 38ms
1499 timing reifyNode:node_modules/@rollup/rollup-linux-x64-gnu Completed in 38ms
1500 timing reifyNode:node_modules/@rollup/rollup-linux-s390x-gnu Completed in 38ms
1501 timing reifyNode:node_modules/@rollup/rollup-linux-riscv64-musl Completed in 39ms
1502 timing reifyNode:node_modules/@rollup/rollup-linux-riscv64-gnu Completed in 39ms
1503 timing reifyNode:node_modules/@rollup/rollup-linux-ppc64-musl Completed in 39ms
1504 timing reifyNode:node_modules/@rollup/rollup-linux-ppc64-gnu Completed in 39ms
1505 timing reifyNode:node_modules/@rollup/rollup-linux-loong64-musl Completed in 39ms
1506 timing reifyNode:node_modules/@rollup/rollup-linux-loong64-gnu Completed in 39ms
1507 timing reifyNode:node_modules/@rollup/rollup-linux-arm64-musl Completed in 39ms
1508 timing reifyNode:node_modules/@rollup/rollup-linux-arm64-gnu Completed in 39ms
1509 timing reifyNode:node_modules/@rollup/rollup-linux-arm-musleabihf Completed in 39ms
1510 timing reifyNode:node_modules/@rollup/rollup-linux-arm-gnueabihf Completed in 39ms
1511 timing reifyNode:node_modules/@rollup/rollup-freebsd-x64 Completed in 39ms
1512 timing reifyNode:node_modules/@rollup/rollup-freebsd-arm64 Completed in 39ms
1513 timing reifyNode:node_modules/@rollup/rollup-darwin-x64 Completed in 39ms
1514 timing reifyNode:node_modules/@rollup/rollup-android-arm64 Completed in 39ms
1515 timing reifyNode:node_modules/@rollup/rollup-android-arm-eabi Completed in 39ms
1516 timing reifyNode:node_modules/@esbuild/win32-x64 Completed in 38ms
1517 timing reifyNode:node_modules/@esbuild/win32-ia32 Completed in 38ms
1518 timing reifyNode:node_modules/@esbuild/win32-arm64 Completed in 38ms
1519 timing reifyNode:node_modules/@esbuild/sunos-x64 Completed in 38ms
1520 timing reifyNode:node_modules/@esbuild/openbsd-x64 Completed in 38ms
1521 timing reifyNode:node_modules/@esbuild/netbsd-x64 Completed in 38ms
1522 timing reifyNode:node_modules/@esbuild/linux-x64 Completed in 39ms
1523 timing reifyNode:node_modules/@esbuild/linux-s390x Completed in 39ms
1524 timing reifyNode:node_modules/@esbuild/linux-riscv64 Completed in 39ms
1525 timing reifyNode:node_modules/@esbuild/linux-ppc64 Completed in 39ms
1526 timing reifyNode:node_modules/@esbuild/linux-mips64el Completed in 39ms
1527 timing reifyNode:node_modules/@esbuild/linux-loong64 Completed in 39ms
1528 timing reifyNode:node_modules/@esbuild/linux-ia32 Completed in 39ms
1529 timing reifyNode:node_modules/@esbuild/linux-arm64 Completed in 39ms
1530 timing reifyNode:node_modules/@esbuild/linux-arm Completed in 39ms
1531 timing reifyNode:node_modules/@esbuild/freebsd-x64 Completed in 39ms
1532 timing reifyNode:node_modules/@esbuild/freebsd-arm64 Completed in 39ms
1533 timing reifyNode:node_modules/@esbuild/darwin-x64 Completed in 39ms
1534 timing reifyNode:node_modules/@esbuild/android-x64 Completed in 39ms
1535 timing reifyNode:node_modules/@esbuild/android-arm64 Completed in 39ms
1536 timing reifyNode:node_modules/@esbuild/android-arm Completed in 38ms
1537 timing reifyNode:node_modules/@esbuild/aix-ppc64 Completed in 38ms
1538 silly tarball no local data for is-weakset@https://registry.npmjs.org/is-weakset/-/is-weakset-2.0.4.tgz. Extracting by manifest.
1539 silly tarball no local data for is-map@https://registry.npmjs.org/is-map/-/is-map-2.0.3.tgz. Extracting by manifest.
1540 silly tarball no local data for is-weakmap@https://registry.npmjs.org/is-weakmap/-/is-weakmap-2.0.2.tgz. Extracting by manifest.
1541 silly tarball no local data for async-function@https://registry.npmjs.org/async-function/-/async-function-1.0.0.tgz. Extracting by manifest.
1542 silly tarball no local data for which-collection@https://registry.npmjs.org/which-collection/-/which-collection-1.0.2.tgz. Extracting by manifest.
1543 silly tarball no local data for is-async-function@https://registry.npmjs.org/is-async-function/-/is-async-function-2.1.1.tgz. Extracting by manifest.
1544 silly tarball no local data for is-finalizationregistry@https://registry.npmjs.org/is-finalizationregistry/-/is-finalizationregistry-1.1.1.tgz. Extracting by manifest.
1545 silly tarball no local data for generator-function@https://registry.npmjs.org/generator-function/-/generator-function-2.0.1.tgz. Extracting by manifest.
1546 silly tarball no local data for is-generator-function@https://registry.npmjs.org/is-generator-function/-/is-generator-function-1.1.2.tgz. Extracting by manifest.
1547 silly tarball no local data for is-bigint@https://registry.npmjs.org/is-bigint/-/is-bigint-1.1.0.tgz. Extracting by manifest.
1548 silly tarball no local data for is-boolean-object@https://registry.npmjs.org/is-boolean-object/-/is-boolean-object-1.2.2.tgz. Extracting by manifest.
1549 silly tarball no local data for @rollup/rollup-darwin-arm64@https://registry.npmjs.org/@rollup/rollup-darwin-arm64/-/rollup-darwin-arm64-4.59.0.tgz. Extracting by manifest.
1550 silly tarball no local data for source-map-js@https://registry.npmjs.org/source-map-js/-/source-map-js-1.2.1.tgz. Extracting by manifest.
1551 silly tarball no local data for nanoid@https://registry.npmjs.org/nanoid/-/nanoid-3.3.11.tgz. Extracting by manifest.
1552 silly tarball no local data for @esbuild/darwin-arm64@https://registry.npmjs.org/@esbuild/darwin-arm64/-/darwin-arm64-0.21.5.tgz. Extracting by manifest.
1553 silly tarball no local data for postcss@https://registry.npmjs.org/postcss/-/postcss-8.5.6.tgz. Extracting by manifest.
1554 silly tarball no local data for esbuild@https://registry.npmjs.org/esbuild/-/esbuild-0.21.5.tgz. Extracting by manifest.
1555 silly tarball no local data for is-number-object@https://registry.npmjs.org/is-number-object/-/is-number-object-1.1.1.tgz. Extracting by manifest.
1556 silly tarball no local data for escalade@https://registry.npmjs.org/escalade/-/escalade-3.2.0.tgz. Extracting by manifest.
1557 silly tarball no local data for rollup@https://registry.npmjs.org/rollup/-/rollup-4.59.0.tgz. Extracting by manifest.
1558 silly tarball no local data for which-boxed-primitive@https://registry.npmjs.org/which-boxed-primitive/-/which-boxed-primitive-1.1.1.tgz. Extracting by manifest.
1559 silly tarball no local data for has-bigints@https://registry.npmjs.org/has-bigints/-/has-bigints-1.1.0.tgz. Extracting by manifest.
1560 silly tarball no local data for which-builtin-type@https://registry.npmjs.org/which-builtin-type/-/which-builtin-type-1.2.1.tgz. Extracting by manifest.
1561 silly tarball no local data for for-each@https://registry.npmjs.org/for-each/-/for-each-0.3.5.tgz. Extracting by manifest.
1562 silly tarball no local data for reflect.getprototypeof@https://registry.npmjs.org/reflect.getprototypeof/-/reflect.getprototypeof-1.0.10.tgz. Extracting by manifest.
1563 silly tarball no local data for has-flag@https://registry.npmjs.org/has-flag/-/has-flag-4.0.0.tgz. Extracting by manifest.
1564 silly tarball no local data for side-channel-weakmap@https://registry.npmjs.org/side-channel-weakmap/-/side-channel-weakmap-1.0.2.tgz. Extracting by manifest.
1565 silly tarball no local data for side-channel-list@https://registry.npmjs.org/side-channel-list/-/side-channel-list-1.0.0.tgz. Extracting by manifest.
1566 silly tarball no local data for isarray@https://registry.npmjs.org/isarray/-/isarray-2.0.5.tgz. Extracting by manifest.
1567 silly tarball no local data for path-parse@https://registry.npmjs.org/path-parse/-/path-parse-1.0.7.tgz. Extracting by manifest.
1568 silly tarball no local data for is-core-module@https://registry.npmjs.org/is-core-module/-/is-core-module-2.16.1.tgz. Extracting by manifest.
1569 silly tarball no local data for side-channel-map@https://registry.npmjs.org/side-channel-map/-/side-channel-map-1.0.1.tgz. Extracting by manifest.
1570 silly tarball no local data for set-cookie-parser@https://registry.npmjs.org/set-cookie-parser/-/set-cookie-parser-2.7.2.tgz. Extracting by manifest.
1571 silly tarball no local data for node-exports-info@https://registry.npmjs.org/node-exports-info/-/node-exports-info-1.6.0.tgz. Extracting by manifest.
1572 silly tarball no local data for supports-preserve-symlinks-flag@https://registry.npmjs.org/supports-preserve-symlinks-flag/-/supports-preserve-symlinks-flag-1.0.0.tgz. Extracting by manifest.
1573 silly tarball no local data for react-router@https://registry.npmjs.org/react-router/-/react-router-7.13.0.tgz. Extracting by manifest.
1574 silly tarball no local data for cookie@https://registry.npmjs.org/cookie/-/cookie-1.1.1.tgz. Extracting by manifest.
1575 silly tarball no local data for object-assign@https://registry.npmjs.org/object-assign/-/object-assign-4.1.1.tgz. Extracting by manifest.
1576 silly tarball no local data for react-is@https://registry.npmjs.org/react-is/-/react-is-16.13.1.tgz. Extracting by manifest.
1577 silly tarball no local data for loose-envify@https://registry.npmjs.org/loose-envify/-/loose-envify-1.4.0.tgz. Extracting by manifest.
1578 silly tarball no local data for callsites@https://registry.npmjs.org/callsites/-/callsites-3.1.0.tgz. Extracting by manifest.
1579 silly tarball no local data for yocto-queue@https://registry.npmjs.org/yocto-queue/-/yocto-queue-0.1.0.tgz. Extracting by manifest.
1580 silly tarball no local data for p-limit@https://registry.npmjs.org/p-limit/-/p-limit-3.1.0.tgz. Extracting by manifest.
1581 silly tarball no local data for fast-levenshtein@https://registry.npmjs.org/fast-levenshtein/-/fast-levenshtein-2.0.6.tgz. Extracting by manifest.
1582 silly tarball no local data for deep-is@https://registry.npmjs.org/deep-is/-/deep-is-0.1.4.tgz. Extracting by manifest.
1583 silly tarball no local data for yallist@https://registry.npmjs.org/yallist/-/yallist-3.1.1.tgz. Extracting by manifest.
1584 silly tarball no local data for p-locate@https://registry.npmjs.org/p-locate/-/p-locate-5.0.0.tgz. Extracting by manifest.
1585 silly tarball no local data for word-wrap@https://registry.npmjs.org/word-wrap/-/word-wrap-1.2.5.tgz. Extracting by manifest.
1586 silly tarball no local data for type-check@https://registry.npmjs.org/type-check/-/type-check-0.4.0.tgz. Extracting by manifest.
1587 silly tarball no local data for prelude-ls@https://registry.npmjs.org/prelude-ls/-/prelude-ls-1.2.1.tgz. Extracting by manifest.
1588 silly tarball no local data for json-buffer@https://registry.npmjs.org/json-buffer/-/json-buffer-3.0.1.tgz. Extracting by manifest.
1589 silly tarball no local data for array.prototype.flat@https://registry.npmjs.org/array.prototype.flat/-/array.prototype.flat-1.3.3.tgz. Extracting by manifest.
1590 silly tarball no local data for set-function-name@https://registry.npmjs.org/set-function-name/-/set-function-name-2.0.2.tgz. Extracting by manifest.
1591 silly tarball no local data for side-channel@https://registry.npmjs.org/side-channel/-/side-channel-1.1.0.tgz. Extracting by manifest.
1592 silly tarball no local data for resolve-from@https://registry.npmjs.org/resolve-from/-/resolve-from-4.0.0.tgz. Extracting by manifest.
1593 silly tarball no local data for functions-have-names@https://registry.npmjs.org/functions-have-names/-/functions-have-names-1.2.3.tgz. Extracting by manifest.
1594 silly tarball no local data for parent-module@https://registry.npmjs.org/parent-module/-/parent-module-1.0.1.tgz. Extracting by manifest.
1595 silly tarball no local data for scheduler@https://registry.npmjs.org/scheduler/-/scheduler-0.23.2.tgz. Extracting by manifest.
1596 silly tarball no local data for flatted@https://registry.npmjs.org/flatted/-/flatted-3.3.3.tgz. Extracting by manifest.
1597 silly tarball no local data for acorn-jsx@https://registry.npmjs.org/acorn-jsx/-/acorn-jsx-5.3.2.tgz. Extracting by manifest.
1598 silly tarball no local data for path-exists@https://registry.npmjs.org/path-exists/-/path-exists-4.0.0.tgz. Extracting by manifest.
1599 silly tarball no local data for flat-cache@https://registry.npmjs.org/flat-cache/-/flat-cache-4.0.1.tgz. Extracting by manifest.
1600 silly tarball no local data for locate-path@https://registry.npmjs.org/locate-path/-/locate-path-6.0.0.tgz. Extracting by manifest.
1601 silly tarball no local data for esrecurse@https://registry.npmjs.org/esrecurse/-/esrecurse-4.3.0.tgz. Extracting by manifest.
1602 silly tarball no local data for is-symbol@https://registry.npmjs.org/is-symbol/-/is-symbol-1.1.1.tgz. Extracting by manifest.
1603 silly tarball no local data for is-date-object@https://registry.npmjs.org/is-date-object/-/is-date-object-1.1.0.tgz. Extracting by manifest.
1604 silly tarball no local data for possible-typed-array-names@https://registry.npmjs.org/possible-typed-array-names/-/possible-typed-array-names-1.1.0.tgz. Extracting by manifest.
1605 silly tarball no local data for keyv@https://registry.npmjs.org/keyv/-/keyv-4.5.4.tgz. Extracting by manifest.
1606 silly tarball no local data for unbox-primitive@https://registry.npmjs.org/unbox-primitive/-/unbox-primitive-1.1.0.tgz. Extracting by manifest.
1607 silly tarball no local data for typed-array-length@https://registry.npmjs.org/typed-array-length/-/typed-array-length-1.0.7.tgz. Extracting by manifest.
1608 silly tarball no local data for which-typed-array@https://registry.npmjs.org/which-typed-array/-/which-typed-array-1.1.20.tgz. Extracting by manifest.
1609 silly tarball no local data for string.prototype.trimstart@https://registry.npmjs.org/string.prototype.trimstart/-/string.prototype.trimstart-1.0.8.tgz. Extracting by manifest.
1610 silly tarball no local data for typed-array-byte-length@https://registry.npmjs.org/typed-array-byte-length/-/typed-array-byte-length-1.0.3.tgz. Extracting by manifest.
1611 silly tarball no local data for typed-array-byte-offset@https://registry.npmjs.org/typed-array-byte-offset/-/typed-array-byte-offset-1.0.4.tgz. Extracting by manifest.
1612 silly tarball no local data for typed-array-buffer@https://registry.npmjs.org/typed-array-buffer/-/typed-array-buffer-1.0.3.tgz. Extracting by manifest.
1613 silly tarball no local data for string.prototype.trimend@https://registry.npmjs.org/string.prototype.trimend/-/string.prototype.trimend-1.0.9.tgz. Extracting by manifest.
1614 silly tarball no local data for iterator.prototype@https://registry.npmjs.org/iterator.prototype/-/iterator.prototype-1.1.5.tgz. Extracting by manifest.
1615 silly tarball no local data for stop-iteration-iterator@https://registry.npmjs.org/stop-iteration-iterator/-/stop-iteration-iterator-1.1.0.tgz. Extracting by manifest.
1616 silly tarball no local data for safe-regex-test@https://registry.npmjs.org/safe-regex-test/-/safe-regex-test-1.1.0.tgz. Extracting by manifest.
1617 silly tarball no local data for safe-array-concat@https://registry.npmjs.org/safe-array-concat/-/safe-array-concat-1.1.3.tgz. Extracting by manifest.
1618 silly tarball no local data for regexp.prototype.flags@https://registry.npmjs.org/regexp.prototype.flags/-/regexp.prototype.flags-1.5.4.tgz. Extracting by manifest.
1619 silly tarball no local data for set-proto@https://registry.npmjs.org/set-proto/-/set-proto-1.0.0.tgz. Extracting by manifest.
1620 silly tarball no local data for safe-push-apply@https://registry.npmjs.org/safe-push-apply/-/safe-push-apply-1.0.0.tgz. Extracting by manifest.
1621 silly tarball no local data for own-keys@https://registry.npmjs.org/own-keys/-/own-keys-1.0.1.tgz. Extracting by manifest.
1622 silly tarball no local data for object-inspect@https://registry.npmjs.org/object-inspect/-/object-inspect-1.13.4.tgz. Extracting by manifest.
1623 silly tarball no local data for object.assign@https://registry.npmjs.org/object.assign/-/object.assign-4.1.7.tgz. Extracting by manifest.
1624 silly tarball no local data for is-weakref@https://registry.npmjs.org/is-weakref/-/is-weakref-1.1.1.tgz. Extracting by manifest.
1625 silly tarball no local data for string.prototype.trim@https://registry.npmjs.org/string.prototype.trim/-/string.prototype.trim-1.2.10.tgz. Extracting by manifest.
1626 silly tarball no local data for is-set@https://registry.npmjs.org/is-set/-/is-set-2.0.3.tgz. Extracting by manifest.
1627 silly tarball no local data for is-regex@https://registry.npmjs.org/is-regex/-/is-regex-1.2.1.tgz. Extracting by manifest.
1628 silly tarball no local data for is-negative-zero@https://registry.npmjs.org/is-negative-zero/-/is-negative-zero-2.0.3.tgz. Extracting by manifest.
1629 silly tarball no local data for is-shared-array-buffer@https://registry.npmjs.org/is-shared-array-buffer/-/is-shared-array-buffer-1.0.4.tgz. Extracting by manifest.
1630 silly tarball no local data for is-data-view@https://registry.npmjs.org/is-data-view/-/is-data-view-1.0.2.tgz. Extracting by manifest.
1631 silly tarball no local data for is-callable@https://registry.npmjs.org/is-callable/-/is-callable-1.2.7.tgz. Extracting by manifest.
1632 silly tarball no local data for is-array-buffer@https://registry.npmjs.org/is-array-buffer/-/is-array-buffer-3.0.5.tgz. Extracting by manifest.
1633 silly tarball no local data for internal-slot@https://registry.npmjs.org/internal-slot/-/internal-slot-1.1.0.tgz. Extracting by manifest.
1634 silly tarball no local data for has-proto@https://registry.npmjs.org/has-proto/-/has-proto-1.2.0.tgz. Extracting by manifest.
1635 silly tarball no local data for globalthis@https://registry.npmjs.org/globalthis/-/globalthis-1.0.4.tgz. Extracting by manifest.
1636 silly tarball no local data for get-symbol-description@https://registry.npmjs.org/get-symbol-description/-/get-symbol-description-1.1.0.tgz. Extracting by manifest.
1637 silly tarball no local data for function.prototype.name@https://registry.npmjs.org/function.prototype.name/-/function.prototype.name-1.1.8.tgz. Extracting by manifest.
1638 silly tarball no local data for is-typed-array@https://registry.npmjs.org/is-typed-array/-/is-typed-array-1.1.15.tgz. Extracting by manifest.
1639 silly tarball no local data for data-view-byte-offset@https://registry.npmjs.org/data-view-byte-offset/-/data-view-byte-offset-1.0.1.tgz. Extracting by manifest.
1640 silly tarball no local data for es-to-primitive@https://registry.npmjs.org/es-to-primitive/-/es-to-primitive-1.3.0.tgz. Extracting by manifest.
1641 silly tarball no local data for data-view-buffer@https://registry.npmjs.org/data-view-buffer/-/data-view-buffer-1.0.2.tgz. Extracting by manifest.
1642 silly tarball no local data for available-typed-arrays@https://registry.npmjs.org/available-typed-arrays/-/available-typed-arrays-1.0.7.tgz. Extracting by manifest.
1643 silly tarball no local data for array-buffer-byte-length@https://registry.npmjs.org/array-buffer-byte-length/-/array-buffer-byte-length-1.0.2.tgz. Extracting by manifest.
1644 silly tarball no local data for data-view-byte-length@https://registry.npmjs.org/data-view-byte-length/-/data-view-byte-length-1.0.2.tgz. Extracting by manifest.
1645 silly tarball no local data for arraybuffer.prototype.slice@https://registry.npmjs.org/arraybuffer.prototype.slice/-/arraybuffer.prototype.slice-1.0.4.tgz. Extracting by manifest.
1646 silly tarball no local data for define-data-property@https://registry.npmjs.org/define-data-property/-/define-data-property-1.1.4.tgz. Extracting by manifest.
1647 silly tarball no local data for object-keys@https://registry.npmjs.org/object-keys/-/object-keys-1.1.1.tgz. Extracting by manifest.
1648 silly tarball no local data for has-property-descriptors@https://registry.npmjs.org/has-property-descriptors/-/has-property-descriptors-1.0.2.tgz. Extracting by manifest.
1649 silly tarball no local data for set-function-length@https://registry.npmjs.org/set-function-length/-/set-function-length-1.2.2.tgz. Extracting by manifest.
1650 silly tarball no local data for es-shim-unscopables@https://registry.npmjs.org/es-shim-unscopables/-/es-shim-unscopables-1.1.0.tgz. Extracting by manifest.
1651 silly tarball no local data for is-string@https://registry.npmjs.org/is-string/-/is-string-1.1.1.tgz. Extracting by manifest.
1652 silly tarball no local data for es-abstract@https://registry.npmjs.org/es-abstract/-/es-abstract-1.24.1.tgz. Extracting by manifest.
1653 silly tarball no local data for call-bind@https://registry.npmjs.org/call-bind/-/call-bind-1.0.8.tgz. Extracting by manifest.
1654 silly tarball no local data for define-properties@https://registry.npmjs.org/define-properties/-/define-properties-1.2.1.tgz. Extracting by manifest.
1655 silly tarball no local data for string.prototype.matchall@https://registry.npmjs.org/string.prototype.matchall/-/string.prototype.matchall-4.0.12.tgz. Extracting by manifest.
1656 silly tarball no local data for resolve@https://registry.npmjs.org/resolve/-/resolve-2.0.0-next.6.tgz. Extracting by manifest.
1657 silly tarball no local data for string.prototype.repeat@https://registry.npmjs.org/string.prototype.repeat/-/string.prototype.repeat-1.0.0.tgz. Extracting by manifest.
1658 silly tarball no local data for object.fromentries@https://registry.npmjs.org/object.fromentries/-/object.fromentries-2.0.8.tgz. Extracting by manifest.
1659 silly tarball no local data for prop-types@https://registry.npmjs.org/prop-types/-/prop-types-15.8.1.tgz. Extracting by manifest.
1660 silly tarball no local data for object.entries@https://registry.npmjs.org/object.entries/-/object.entries-1.1.9.tgz. Extracting by manifest.
1661 silly tarball no local data for jsx-ast-utils@https://registry.npmjs.org/jsx-ast-utils/-/jsx-ast-utils-3.3.5.tgz. Extracting by manifest.
1662 silly tarball no local data for es-iterator-helpers@https://registry.npmjs.org/es-iterator-helpers/-/es-iterator-helpers-1.2.2.tgz. Extracting by manifest.
1663 silly tarball no local data for call-bound@https://registry.npmjs.org/call-bound/-/call-bound-1.0.4.tgz. Extracting by manifest.
1664 silly tarball no local data for array.prototype.tosorted@https://registry.npmjs.org/array.prototype.tosorted/-/array.prototype.tosorted-1.1.4.tgz. Extracting by manifest.
1665 silly tarball no local data for array-includes@https://registry.npmjs.org/array-includes/-/array-includes-3.1.9.tgz. Extracting by manifest.
1666 silly tarball no local data for object.values@https://registry.npmjs.org/object.values/-/object.values-1.2.1.tgz. Extracting by manifest.
1667 silly tarball no local data for array.prototype.flatmap@https://registry.npmjs.org/array.prototype.flatmap/-/array.prototype.flatmap-1.3.3.tgz. Extracting by manifest.
1668 silly tarball no local data for doctrine@https://registry.npmjs.org/doctrine/-/doctrine-2.1.0.tgz. Extracting by manifest.
1669 silly tarball no local data for supports-color@https://registry.npmjs.org/supports-color/-/supports-color-7.2.0.tgz. Extracting by manifest.
1670 silly tarball no local data for color-name@https://registry.npmjs.org/color-name/-/color-name-1.1.4.tgz. Extracting by manifest.
1671 silly tarball no local data for ansi-styles@https://registry.npmjs.org/ansi-styles/-/ansi-styles-4.3.0.tgz. Extracting by manifest.
1672 silly tarball no local data for array.prototype.findlast@https://registry.npmjs.org/array.prototype.findlast/-/array.prototype.findlast-1.2.5.tgz. Extracting by manifest.
1673 silly tarball no local data for color-convert@https://registry.npmjs.org/color-convert/-/color-convert-2.0.1.tgz. Extracting by manifest.
1674 silly tarball no local data for strip-json-comments@https://registry.npmjs.org/strip-json-comments/-/strip-json-comments-3.1.1.tgz. Extracting by manifest.
1675 silly tarball no local data for fast-json-stable-stringify@https://registry.npmjs.org/fast-json-stable-stringify/-/fast-json-stable-stringify-2.1.0.tgz. Extracting by manifest.
1676 silly tarball no local data for levn@https://registry.npmjs.org/levn/-/levn-0.4.1.tgz. Extracting by manifest.
1677 silly tarball no local data for import-fresh@https://registry.npmjs.org/import-fresh/-/import-fresh-3.3.1.tgz. Extracting by manifest.
1678 silly tarball no local data for @humanfs/core@https://registry.npmjs.org/@humanfs/core/-/core-0.19.1.tgz. Extracting by manifest.
1679 silly tarball no local data for @eslint/object-schema@https://registry.npmjs.org/@eslint/object-schema/-/object-schema-2.1.7.tgz. Extracting by manifest.
1680 silly tarball no local data for natural-compare@https://registry.npmjs.org/natural-compare/-/natural-compare-1.4.0.tgz. Extracting by manifest.
1681 silly tarball no local data for optionator@https://registry.npmjs.org/optionator/-/optionator-0.9.4.tgz. Extracting by manifest.
1682 silly tarball no local data for lodash.merge@https://registry.npmjs.org/lodash.merge/-/lodash.merge-4.6.2.tgz. Extracting by manifest.
1683 silly tarball no local data for json-stable-stringify-without-jsonify@https://registry.npmjs.org/json-stable-stringify-without-jsonify/-/json-stable-stringify-without-jsonify-1.0.1.tgz. Extracting by manifest.
1684 silly tarball no local data for ignore@https://registry.npmjs.org/ignore/-/ignore-5.3.2.tgz. Extracting by manifest.
1685 silly tarball no local data for find-up@https://registry.npmjs.org/find-up/-/find-up-5.0.0.tgz. Extracting by manifest.
1686 silly tarball no local data for file-entry-cache@https://registry.npmjs.org/file-entry-cache/-/file-entry-cache-8.0.0.tgz. Extracting by manifest.
1687 silly tarball no local data for esquery@https://registry.npmjs.org/esquery/-/esquery-1.7.0.tgz. Extracting by manifest.
1688 silly tarball no local data for espree@https://registry.npmjs.org/espree/-/espree-10.4.0.tgz. Extracting by manifest.
1689 silly tarball no local data for eslint-visitor-keys@https://registry.npmjs.org/eslint-visitor-keys/-/eslint-visitor-keys-4.2.1.tgz. Extracting by manifest.
1690 silly tarball no local data for json-schema-traverse@https://registry.npmjs.org/json-schema-traverse/-/json-schema-traverse-0.4.1.tgz. Extracting by manifest.
1691 silly tarball no local data for eslint-scope@https://registry.npmjs.org/eslint-scope/-/eslint-scope-8.4.0.tgz. Extracting by manifest.
1692 silly tarball no local data for chalk@https://registry.npmjs.org/chalk/-/chalk-4.1.2.tgz. Extracting by manifest.
1693 silly tarball no local data for imurmurhash@https://registry.npmjs.org/imurmurhash/-/imurmurhash-0.1.4.tgz. Extracting by manifest.
1694 silly tarball no local data for ajv@https://registry.npmjs.org/ajv/-/ajv-6.14.0.tgz. Extracting by manifest.
1695 silly tarball no local data for @humanwhocodes/retry@https://registry.npmjs.org/@humanwhocodes/retry/-/retry-0.4.3.tgz. Extracting by manifest.
1696 silly tarball no local data for @humanwhocodes/module-importer@https://registry.npmjs.org/@humanwhocodes/module-importer/-/module-importer-1.0.1.tgz. Extracting by manifest.
1697 silly tarball no local data for @humanfs/node@https://registry.npmjs.org/@humanfs/node/-/node-0.16.7.tgz. Extracting by manifest.
1698 silly tarball no local data for @eslint/plugin-kit@https://registry.npmjs.org/@eslint/plugin-kit/-/plugin-kit-0.4.1.tgz. Extracting by manifest.
1699 silly tarball no local data for @eslint/eslintrc@https://registry.npmjs.org/@eslint/eslintrc/-/eslintrc-3.3.3.tgz. Extracting by manifest.
1700 silly tarball no local data for @eslint/core@https://registry.npmjs.org/@eslint/core/-/core-0.17.0.tgz. Extracting by manifest.
1701 silly tarball no local data for @eslint/config-helpers@https://registry.npmjs.org/@eslint/config-helpers/-/config-helpers-0.4.2.tgz. Extracting by manifest.
1702 silly tarball no local data for @eslint/config-array@https://registry.npmjs.org/@eslint/config-array/-/config-array-0.21.1.tgz. Extracting by manifest.
1703 silly tarball no local data for @eslint-community/regexpp@https://registry.npmjs.org/@eslint-community/regexpp/-/regexpp-4.12.2.tgz. Extracting by manifest.
1704 silly tarball no local data for ms@https://registry.npmjs.org/ms/-/ms-2.1.3.tgz. Extracting by manifest.
1705 silly tarball no local data for @eslint-community/eslint-utils@https://registry.npmjs.org/@eslint-community/eslint-utils/-/eslint-utils-4.9.1.tgz. Extracting by manifest.
1706 silly tarball no local data for update-browserslist-db@https://registry.npmjs.org/update-browserslist-db/-/update-browserslist-db-1.2.3.tgz. Extracting by manifest.
1707 silly tarball no local data for node-releases@https://registry.npmjs.org/node-releases/-/node-releases-2.0.27.tgz. Extracting by manifest.
1708 silly tarball no local data for electron-to-chromium@https://registry.npmjs.org/electron-to-chromium/-/electron-to-chromium-1.5.302.tgz. Extracting by manifest.
1709 silly tarball no local data for caniuse-lite@https://registry.npmjs.org/caniuse-lite/-/caniuse-lite-1.0.30001774.tgz. Extracting by manifest.
1710 silly tarball no local data for baseline-browser-mapping@https://registry.npmjs.org/baseline-browser-mapping/-/baseline-browser-mapping-2.10.0.tgz. Extracting by manifest.
1711 silly tarball no local data for @types/babel__traverse@https://registry.npmjs.org/@types/babel__traverse/-/babel__traverse-7.28.0.tgz. Extracting by manifest.
1712 silly tarball no local data for @types/babel__template@https://registry.npmjs.org/@types/babel__template/-/babel__template-7.4.4.tgz. Extracting by manifest.
1713 silly tarball no local data for @types/babel__generator@https://registry.npmjs.org/@types/babel__generator/-/babel__generator-7.27.0.tgz. Extracting by manifest.
1714 silly tarball no local data for escape-string-regexp@https://registry.npmjs.org/escape-string-regexp/-/escape-string-regexp-4.0.0.tgz. Extracting by manifest.
1715 silly tarball no local data for @jridgewell/resolve-uri@https://registry.npmjs.org/@jridgewell/resolve-uri/-/resolve-uri-3.1.2.tgz. Extracting by manifest.
1716 silly tarball no local data for @jridgewell/sourcemap-codec@https://registry.npmjs.org/@jridgewell/sourcemap-codec/-/sourcemap-codec-1.5.5.tgz. Extracting by manifest.
1717 silly tarball no local data for @babel/helper-string-parser@https://registry.npmjs.org/@babel/helper-string-parser/-/helper-string-parser-7.27.1.tgz. Extracting by manifest.
1718 silly tarball no local data for @babel/helper-plugin-utils@https://registry.npmjs.org/@babel/helper-plugin-utils/-/helper-plugin-utils-7.28.6.tgz. Extracting by manifest.
1719 silly tarball no local data for @babel/helper-module-imports@https://registry.npmjs.org/@babel/helper-module-imports/-/helper-module-imports-7.28.6.tgz. Extracting by manifest.
1720 silly tarball no local data for browserslist@https://registry.npmjs.org/browserslist/-/browserslist-4.28.1.tgz. Extracting by manifest.
1721 silly tarball no local data for lru-cache@https://registry.npmjs.org/lru-cache/-/lru-cache-5.1.1.tgz. Extracting by manifest.
1722 silly tarball no local data for @babel/compat-data@https://registry.npmjs.org/@babel/compat-data/-/compat-data-7.29.0.tgz. Extracting by manifest.
1723 silly tarball no local data for @babel/helper-validator-option@https://registry.npmjs.org/@babel/helper-validator-option/-/helper-validator-option-7.27.1.tgz. Extracting by manifest.
1724 silly tarball no local data for jsesc@https://registry.npmjs.org/jsesc/-/jsesc-3.1.0.tgz. Extracting by manifest.
1725 silly tarball no local data for @jridgewell/trace-mapping@https://registry.npmjs.org/@jridgewell/trace-mapping/-/trace-mapping-0.3.31.tgz. Extracting by manifest.
1726 silly tarball no local data for @jridgewell/gen-mapping@https://registry.npmjs.org/@jridgewell/gen-mapping/-/gen-mapping-0.3.13.tgz. Extracting by manifest.
1727 silly tarball no local data for @babel/helper-globals@https://registry.npmjs.org/@babel/helper-globals/-/helper-globals-7.28.0.tgz. Extracting by manifest.
1728 silly tarball no local data for picocolors@https://registry.npmjs.org/picocolors/-/picocolors-1.1.1.tgz. Extracting by manifest.
1729 silly tarball no local data for js-tokens@https://registry.npmjs.org/js-tokens/-/js-tokens-4.0.0.tgz. Extracting by manifest.
1730 silly tarball no local data for @babel/helper-validator-identifier@https://registry.npmjs.org/@babel/helper-validator-identifier/-/helper-validator-identifier-7.28.5.tgz. Extracting by manifest.
1731 silly tarball no local data for json5@https://registry.npmjs.org/json5/-/json5-2.2.3.tgz. Extracting by manifest.
1732 silly tarball no local data for debug@https://registry.npmjs.org/debug/-/debug-4.4.3.tgz. Extracting by manifest.
1733 silly tarball no local data for convert-source-map@https://registry.npmjs.org/convert-source-map/-/convert-source-map-2.0.0.tgz. Extracting by manifest.
1734 silly tarball no local data for @jridgewell/remapping@https://registry.npmjs.org/@jridgewell/remapping/-/remapping-2.3.5.tgz. Extracting by manifest.
1735 silly tarball no local data for gensync@https://registry.npmjs.org/gensync/-/gensync-1.0.0-beta.2.tgz. Extracting by manifest.
1736 silly tarball no local data for @babel/types@https://registry.npmjs.org/@babel/types/-/types-7.29.0.tgz. Extracting by manifest.
1737 silly tarball no local data for @babel/traverse@https://registry.npmjs.org/@babel/traverse/-/traverse-7.29.0.tgz. Extracting by manifest.
1738 silly tarball no local data for @babel/template@https://registry.npmjs.org/@babel/template/-/template-7.28.6.tgz. Extracting by manifest.
1739 silly tarball no local data for @babel/parser@https://registry.npmjs.org/@babel/parser/-/parser-7.29.0.tgz. Extracting by manifest.
1740 silly tarball no local data for @babel/helper-module-transforms@https://registry.npmjs.org/@babel/helper-module-transforms/-/helper-module-transforms-7.28.6.tgz. Extracting by manifest.
1741 silly tarball no local data for @babel/helper-compilation-targets@https://registry.npmjs.org/@babel/helper-compilation-targets/-/helper-compilation-targets-7.28.6.tgz. Extracting by manifest.
1742 silly tarball no local data for @babel/helpers@https://registry.npmjs.org/@babel/helpers/-/helpers-7.28.6.tgz. Extracting by manifest.
1743 silly tarball no local data for @babel/generator@https://registry.npmjs.org/@babel/generator/-/generator-7.29.1.tgz. Extracting by manifest.
1744 silly tarball no local data for @babel/code-frame@https://registry.npmjs.org/@babel/code-frame/-/code-frame-7.29.0.tgz. Extracting by manifest.
1745 silly tarball no local data for react-refresh@https://registry.npmjs.org/react-refresh/-/react-refresh-0.17.0.tgz. Extracting by manifest.
1746 silly tarball no local data for @types/babel__core@https://registry.npmjs.org/@types/babel__core/-/babel__core-7.20.5.tgz. Extracting by manifest.
1747 silly tarball no local data for @rolldown/pluginutils@https://registry.npmjs.org/@rolldown/pluginutils/-/pluginutils-1.0.0-beta.27.tgz. Extracting by manifest.
1748 silly tarball no local data for @babel/plugin-transform-react-jsx-source@https://registry.npmjs.org/@babel/plugin-transform-react-jsx-source/-/plugin-transform-react-jsx-source-7.27.1.tgz. Extracting by manifest.
1749 silly tarball no local data for @babel/plugin-transform-react-jsx-self@https://registry.npmjs.org/@babel/plugin-transform-react-jsx-self/-/plugin-transform-react-jsx-self-7.27.1.tgz. Extracting by manifest.
1750 silly tarball no local data for @babel/core@https://registry.npmjs.org/@babel/core/-/core-7.29.0.tgz. Extracting by manifest.
1751 silly tarball no local data for csstype@https://registry.npmjs.org/csstype/-/csstype-3.2.3.tgz. Extracting by manifest.
1752 silly tarball no local data for react-router-dom@https://registry.npmjs.org/react-router-dom/-/react-router-dom-7.13.0.tgz. Extracting by manifest.
1753 silly tarball no local data for react@https://registry.npmjs.org/react/-/react-18.3.1.tgz. Extracting by manifest.
1754 silly tarball no local data for lucide-react@https://registry.npmjs.org/lucide-react/-/lucide-react-0.575.0.tgz. Extracting by manifest.
1755 silly tarball no local data for globals@https://registry.npmjs.org/globals/-/globals-15.15.0.tgz. Extracting by manifest.
1756 silly tarball no local data for eslint-plugin-react-refresh@https://registry.npmjs.org/eslint-plugin-react-refresh/-/eslint-plugin-react-refresh-0.4.26.tgz. Extracting by manifest.
1757 silly tarball no local data for @types/prop-types@https://registry.npmjs.org/@types/prop-types/-/prop-types-15.7.15.tgz. Extracting by manifest.
1758 silly tarball no local data for eslint-plugin-react-hooks@https://registry.npmjs.org/eslint-plugin-react-hooks/-/eslint-plugin-react-hooks-5.2.0.tgz. Extracting by manifest.
1759 silly tarball no local data for glob-parent@https://registry.npmjs.org/glob-parent/-/glob-parent-6.0.2.tgz. Extracting by manifest.
1760 silly tarball no local data for eslint-plugin-react@https://registry.npmjs.org/eslint-plugin-react/-/eslint-plugin-react-7.37.5.tgz. Extracting by manifest.
1761 silly tarball no local data for vite@https://registry.npmjs.org/vite/-/vite-5.4.21.tgz. Extracting by manifest.
1762 silly tarball no local data for react-dom@https://registry.npmjs.org/react-dom/-/react-dom-18.3.1.tgz. Extracting by manifest.
1763 silly tarball no local data for @types/react-dom@https://registry.npmjs.org/@types/react-dom/-/react-dom-18.3.7.tgz. Extracting by manifest.
1764 silly tarball no local data for @types/react@https://registry.npmjs.org/@types/react/-/react-18.3.28.tgz. Extracting by manifest.
1765 silly tarball no local data for eslint@https://registry.npmjs.org/eslint/-/eslint-9.39.3.tgz. Extracting by manifest.
1766 silly tarball no local data for @eslint/js@https://registry.npmjs.org/@eslint/js/-/js-9.39.3.tgz. Extracting by manifest.
1767 silly tarball no local data for globals@https://registry.npmjs.org/globals/-/globals-14.0.0.tgz. Extracting by manifest.
1768 silly tarball no local data for eslint-visitor-keys@https://registry.npmjs.org/eslint-visitor-keys/-/eslint-visitor-keys-3.4.3.tgz. Extracting by manifest.
1769 silly tarball no local data for @vitejs/plugin-react@https://registry.npmjs.org/@vitejs/plugin-react/-/plugin-react-4.7.0.tgz. Extracting by manifest.
1770 timing reifyNode:node_modules/brace-expansion Completed in 258ms
1771 timing reifyNode:node_modules/is-extglob Completed in 259ms
1772 timing reifyNode:node_modules/shebang-command Completed in 255ms
1773 timing reifyNode:node_modules/shebang-regex Completed in 262ms
1774 timing reifyNode:node_modules/path-key Completed in 258ms
1775 timing reifyNode:node_modules/is-glob Completed in 260ms
1776 timing reifyNode:node_modules/balanced-match Completed in 265ms
1777 timing reifyNode:node_modules/@types/json-schema Completed in 262ms
1778 timing reifyNode:node_modules/which Completed in 264ms
1779 timing reifyNode:node_modules/minimatch Completed in 265ms
1780 timing reifyNode:node_modules/@types/estree Completed in 264ms
1781 timing reifyNode:node_modules/concat-map Completed in 270ms
1782 timing reifyNode:node_modules/punycode Completed in 272ms
1783 timing reifyNode:node_modules/isexe Completed in 280ms
1784 timing reifyNode:node_modules/estraverse Completed in 270ms
1785 timing reifyNode:node_modules/cross-spawn Completed in 270ms
1786 timing reifyNode:node_modules/hasown Completed in 274ms
1787 timing reifyNode:node_modules/es-set-tostringtag Completed in 276ms
1788 timing reifyNode:node_modules/semver Completed in 271ms
1789 timing reifyNode:node_modules/fast-deep-equal Completed in 274ms
1790 timing reifyNode:node_modules/esutils Completed in 274ms
1791 timing reifyNode:node_modules/es-define-property Completed in 277ms
1792 timing reifyNode:node_modules/gopd Completed in 278ms
1793 timing reifyNode:node_modules/fsevents Completed in 284ms
1794 timing reifyNode:node_modules/dunder-proto Completed in 281ms
1795 timing reifyNode:node_modules/get-intrinsic Completed in 279ms
1796 timing reifyNode:node_modules/es-object-atoms Completed in 279ms
1797 timing reifyNode:node_modules/function-bind Completed in 280ms
1798 timing reifyNode:node_modules/argparse Completed in 283ms
1799 timing reifyNode:node_modules/get-proto Completed in 281ms
1800 timing reifyNode:node_modules/has-tostringtag Completed in 283ms
1801 timing reifyNode:node_modules/has-symbols Completed in 283ms
1802 timing reifyNode:node_modules/call-bind-apply-helpers Completed in 282ms
1803 timing reifyNode:node_modules/es-errors Completed in 282ms
1804 timing reifyNode:node_modules/math-intrinsics Completed in 285ms
1805 timing reifyNode:node_modules/acorn Completed in 289ms
1806 timing reifyNode:node_modules/js-yaml Completed in 288ms
1807 timing reifyNode:node_modules/uri-js Completed in 295ms
1808 http fetch GET 200 https://registry.npmjs.org/is-weakset/-/is-weakset-2.0.4.tgz 252ms (cache miss)
1809 timing reifyNode:node_modules/is-weakset Completed in 316ms
1810 http fetch GET 200 https://registry.npmjs.org/is-map/-/is-map-2.0.3.tgz 280ms (cache miss)
1811 timing reifyNode:node_modules/is-map Completed in 344ms
1812 http fetch GET 200 https://registry.npmjs.org/is-bigint/-/is-bigint-1.1.0.tgz 299ms (cache miss)
1813 http fetch GET 200 https://registry.npmjs.org/generator-function/-/generator-function-2.0.1.tgz 299ms (cache miss)
1814 http fetch GET 200 https://registry.npmjs.org/is-boolean-object/-/is-boolean-object-1.2.2.tgz 298ms (cache miss)
1815 http fetch GET 200 https://registry.npmjs.org/async-function/-/async-function-1.0.0.tgz 304ms (cache miss)
1816 timing reifyNode:node_modules/is-bigint Completed in 367ms
1817 timing reifyNode:node_modules/async-function Completed in 368ms
1818 timing reifyNode:node_modules/is-boolean-object Completed in 368ms
1819 timing reifyNode:node_modules/generator-function Completed in 369ms
1820 http fetch GET 200 https://registry.npmjs.org/is-weakmap/-/is-weakmap-2.0.2.tgz 322ms (cache miss)
1821 timing reifyNode:node_modules/is-weakmap Completed in 386ms
1822 http fetch GET 200 https://registry.npmjs.org/is-finalizationregistry/-/is-finalizationregistry-1.1.1.tgz 333ms (cache miss)
1823 http fetch GET 200 https://registry.npmjs.org/which-collection/-/which-collection-1.0.2.tgz 334ms (cache miss)
1824 timing reifyNode:node_modules/is-finalizationregistry Completed in 400ms
1825 timing reifyNode:node_modules/which-collection Completed in 401ms
1826 http fetch GET 200 https://registry.npmjs.org/is-async-function/-/is-async-function-2.1.1.tgz 351ms (cache miss)
1827 timing reifyNode:node_modules/is-async-function Completed in 417ms
1828 http fetch GET 200 https://registry.npmjs.org/is-generator-function/-/is-generator-function-1.1.2.tgz 384ms (cache miss)
1829 timing reifyNode:node_modules/is-generator-function Completed in 451ms
1830 http fetch POST 200 https://registry.npmjs.org/-/npm/v1/security/advisories/bulk 456ms
1831 timing auditReport:getReport Completed in 462ms
1832 silly audit report {
1832 silly audit report   minimatch: [
1832 silly audit report     {
1832 silly audit report       id: 1113371,
1832 silly audit report       url: 'https://github.com/advisories/GHSA-3ppc-4f35-3m26',
1832 silly audit report       title: 'minimatch has a ReDoS via repeated wildcards with non-matching literal in pattern',
1832 silly audit report       severity: 'high',
1832 silly audit report       vulnerable_versions: '<10.2.1',
1832 silly audit report       cwe: [Array],
1832 silly audit report       cvss: [Object]
1832 silly audit report     }
1832 silly audit report   ],
1832 silly audit report   esbuild: [
1832 silly audit report     {
1832 silly audit report       id: 1102341,
1832 silly audit report       url: 'https://github.com/advisories/GHSA-67mh-4wv8-2f99',
1832 silly audit report       title: 'esbuild enables any website to send any requests to the development server and read the response',
1832 silly audit report       severity: 'moderate',
1832 silly audit report       vulnerable_versions: '<=0.24.2',
1832 silly audit report       cwe: [Array],
1832 silly audit report       cvss: [Object]
1832 silly audit report     }
1832 silly audit report   ]
1832 silly audit report }
1833 timing metavuln:packument:minimatch Completed in 0ms
1834 timing metavuln:packument:esbuild Completed in 0ms
1835 timing metavuln:cache:get:security-advisory:esbuild:jKdCIzePj7J1488qgRXvF8Srh9wutSuR1exB8YooNX62hT+qhtrUXYbArLNoIhgwbaCqKpmduh18syZU7BR9SA== Completed in 1ms
1836 timing metavuln:load:security-advisory:esbuild:1102341 Completed in 9ms
1837 timing metavuln:cache:get:security-advisory:minimatch:+xeb921dX+Wp/3JcZLhEpJ2KwaidnzitZ8+8zCivEStbXZEk+LqQ4FhxuC+2LDCM9aYDjPbfPcm9CDH7LF9rAQ== Completed in 12ms
1838 timing metavuln:load:security-advisory:minimatch:1113371 Completed in 0ms
1839 timing metavuln:calculate:security-advisory:minimatch:1113371 Completed in 12ms
1840 timing metavuln:cache:put:security-advisory:esbuild:jKdCIzePj7J1488qgRXvF8Srh9wutSuR1exB8YooNX62hT+qhtrUXYbArLNoIhgwbaCqKpmduh18syZU7BR9SA== Completed in 3ms
1841 timing metavuln:calculate:security-advisory:esbuild:1102341 Completed in 13ms
1842 timing metavuln:packument:eslint Completed in 1ms
1843 timing metavuln:packument:eslint-plugin-react Completed in 1ms
1844 timing metavuln:packument:@eslint/config-array Completed in 0ms
1845 timing metavuln:packument:@eslint/eslintrc Completed in 0ms
1846 timing metavuln:cache:get:security-advisory:eslint:m3dNRt106MRLwwfVfkKZw2HNBlDSx9oP+ZDGWUnfff0YRatzgD3mAah3NPWhfMGutYvKZR6vW/UXkKnJOshLXg== Completed in 1ms
1847 timing metavuln:load:security-advisory:eslint:+xeb921dX+Wp/3JcZLhEpJ2KwaidnzitZ8+8zCivEStbXZEk+LqQ4FhxuC+2LDCM9aYDjPbfPcm9CDH7LF9rAQ== Completed in 12ms
1848 timing metavuln:cache:get:security-advisory:eslint-plugin-react:b/n5bu0PTKdiXRA1ELzApZXGVsxGvJUrgjLX0Uq308OfTXJEPeKpCerwST/XjXHM5DSS+Nkg3LRLFCMkdHw2YA== Completed in 13ms
1849 timing metavuln:load:security-advisory:eslint-plugin-react:+xeb921dX+Wp/3JcZLhEpJ2KwaidnzitZ8+8zCivEStbXZEk+LqQ4FhxuC+2LDCM9aYDjPbfPcm9CDH7LF9rAQ== Completed in 4ms
1850 timing metavuln:cache:get:security-advisory:@eslint/config-array:9xI92VMXjpph2CksCmA2NCRmxhd0lxrGrDCiD4EATTpL625hkmb6HekujFrre+kiCNu250Ea1UjmHQxdLeqcVw== Completed in 16ms
1851 timing metavuln:load:security-advisory:@eslint/config-array:+xeb921dX+Wp/3JcZLhEpJ2KwaidnzitZ8+8zCivEStbXZEk+LqQ4FhxuC+2LDCM9aYDjPbfPcm9CDH7LF9rAQ== Completed in 1ms
1852 timing metavuln:cache:get:security-advisory:@eslint/eslintrc:OTjEIpfUNwbL0JjkIn2BW/ee6Gea4nXRtHnQUYi0/1W/6wPz3LXa3vkw2ZVFSYN0iX9PazgYhcNbmZzgbY2ytQ== Completed in 17ms
1853 timing metavuln:load:security-advisory:@eslint/eslintrc:+xeb921dX+Wp/3JcZLhEpJ2KwaidnzitZ8+8zCivEStbXZEk+LqQ4FhxuC+2LDCM9aYDjPbfPcm9CDH7LF9rAQ== Completed in 1ms
1854 timing metavuln:cache:put:security-advisory:@eslint/eslintrc:OTjEIpfUNwbL0JjkIn2BW/ee6Gea4nXRtHnQUYi0/1W/6wPz3LXa3vkw2ZVFSYN0iX9PazgYhcNbmZzgbY2ytQ== Completed in 2ms
1855 timing metavuln:calculate:security-advisory:@eslint/eslintrc:+xeb921dX+Wp/3JcZLhEpJ2KwaidnzitZ8+8zCivEStbXZEk+LqQ4FhxuC+2LDCM9aYDjPbfPcm9CDH7LF9rAQ== Completed in 20ms
1856 timing metavuln:cache:put:security-advisory:eslint-plugin-react:b/n5bu0PTKdiXRA1ELzApZXGVsxGvJUrgjLX0Uq308OfTXJEPeKpCerwST/XjXHM5DSS+Nkg3LRLFCMkdHw2YA== Completed in 4ms
1857 timing metavuln:calculate:security-advisory:eslint-plugin-react:+xeb921dX+Wp/3JcZLhEpJ2KwaidnzitZ8+8zCivEStbXZEk+LqQ4FhxuC+2LDCM9aYDjPbfPcm9CDH7LF9rAQ== Completed in 21ms
1858 timing metavuln:cache:put:security-advisory:@eslint/config-array:9xI92VMXjpph2CksCmA2NCRmxhd0lxrGrDCiD4EATTpL625hkmb6HekujFrre+kiCNu250Ea1UjmHQxdLeqcVw== Completed in 3ms
1859 timing metavuln:calculate:security-advisory:@eslint/config-array:+xeb921dX+Wp/3JcZLhEpJ2KwaidnzitZ8+8zCivEStbXZEk+LqQ4FhxuC+2LDCM9aYDjPbfPcm9CDH7LF9rAQ== Completed in 20ms
1860 timing metavuln:cache:put:security-advisory:eslint:m3dNRt106MRLwwfVfkKZw2HNBlDSx9oP+ZDGWUnfff0YRatzgD3mAah3NPWhfMGutYvKZR6vW/UXkKnJOshLXg== Completed in 8ms
1861 timing metavuln:calculate:security-advisory:eslint:+xeb921dX+Wp/3JcZLhEpJ2KwaidnzitZ8+8zCivEStbXZEk+LqQ4FhxuC+2LDCM9aYDjPbfPcm9CDH7LF9rAQ== Completed in 21ms
1862 timing metavuln:packument:vite Completed in 0ms
1863 timing metavuln:cache:get:security-advisory:vite:tMBsdAS7JBTyRORp0YaJR984WAAsOxgmReSLBN0Nd41GhzEakjROICqAJ31iOdYG5Ijo/MlJ01p3ig1iN88+Tw== Completed in 1ms
1864 timing metavuln:load:security-advisory:vite:jKdCIzePj7J1488qgRXvF8Srh9wutSuR1exB8YooNX62hT+qhtrUXYbArLNoIhgwbaCqKpmduh18syZU7BR9SA== Completed in 36ms
1865 timing metavuln:cache:put:security-advisory:vite:tMBsdAS7JBTyRORp0YaJR984WAAsOxgmReSLBN0Nd41GhzEakjROICqAJ31iOdYG5Ijo/MlJ01p3ig1iN88+Tw== Completed in 6ms
1866 timing metavuln:calculate:security-advisory:vite:jKdCIzePj7J1488qgRXvF8Srh9wutSuR1exB8YooNX62hT+qhtrUXYbArLNoIhgwbaCqKpmduh18syZU7BR9SA== Completed in 43ms
1867 timing metavuln:cache:get:security-advisory:eslint:PwhewAwzLWqSqSdBgx3WfCI+1mOCoBs0q9DS+m8vW/M9tMqg2CoIMFoSPcFPkCy81NqRKKJBcE8zkkx+2CJzOQ== Completed in 1ms
1868 timing metavuln:load:security-advisory:eslint:OTjEIpfUNwbL0JjkIn2BW/ee6Gea4nXRtHnQUYi0/1W/6wPz3LXa3vkw2ZVFSYN0iX9PazgYhcNbmZzgbY2ytQ== Completed in 39ms
1869 http fetch GET 200 https://registry.npmjs.org/nanoid/-/nanoid-3.3.11.tgz 517ms (cache miss)
1870 timing reifyNode:node_modules/nanoid Completed in 584ms
1871 timing metavuln:cache:put:security-advisory:eslint:PwhewAwzLWqSqSdBgx3WfCI+1mOCoBs0q9DS+m8vW/M9tMqg2CoIMFoSPcFPkCy81NqRKKJBcE8zkkx+2CJzOQ== Completed in 21ms
1872 timing metavuln:calculate:security-advisory:eslint:OTjEIpfUNwbL0JjkIn2BW/ee6Gea4nXRtHnQUYi0/1W/6wPz3LXa3vkw2ZVFSYN0iX9PazgYhcNbmZzgbY2ytQ== Completed in 61ms
1873 timing metavuln:cache:get:security-advisory:eslint:jusElKC8TcJVkceUgXeUEXNESipPSxPYiZoI+kfbSxLfZdXFqUd+nw/DSz8+OqIssU3MiPebLXk8F2UdHM/r+g== Completed in 0ms
1874 timing metavuln:load:security-advisory:eslint:9xI92VMXjpph2CksCmA2NCRmxhd0lxrGrDCiD4EATTpL625hkmb6HekujFrre+kiCNu250Ea1UjmHQxdLeqcVw== Completed in 4ms
1875 http fetch GET 200 https://registry.npmjs.org/source-map-js/-/source-map-js-1.2.1.tgz 535ms (cache miss)
1876 timing reifyNode:node_modules/source-map-js Completed in 603ms
1877 timing metavuln:cache:put:security-advisory:eslint:jusElKC8TcJVkceUgXeUEXNESipPSxPYiZoI+kfbSxLfZdXFqUd+nw/DSz8+OqIssU3MiPebLXk8F2UdHM/r+g== Completed in 4ms
1878 timing metavuln:calculate:security-advisory:eslint:9xI92VMXjpph2CksCmA2NCRmxhd0lxrGrDCiD4EATTpL625hkmb6HekujFrre+kiCNu250Ea1UjmHQxdLeqcVw== Completed in 8ms
1879 timing metavuln:packument:eslint-plugin-react-hooks Completed in 1ms
1880 timing metavuln:packument:eslint-plugin-react-refresh Completed in 1ms
1881 timing metavuln:packument:@eslint-community/eslint-utils Completed in 0ms
1882 timing metavuln:cache:get:security-advisory:eslint-plugin-react:BWl/TpXaIroB3+cfFVHs9I7+0FN8LxoLMK8KrBQXht91+P2rCJjB1px/dMdevVxklG/8FiIk5bQ+zQ+gDk6nMQ== Completed in 1ms
1883 timing metavuln:load:security-advisory:eslint-plugin-react:m3dNRt106MRLwwfVfkKZw2HNBlDSx9oP+ZDGWUnfff0YRatzgD3mAah3NPWhfMGutYvKZR6vW/UXkKnJOshLXg== Completed in 6ms
1884 timing metavuln:cache:get:security-advisory:eslint-plugin-react-hooks:tbJxAsZQlWLgyaNcl7qbIAKO3jDXDTRxStl8JJGCHaXTaxdPhl3OjMuPHFBze/uLAEg0UM03fsAL980Oof/P4Q== Completed in 7ms
1885 timing metavuln:load:security-advisory:eslint-plugin-react-hooks:m3dNRt106MRLwwfVfkKZw2HNBlDSx9oP+ZDGWUnfff0YRatzgD3mAah3NPWhfMGutYvKZR6vW/UXkKnJOshLXg== Completed in 59ms
1886 timing metavuln:cache:get:security-advisory:eslint-plugin-react-refresh:m+JKMfjkQ2taVGufO+BKr0IqEMdv3nilqF2l8M5umCdyD1PQrOI+nj2t5SEQZ9c9xTsMTnVYZ5+SPFugihg0zQ== Completed in 67ms
1887 timing metavuln:load:security-advisory:eslint-plugin-react-refresh:m3dNRt106MRLwwfVfkKZw2HNBlDSx9oP+ZDGWUnfff0YRatzgD3mAah3NPWhfMGutYvKZR6vW/UXkKnJOshLXg== Completed in 3ms
1888 timing metavuln:cache:get:security-advisory:@eslint-community/eslint-utils:sLR86wi0AQsXrUhua2PLLEugn5+cRFIvWe3R9z/LIdUDKC5W6IfrSa9SgDy2B+xtQ27ir1FsFvRGbbvcgI3eyQ== Completed in 69ms
1889 timing metavuln:load:security-advisory:@eslint-community/eslint-utils:m3dNRt106MRLwwfVfkKZw2HNBlDSx9oP+ZDGWUnfff0YRatzgD3mAah3NPWhfMGutYvKZR6vW/UXkKnJOshLXg== Completed in 6ms
1890 timing metavuln:cache:put:security-advisory:@eslint-community/eslint-utils:sLR86wi0AQsXrUhua2PLLEugn5+cRFIvWe3R9z/LIdUDKC5W6IfrSa9SgDy2B+xtQ27ir1FsFvRGbbvcgI3eyQ== Completed in 8ms
1891 timing metavuln:calculate:security-advisory:@eslint-community/eslint-utils:m3dNRt106MRLwwfVfkKZw2HNBlDSx9oP+ZDGWUnfff0YRatzgD3mAah3NPWhfMGutYvKZR6vW/UXkKnJOshLXg== Completed in 84ms
1892 timing metavuln:cache:put:security-advisory:eslint-plugin-react-refresh:m+JKMfjkQ2taVGufO+BKr0IqEMdv3nilqF2l8M5umCdyD1PQrOI+nj2t5SEQZ9c9xTsMTnVYZ5+SPFugihg0zQ== Completed in 15ms
1893 timing metavuln:calculate:security-advisory:eslint-plugin-react-refresh:m3dNRt106MRLwwfVfkKZw2HNBlDSx9oP+ZDGWUnfff0YRatzgD3mAah3NPWhfMGutYvKZR6vW/UXkKnJOshLXg== Completed in 85ms
1894 timing metavuln:cache:put:security-advisory:eslint-plugin-react:BWl/TpXaIroB3+cfFVHs9I7+0FN8LxoLMK8KrBQXht91+P2rCJjB1px/dMdevVxklG/8FiIk5bQ+zQ+gDk6nMQ== Completed in 78ms
1895 timing metavuln:calculate:security-advisory:eslint-plugin-react:m3dNRt106MRLwwfVfkKZw2HNBlDSx9oP+ZDGWUnfff0YRatzgD3mAah3NPWhfMGutYvKZR6vW/UXkKnJOshLXg== Completed in 85ms
1896 timing metavuln:cache:put:security-advisory:eslint-plugin-react-hooks:tbJxAsZQlWLgyaNcl7qbIAKO3jDXDTRxStl8JJGCHaXTaxdPhl3OjMuPHFBze/uLAEg0UM03fsAL980Oof/P4Q== Completed in 19ms
1897 timing metavuln:calculate:security-advisory:eslint-plugin-react-hooks:m3dNRt106MRLwwfVfkKZw2HNBlDSx9oP+ZDGWUnfff0YRatzgD3mAah3NPWhfMGutYvKZR6vW/UXkKnJOshLXg== Completed in 86ms
1898 timing metavuln:packument:@vitejs/plugin-react Completed in 0ms
1899 timing metavuln:cache:get:security-advisory:@vitejs/plugin-react:P4XDBxCt1M9jhU3wPSnbYo14hU9TEKKi3dRjV6pE6SGkUMgEqrUpLUvU/o4utnW6O2m8Mrkk3y+AtxEbBn/p0A== Completed in 0ms
1900 timing metavuln:load:security-advisory:@vitejs/plugin-react:tMBsdAS7JBTyRORp0YaJR984WAAsOxgmReSLBN0Nd41GhzEakjROICqAJ31iOdYG5Ijo/MlJ01p3ig1iN88+Tw== Completed in 16ms
1901 http fetch GET 200 https://registry.npmjs.org/is-number-object/-/is-number-object-1.1.1.tgz 647ms (cache miss)
1902 timing reifyNode:node_modules/is-number-object Completed in 718ms
1903 timing metavuln:cache:put:security-advisory:@vitejs/plugin-react:P4XDBxCt1M9jhU3wPSnbYo14hU9TEKKi3dRjV6pE6SGkUMgEqrUpLUvU/o4utnW6O2m8Mrkk3y+AtxEbBn/p0A== Completed in 3ms
1904 timing metavuln:calculate:security-advisory:@vitejs/plugin-react:tMBsdAS7JBTyRORp0YaJR984WAAsOxgmReSLBN0Nd41GhzEakjROICqAJ31iOdYG5Ijo/MlJ01p3ig1iN88+Tw== Completed in 19ms
1905 timing auditReport:init Completed in 265ms
1906 timing reify:audit Completed in 728ms
1907 http fetch GET 200 https://registry.npmjs.org/escalade/-/escalade-3.2.0.tgz 832ms (cache miss)
1908 timing reifyNode:node_modules/escalade Completed in 900ms
1909 http fetch GET 200 https://registry.npmjs.org/postcss/-/postcss-8.5.6.tgz 834ms (cache miss)
1910 timing reifyNode:node_modules/postcss Completed in 901ms
1911 http fetch GET 200 https://registry.npmjs.org/esbuild/-/esbuild-0.21.5.tgz 842ms (cache miss)
1912 timing reifyNode:node_modules/esbuild Completed in 908ms
1913 http fetch GET 200 https://registry.npmjs.org/which-boxed-primitive/-/which-boxed-primitive-1.1.1.tgz 906ms (cache miss)
1914 timing reifyNode:node_modules/which-boxed-primitive Completed in 973ms
1915 http fetch GET 200 https://registry.npmjs.org/has-bigints/-/has-bigints-1.1.0.tgz 1121ms (cache miss)
1916 timing reifyNode:node_modules/has-bigints Completed in 1189ms
1917 http fetch GET 200 https://registry.npmjs.org/which-builtin-type/-/which-builtin-type-1.2.1.tgz 1283ms (cache miss)
1918 timing reifyNode:node_modules/which-builtin-type Completed in 1352ms
1919 http fetch GET 200 https://registry.npmjs.org/for-each/-/for-each-0.3.5.tgz 1554ms (cache miss)
1920 timing reifyNode:node_modules/for-each Completed in 1623ms
1921 http fetch GET 200 https://registry.npmjs.org/reflect.getprototypeof/-/reflect.getprototypeof-1.0.10.tgz 1673ms (cache miss)
1922 timing reifyNode:node_modules/reflect.getprototypeof Completed in 1742ms
1923 http fetch GET 200 https://registry.npmjs.org/has-flag/-/has-flag-4.0.0.tgz 1693ms (cache miss)
1924 timing reifyNode:node_modules/has-flag Completed in 1761ms
1925 http fetch GET 200 https://registry.npmjs.org/side-channel-weakmap/-/side-channel-weakmap-1.0.2.tgz 1716ms (cache miss)
1926 timing reifyNode:node_modules/side-channel-weakmap Completed in 1787ms
1927 http fetch GET 200 https://registry.npmjs.org/side-channel-list/-/side-channel-list-1.0.0.tgz 1756ms (cache miss)
1928 timing reifyNode:node_modules/side-channel-list Completed in 1827ms
1929 http fetch GET 200 https://registry.npmjs.org/isarray/-/isarray-2.0.5.tgz 1813ms (cache miss)
1930 timing reifyNode:node_modules/isarray Completed in 1885ms
1931 http fetch GET 200 https://registry.npmjs.org/is-core-module/-/is-core-module-2.16.1.tgz 2177ms (cache miss)
1932 timing reifyNode:node_modules/is-core-module Completed in 2251ms
1933 http fetch GET 200 https://registry.npmjs.org/side-channel-map/-/side-channel-map-1.0.1.tgz 2181ms (cache miss)
1934 timing reifyNode:node_modules/side-channel-map Completed in 2255ms
1935 http fetch GET 200 https://registry.npmjs.org/path-parse/-/path-parse-1.0.7.tgz 2186ms (cache miss)
1936 timing reifyNode:node_modules/path-parse Completed in 2259ms
1937 http fetch GET 200 https://registry.npmjs.org/set-cookie-parser/-/set-cookie-parser-2.7.2.tgz 2273ms (cache miss)
1938 timing reifyNode:node_modules/set-cookie-parser Completed in 2346ms
1939 http fetch GET 200 https://registry.npmjs.org/node-exports-info/-/node-exports-info-1.6.0.tgz 2508ms (cache miss)
1940 timing reifyNode:node_modules/node-exports-info Completed in 2583ms
1941 http fetch GET 200 https://registry.npmjs.org/cookie/-/cookie-1.1.1.tgz 3217ms (cache miss)
1942 timing reifyNode:node_modules/cookie Completed in 3292ms
1943 http fetch GET 200 https://registry.npmjs.org/object-assign/-/object-assign-4.1.1.tgz 3252ms (cache miss)
1944 timing reifyNode:node_modules/object-assign Completed in 3327ms
1945 http fetch GET 200 https://registry.npmjs.org/react-is/-/react-is-16.13.1.tgz 3287ms (cache miss)
1946 timing reifyNode:node_modules/react-is Completed in 3362ms
1947 http fetch GET 200 https://registry.npmjs.org/loose-envify/-/loose-envify-1.4.0.tgz 3301ms (cache miss)
1948 timing reifyNode:node_modules/loose-envify Completed in 3376ms
1949 http fetch GET 200 https://registry.npmjs.org/callsites/-/callsites-3.1.0.tgz 3318ms (cache miss)
1950 timing reifyNode:node_modules/callsites Completed in 3394ms
1951 http fetch GET 200 https://registry.npmjs.org/yocto-queue/-/yocto-queue-0.1.0.tgz 3484ms (cache miss)
1952 timing reifyNode:node_modules/yocto-queue Completed in 3560ms
1953 http fetch GET 200 https://registry.npmjs.org/p-limit/-/p-limit-3.1.0.tgz 3484ms (cache miss)
1954 timing reifyNode:node_modules/p-limit Completed in 3559ms
1955 http fetch GET 200 https://registry.npmjs.org/fast-levenshtein/-/fast-levenshtein-2.0.6.tgz 3515ms (cache miss)
1956 timing reifyNode:node_modules/fast-levenshtein Completed in 3591ms
1957 http fetch GET 200 https://registry.npmjs.org/deep-is/-/deep-is-0.1.4.tgz 3531ms (cache miss)
1958 timing reifyNode:node_modules/deep-is Completed in 3607ms
1959 http fetch GET 200 https://registry.npmjs.org/yallist/-/yallist-3.1.1.tgz 3683ms (cache miss)
1960 timing reifyNode:node_modules/yallist Completed in 3759ms
1961 http fetch GET 200 https://registry.npmjs.org/supports-preserve-symlinks-flag/-/supports-preserve-symlinks-flag-1.0.0.tgz 3721ms (cache miss)
1962 timing reifyNode:node_modules/supports-preserve-symlinks-flag Completed in 3796ms
1963 http fetch GET 200 https://registry.npmjs.org/p-locate/-/p-locate-5.0.0.tgz 3940ms (cache miss)
1964 timing reifyNode:node_modules/p-locate Completed in 4017ms
1965 http fetch GET 200 https://registry.npmjs.org/word-wrap/-/word-wrap-1.2.5.tgz 3965ms (cache miss)
1966 timing reifyNode:node_modules/word-wrap Completed in 4043ms
1967 http fetch GET 200 https://registry.npmjs.org/type-check/-/type-check-0.4.0.tgz 4042ms (cache miss)
1968 timing reifyNode:node_modules/type-check Completed in 4119ms
1969 http fetch GET 200 https://registry.npmjs.org/json-buffer/-/json-buffer-3.0.1.tgz 4054ms (cache miss)
1970 timing reifyNode:node_modules/json-buffer Completed in 4133ms
1971 http fetch GET 200 https://registry.npmjs.org/prelude-ls/-/prelude-ls-1.2.1.tgz 4067ms (cache miss)
1972 timing reifyNode:node_modules/prelude-ls Completed in 4146ms
1973 http fetch GET 200 https://registry.npmjs.org/array.prototype.flat/-/array.prototype.flat-1.3.3.tgz 4220ms (cache miss)
1974 http fetch GET 200 https://registry.npmjs.org/set-function-name/-/set-function-name-2.0.2.tgz 4218ms (cache miss)
1975 timing reifyNode:node_modules/set-function-name Completed in 4299ms
1976 timing reifyNode:node_modules/array.prototype.flat Completed in 4299ms
1977 http fetch GET 200 https://registry.npmjs.org/side-channel/-/side-channel-1.1.0.tgz 4239ms (cache miss)
1978 http fetch GET 200 https://registry.npmjs.org/resolve-from/-/resolve-from-4.0.0.tgz 4239ms (cache miss)
1979 timing reifyNode:node_modules/resolve-from Completed in 4321ms
1980 timing reifyNode:node_modules/side-channel Completed in 4322ms
1981 http fetch GET 200 https://registry.npmjs.org/functions-have-names/-/functions-have-names-1.2.3.tgz 4400ms (cache miss)
1982 timing reifyNode:node_modules/functions-have-names Completed in 4483ms
1983 http fetch GET 200 https://registry.npmjs.org/scheduler/-/scheduler-0.23.2.tgz 4647ms (cache miss)
1984 timing reifyNode:node_modules/scheduler Completed in 4731ms
1985 http fetch GET 200 https://registry.npmjs.org/flatted/-/flatted-3.3.3.tgz 4657ms (cache miss)
1986 timing reifyNode:node_modules/flatted Completed in 4742ms
1987 http fetch GET 200 https://registry.npmjs.org/acorn-jsx/-/acorn-jsx-5.3.2.tgz 4676ms (cache miss)
1988 timing reifyNode:node_modules/acorn-jsx Completed in 4759ms
1989 http fetch GET 200 https://registry.npmjs.org/parent-module/-/parent-module-1.0.1.tgz 4681ms (cache miss)
1990 timing reifyNode:node_modules/parent-module Completed in 4764ms
1991 http fetch GET 200 https://registry.npmjs.org/flat-cache/-/flat-cache-4.0.1.tgz 4697ms (cache miss)
1992 timing reifyNode:node_modules/flat-cache Completed in 4781ms
1993 http fetch GET 200 https://registry.npmjs.org/locate-path/-/locate-path-6.0.0.tgz 4709ms (cache miss)
1994 timing reifyNode:node_modules/locate-path Completed in 4794ms
1995 http fetch GET 200 https://registry.npmjs.org/esrecurse/-/esrecurse-4.3.0.tgz 4724ms (cache miss)
1996 timing reifyNode:node_modules/esrecurse Completed in 4809ms
1997 http fetch GET 200 https://registry.npmjs.org/is-date-object/-/is-date-object-1.1.0.tgz 4766ms (cache miss)
1998 timing reifyNode:node_modules/is-date-object Completed in 4851ms
1999 http fetch GET 200 https://registry.npmjs.org/is-symbol/-/is-symbol-1.1.1.tgz 4785ms (cache miss)
2000 timing reifyNode:node_modules/is-symbol Completed in 4869ms
2001 http fetch GET 200 https://registry.npmjs.org/path-exists/-/path-exists-4.0.0.tgz 4842ms (cache miss)
2002 timing reifyNode:node_modules/path-exists Completed in 4926ms
2003 http fetch GET 200 https://registry.npmjs.org/possible-typed-array-names/-/possible-typed-array-names-1.1.0.tgz 4861ms (cache miss)
2004 timing reifyNode:node_modules/possible-typed-array-names Completed in 4946ms
2005 http fetch GET 200 https://registry.npmjs.org/keyv/-/keyv-4.5.4.tgz 5180ms (cache miss)
2006 timing reifyNode:node_modules/keyv Completed in 5266ms
2007 http fetch GET 200 https://registry.npmjs.org/unbox-primitive/-/unbox-primitive-1.1.0.tgz 5187ms (cache miss)
2008 timing reifyNode:node_modules/unbox-primitive Completed in 5273ms
2009 http fetch GET 200 https://registry.npmjs.org/string.prototype.trimstart/-/string.prototype.trimstart-1.0.8.tgz 5298ms (cache miss)
2010 timing reifyNode:node_modules/string.prototype.trimstart Completed in 5386ms
2011 http fetch GET 200 https://registry.npmjs.org/typed-array-byte-length/-/typed-array-byte-length-1.0.3.tgz 5337ms (cache miss)
2012 timing reifyNode:node_modules/typed-array-byte-length Completed in 5424ms
2013 http fetch GET 200 https://registry.npmjs.org/typed-array-byte-offset/-/typed-array-byte-offset-1.0.4.tgz 5358ms (cache miss)
2014 timing reifyNode:node_modules/typed-array-byte-offset Completed in 5445ms
2015 http fetch GET 200 https://registry.npmjs.org/typed-array-length/-/typed-array-length-1.0.7.tgz 5396ms (cache miss)
2016 timing reifyNode:node_modules/typed-array-length Completed in 5482ms
2017 http fetch GET 200 https://registry.npmjs.org/typed-array-buffer/-/typed-array-buffer-1.0.3.tgz 5460ms (cache miss)
2018 timing reifyNode:node_modules/typed-array-buffer Completed in 5548ms
2019 http fetch GET 200 https://registry.npmjs.org/string.prototype.trimend/-/string.prototype.trimend-1.0.9.tgz 5507ms (cache miss)
2020 timing reifyNode:node_modules/string.prototype.trimend Completed in 5596ms
2021 http fetch GET 200 https://registry.npmjs.org/iterator.prototype/-/iterator.prototype-1.1.5.tgz 5566ms (cache miss)
2022 timing reifyNode:node_modules/iterator.prototype Completed in 5655ms
2023 http fetch GET 200 https://registry.npmjs.org/stop-iteration-iterator/-/stop-iteration-iterator-1.1.0.tgz 5576ms (cache miss)
2024 timing reifyNode:node_modules/stop-iteration-iterator Completed in 5665ms
2025 http fetch GET 200 https://registry.npmjs.org/safe-regex-test/-/safe-regex-test-1.1.0.tgz 5700ms (cache miss)
2026 timing reifyNode:node_modules/safe-regex-test Completed in 5790ms
2027 http fetch GET 200 https://registry.npmjs.org/safe-array-concat/-/safe-array-concat-1.1.3.tgz 5703ms (cache miss)
2028 timing reifyNode:node_modules/safe-array-concat Completed in 5795ms
2029 http fetch GET 200 https://registry.npmjs.org/set-proto/-/set-proto-1.0.0.tgz 5723ms (cache miss)
2030 http fetch GET 200 https://registry.npmjs.org/regexp.prototype.flags/-/regexp.prototype.flags-1.5.4.tgz 5725ms (cache miss)
2031 http fetch GET 200 https://registry.npmjs.org/safe-push-apply/-/safe-push-apply-1.0.0.tgz 5726ms (cache miss)
2032 timing reifyNode:node_modules/safe-push-apply Completed in 5817ms
2033 timing reifyNode:node_modules/set-proto Completed in 5824ms
2034 timing reifyNode:node_modules/regexp.prototype.flags Completed in 5830ms
2035 http fetch GET 200 https://registry.npmjs.org/own-keys/-/own-keys-1.0.1.tgz 5829ms (cache miss)
2036 timing reifyNode:node_modules/own-keys Completed in 5921ms
2037 http fetch GET 200 https://registry.npmjs.org/object-inspect/-/object-inspect-1.13.4.tgz 5888ms (cache miss)
2038 timing reifyNode:node_modules/object-inspect Completed in 5979ms
2039 http fetch GET 200 https://registry.npmjs.org/object.assign/-/object.assign-4.1.7.tgz 6027ms (cache miss)
2040 timing reifyNode:node_modules/object.assign Completed in 6118ms
2041 http fetch GET 200 https://registry.npmjs.org/is-weakref/-/is-weakref-1.1.1.tgz 6249ms (cache miss)
2042 timing reifyNode:node_modules/is-weakref Completed in 6342ms
2043 http fetch GET 200 https://registry.npmjs.org/string.prototype.trim/-/string.prototype.trim-1.2.10.tgz 6489ms (cache miss)
2044 timing reifyNode:node_modules/string.prototype.trim Completed in 6586ms
2045 http fetch GET 200 https://registry.npmjs.org/is-regex/-/is-regex-1.2.1.tgz 6666ms (cache miss)
2046 timing reifyNode:node_modules/is-regex Completed in 6761ms
2047 http fetch GET 200 https://registry.npmjs.org/is-set/-/is-set-2.0.3.tgz 6679ms (cache miss)
2048 timing reifyNode:node_modules/is-set Completed in 6772ms
2049 http fetch GET 200 https://registry.npmjs.org/is-negative-zero/-/is-negative-zero-2.0.3.tgz 6716ms (cache miss)
2050 timing reifyNode:node_modules/is-negative-zero Completed in 6810ms
2051 http fetch GET 200 https://registry.npmjs.org/is-data-view/-/is-data-view-1.0.2.tgz 6744ms (cache miss)
2052 timing reifyNode:node_modules/is-data-view Completed in 6839ms
2053 http fetch GET 200 https://registry.npmjs.org/is-shared-array-buffer/-/is-shared-array-buffer-1.0.4.tgz 6758ms (cache miss)
2054 timing reifyNode:node_modules/is-shared-array-buffer Completed in 6852ms
2055 http fetch GET 200 https://registry.npmjs.org/is-array-buffer/-/is-array-buffer-3.0.5.tgz 6819ms (cache miss)
2056 timing reifyNode:node_modules/is-array-buffer Completed in 6915ms
2057 http fetch GET 200 https://registry.npmjs.org/is-callable/-/is-callable-1.2.7.tgz 6820ms (cache miss)
2058 timing reifyNode:node_modules/is-callable Completed in 6915ms
2059 http fetch GET 200 https://registry.npmjs.org/internal-slot/-/internal-slot-1.1.0.tgz 6970ms (cache miss)
2060 timing reifyNode:node_modules/internal-slot Completed in 7067ms
2061 http fetch GET 200 https://registry.npmjs.org/has-proto/-/has-proto-1.2.0.tgz 7149ms (cache miss)
2062 timing reifyNode:node_modules/has-proto Completed in 7247ms
2063 http fetch GET 200 https://registry.npmjs.org/globalthis/-/globalthis-1.0.4.tgz 7274ms (cache miss)
2064 timing reifyNode:node_modules/globalthis Completed in 7370ms
2065 http fetch GET 200 https://registry.npmjs.org/rollup/-/rollup-4.59.0.tgz 7389ms (cache miss)
2066 timing reifyNode:node_modules/rollup Completed in 7457ms
2067 http fetch GET 200 https://registry.npmjs.org/function.prototype.name/-/function.prototype.name-1.1.8.tgz 7477ms (cache miss)
2068 http fetch GET 200 https://registry.npmjs.org/get-symbol-description/-/get-symbol-description-1.1.0.tgz 7478ms (cache miss)
2069 http fetch GET 200 https://registry.npmjs.org/is-typed-array/-/is-typed-array-1.1.15.tgz 7478ms (cache miss)
2070 timing reifyNode:node_modules/is-typed-array Completed in 7576ms
2071 timing reifyNode:node_modules/get-symbol-description Completed in 7576ms
2072 timing reifyNode:node_modules/function.prototype.name Completed in 7576ms
2073 http fetch GET 200 https://registry.npmjs.org/data-view-byte-offset/-/data-view-byte-offset-1.0.1.tgz 7540ms (cache miss)
2074 timing reifyNode:node_modules/data-view-byte-offset Completed in 7638ms
2075 http fetch GET 200 https://registry.npmjs.org/es-to-primitive/-/es-to-primitive-1.3.0.tgz 7575ms (cache miss)
2076 http fetch GET 200 https://registry.npmjs.org/data-view-buffer/-/data-view-buffer-1.0.2.tgz 7576ms (cache miss)
2077 timing reifyNode:node_modules/data-view-buffer Completed in 7675ms
2078 timing reifyNode:node_modules/es-to-primitive Completed in 7676ms
2079 http fetch GET 200 https://registry.npmjs.org/available-typed-arrays/-/available-typed-arrays-1.0.7.tgz 7585ms (cache miss)
2080 timing reifyNode:node_modules/available-typed-arrays Completed in 7684ms
2081 http fetch GET 200 https://registry.npmjs.org/array-buffer-byte-length/-/array-buffer-byte-length-1.0.2.tgz 7627ms (cache miss)
2082 timing reifyNode:node_modules/array-buffer-byte-length Completed in 7727ms
2083 http fetch GET 200 https://registry.npmjs.org/data-view-byte-length/-/data-view-byte-length-1.0.2.tgz 8024ms (cache miss)
2084 timing reifyNode:node_modules/data-view-byte-length Completed in 8124ms
2085 http fetch GET 200 https://registry.npmjs.org/which-typed-array/-/which-typed-array-1.1.20.tgz 8709ms (cache miss)
2086 timing reifyNode:node_modules/which-typed-array Completed in 8796ms
2087 http fetch GET 200 https://registry.npmjs.org/arraybuffer.prototype.slice/-/arraybuffer.prototype.slice-1.0.4.tgz 8695ms (cache miss)
2088 timing reifyNode:node_modules/arraybuffer.prototype.slice Completed in 8799ms
2089 http fetch GET 200 https://registry.npmjs.org/has-property-descriptors/-/has-property-descriptors-1.0.2.tgz 8710ms (cache miss)
2090 timing reifyNode:node_modules/has-property-descriptors Completed in 8812ms
2091 http fetch GET 200 https://registry.npmjs.org/define-data-property/-/define-data-property-1.1.4.tgz 8712ms (cache miss)
2092 timing reifyNode:node_modules/define-data-property Completed in 8811ms
2093 http fetch GET 200 https://registry.npmjs.org/object-keys/-/object-keys-1.1.1.tgz 8731ms (cache miss)
2094 timing reifyNode:node_modules/object-keys Completed in 8831ms
2095 http fetch GET 200 https://registry.npmjs.org/define-properties/-/define-properties-1.2.1.tgz 8819ms (cache miss)
2096 http fetch GET 200 https://registry.npmjs.org/es-shim-unscopables/-/es-shim-unscopables-1.1.0.tgz 8824ms (cache miss)
2097 http fetch GET 200 https://registry.npmjs.org/set-function-length/-/set-function-length-1.2.2.tgz 8824ms (cache miss)
2098 timing reifyNode:node_modules/define-properties Completed in 8924ms
2099 timing reifyNode:node_modules/set-function-length Completed in 8924ms
2100 timing reifyNode:node_modules/es-shim-unscopables Completed in 8924ms
2101 http fetch GET 200 https://registry.npmjs.org/call-bind/-/call-bind-1.0.8.tgz 8827ms (cache miss)
2102 timing reifyNode:node_modules/call-bind Completed in 8931ms
2103 http fetch GET 200 https://registry.npmjs.org/is-string/-/is-string-1.1.1.tgz 8895ms (cache miss)
2104 timing reifyNode:node_modules/is-string Completed in 8996ms
2105 http fetch GET 200 https://registry.npmjs.org/string.prototype.matchall/-/string.prototype.matchall-4.0.12.tgz 9134ms (cache miss)
2106 timing reifyNode:node_modules/string.prototype.matchall Completed in 9241ms
2107 http fetch GET 200 https://registry.npmjs.org/string.prototype.repeat/-/string.prototype.repeat-1.0.0.tgz 9714ms (cache miss)
2108 timing reifyNode:node_modules/string.prototype.repeat Completed in 9820ms
2109 http fetch GET 200 https://registry.npmjs.org/object.fromentries/-/object.fromentries-2.0.8.tgz 9736ms (cache miss)
2110 http fetch GET 200 https://registry.npmjs.org/prop-types/-/prop-types-15.8.1.tgz 9737ms (cache miss)
2111 timing reifyNode:node_modules/prop-types Completed in 9843ms
2112 timing reifyNode:node_modules/object.fromentries Completed in 9843ms
2113 http fetch GET 200 https://registry.npmjs.org/object.entries/-/object.entries-1.1.9.tgz 9780ms (cache miss)
2114 timing reifyNode:node_modules/object.entries Completed in 9886ms
2115 http fetch GET 200 https://registry.npmjs.org/call-bound/-/call-bound-1.0.4.tgz 10022ms (cache miss)
2116 timing reifyNode:node_modules/call-bound Completed in 10131ms
2117 http fetch GET 200 https://registry.npmjs.org/array.prototype.tosorted/-/array.prototype.tosorted-1.1.4.tgz 10268ms (cache miss)
2118 timing reifyNode:node_modules/array.prototype.tosorted Completed in 10384ms
2119 http fetch GET 200 https://registry.npmjs.org/jsx-ast-utils/-/jsx-ast-utils-3.3.5.tgz 10308ms (cache miss)
2120 timing reifyNode:node_modules/jsx-ast-utils Completed in 10415ms
2121 http fetch GET 200 https://registry.npmjs.org/es-iterator-helpers/-/es-iterator-helpers-1.2.2.tgz 10308ms (cache miss)
2122 timing reifyNode:node_modules/es-iterator-helpers Completed in 10415ms
2123 http fetch GET 200 https://registry.npmjs.org/array-includes/-/array-includes-3.1.9.tgz 10329ms (cache miss)
2124 timing reifyNode:node_modules/array-includes Completed in 10439ms
2125 http fetch GET 200 https://registry.npmjs.org/es-abstract/-/es-abstract-1.24.1.tgz 10380ms (cache miss)
2126 timing reifyNode:node_modules/es-abstract Completed in 10484ms
2127 http fetch GET 200 https://registry.npmjs.org/object.values/-/object.values-1.2.1.tgz 10493ms (cache miss)
2128 timing reifyNode:node_modules/object.values Completed in 10602ms
2129 http fetch GET 200 https://registry.npmjs.org/array.prototype.flatmap/-/array.prototype.flatmap-1.3.3.tgz 10710ms (cache miss)
2130 timing reifyNode:node_modules/array.prototype.flatmap Completed in 10819ms
2131 http fetch GET 200 https://registry.npmjs.org/supports-color/-/supports-color-7.2.0.tgz 10713ms (cache miss)
2132 timing reifyNode:node_modules/supports-color Completed in 10822ms
2133 http fetch GET 200 https://registry.npmjs.org/doctrine/-/doctrine-2.1.0.tgz 10722ms (cache miss)
2134 timing reifyNode:node_modules/doctrine Completed in 10830ms
2135 http fetch GET 200 https://registry.npmjs.org/color-name/-/color-name-1.1.4.tgz 10727ms (cache miss)
2136 timing reifyNode:node_modules/color-name Completed in 10836ms
2137 http fetch GET 200 https://registry.npmjs.org/ansi-styles/-/ansi-styles-4.3.0.tgz 10791ms (cache miss)
2138 timing reifyNode:node_modules/ansi-styles Completed in 10900ms
2139 http fetch GET 200 https://registry.npmjs.org/array.prototype.findlast/-/array.prototype.findlast-1.2.5.tgz 10913ms (cache miss)
2140 http fetch GET 200 https://registry.npmjs.org/color-convert/-/color-convert-2.0.1.tgz 10914ms (cache miss)
2141 timing reifyNode:node_modules/color-convert Completed in 11024ms
2142 timing reifyNode:node_modules/array.prototype.findlast Completed in 11027ms
2143 http fetch GET 200 https://registry.npmjs.org/fast-json-stable-stringify/-/fast-json-stable-stringify-2.1.0.tgz 10920ms (cache miss)
2144 timing reifyNode:node_modules/fast-json-stable-stringify Completed in 11031ms
2145 http fetch GET 200 https://registry.npmjs.org/levn/-/levn-0.4.1.tgz 10961ms (cache miss)
2146 timing reifyNode:node_modules/levn Completed in 11073ms
2147 http fetch GET 200 https://registry.npmjs.org/strip-json-comments/-/strip-json-comments-3.1.1.tgz 10970ms (cache miss)
2148 timing reifyNode:node_modules/strip-json-comments Completed in 11080ms
2149 http fetch GET 200 https://registry.npmjs.org/import-fresh/-/import-fresh-3.3.1.tgz 11018ms (cache miss)
2150 timing reifyNode:node_modules/import-fresh Completed in 11129ms
2151 http fetch GET 200 https://registry.npmjs.org/natural-compare/-/natural-compare-1.4.0.tgz 11116ms (cache miss)
2152 timing reifyNode:node_modules/natural-compare Completed in 11228ms
2153 http fetch GET 200 https://registry.npmjs.org/optionator/-/optionator-0.9.4.tgz 11119ms (cache miss)
2154 timing reifyNode:node_modules/optionator Completed in 11232ms
2155 http fetch GET 200 https://registry.npmjs.org/@eslint/object-schema/-/object-schema-2.1.7.tgz 11128ms (cache miss)
2156 timing reifyNode:node_modules/@eslint/object-schema Completed in 11240ms
2157 http fetch GET 200 https://registry.npmjs.org/@humanfs/core/-/core-0.19.1.tgz 11131ms (cache miss)
2158 timing reifyNode:node_modules/@humanfs/core Completed in 11243ms
2159 http fetch GET 200 https://registry.npmjs.org/lodash.merge/-/lodash.merge-4.6.2.tgz 11141ms (cache miss)
2160 timing reifyNode:node_modules/lodash.merge Completed in 11254ms
2161 http fetch GET 200 https://registry.npmjs.org/json-stable-stringify-without-jsonify/-/json-stable-stringify-without-jsonify-1.0.1.tgz 11186ms (cache miss)
2162 timing reifyNode:node_modules/json-stable-stringify-without-jsonify Completed in 11298ms
2163 http fetch GET 200 https://registry.npmjs.org/ignore/-/ignore-5.3.2.tgz 11199ms (cache miss)
2164 timing reifyNode:node_modules/ignore Completed in 11315ms
2165 http fetch GET 200 https://registry.npmjs.org/find-up/-/find-up-5.0.0.tgz 11206ms (cache miss)
2166 timing reifyNode:node_modules/find-up Completed in 11321ms
2167 http fetch GET 200 https://registry.npmjs.org/react-router/-/react-router-7.13.0.tgz 11274ms (cache miss)
2168 timing reifyNode:node_modules/react-router Completed in 11348ms
2169 http fetch GET 200 https://registry.npmjs.org/file-entry-cache/-/file-entry-cache-8.0.0.tgz 11257ms (cache miss)
2170 timing reifyNode:node_modules/file-entry-cache Completed in 11373ms
2171 http fetch GET 200 https://registry.npmjs.org/espree/-/espree-10.4.0.tgz 11299ms (cache miss)
2172 timing reifyNode:node_modules/espree Completed in 11416ms
2173 http fetch GET 200 https://registry.npmjs.org/json-schema-traverse/-/json-schema-traverse-0.4.1.tgz 11455ms (cache miss)
2174 timing reifyNode:node_modules/json-schema-traverse Completed in 11573ms
2175 http fetch GET 200 https://registry.npmjs.org/eslint-visitor-keys/-/eslint-visitor-keys-4.2.1.tgz 11456ms (cache miss)
2176 timing reifyNode:node_modules/eslint-visitor-keys Completed in 11573ms
2177 http fetch GET 200 https://registry.npmjs.org/chalk/-/chalk-4.1.2.tgz 11476ms (cache miss)
2178 timing reifyNode:node_modules/chalk Completed in 11594ms
2179 http fetch GET 200 https://registry.npmjs.org/imurmurhash/-/imurmurhash-0.1.4.tgz 11506ms (cache miss)
2180 timing reifyNode:node_modules/imurmurhash Completed in 11624ms
2181 http fetch GET 200 https://registry.npmjs.org/eslint-scope/-/eslint-scope-8.4.0.tgz 11527ms (cache miss)
2182 timing reifyNode:node_modules/eslint-scope Completed in 11644ms
2183 http fetch GET 200 https://registry.npmjs.org/@humanwhocodes/retry/-/retry-0.4.3.tgz 11705ms (cache miss)
2184 timing reifyNode:node_modules/@humanwhocodes/retry Completed in 11825ms
2185 http fetch GET 200 https://registry.npmjs.org/esquery/-/esquery-1.7.0.tgz 11712ms (cache miss)
2186 timing reifyNode:node_modules/esquery Completed in 11828ms
2187 http fetch GET 200 https://registry.npmjs.org/@humanwhocodes/module-importer/-/module-importer-1.0.1.tgz 11876ms (cache miss)
2188 timing reifyNode:node_modules/@humanwhocodes/module-importer Completed in 11995ms
2189 http fetch GET 200 https://registry.npmjs.org/@humanfs/node/-/node-0.16.7.tgz 11988ms (cache miss)
2190 timing reifyNode:node_modules/@humanfs/node Completed in 12107ms
2191 http fetch GET 200 https://registry.npmjs.org/@eslint/plugin-kit/-/plugin-kit-0.4.1.tgz 12206ms (cache miss)
2192 timing reifyNode:node_modules/@eslint/plugin-kit Completed in 12327ms
2193 http fetch GET 200 https://registry.npmjs.org/ajv/-/ajv-6.14.0.tgz 12304ms (cache miss)
2194 timing reifyNode:node_modules/ajv Completed in 12422ms
2195 http fetch GET 200 https://registry.npmjs.org/@eslint/config-helpers/-/config-helpers-0.4.2.tgz 12500ms (cache miss)
2196 timing reifyNode:node_modules/@eslint/config-helpers Completed in 12622ms
2197 http fetch GET 200 https://registry.npmjs.org/@eslint/core/-/core-0.17.0.tgz 12519ms (cache miss)
2198 timing reifyNode:node_modules/@eslint/core Completed in 12639ms
2199 http fetch GET 200 https://registry.npmjs.org/@eslint/config-array/-/config-array-0.21.1.tgz 12641ms (cache miss)
2200 timing reifyNode:node_modules/@eslint/config-array Completed in 12763ms
2201 http fetch GET 200 https://registry.npmjs.org/ms/-/ms-2.1.3.tgz 12662ms (cache miss)
2202 timing reifyNode:node_modules/ms Completed in 12785ms
2203 http fetch GET 200 https://registry.npmjs.org/update-browserslist-db/-/update-browserslist-db-1.2.3.tgz 12822ms (cache miss)
2204 timing reifyNode:node_modules/update-browserslist-db Completed in 12947ms
2205 http fetch GET 200 https://registry.npmjs.org/@eslint-community/eslint-utils/-/eslint-utils-4.9.1.tgz 12975ms (cache miss)
2206 timing reifyNode:node_modules/@eslint-community/eslint-utils Completed in 13099ms
2207 http fetch GET 200 https://registry.npmjs.org/node-releases/-/node-releases-2.0.27.tgz 13037ms (cache miss)
2208 timing reifyNode:node_modules/node-releases Completed in 13163ms
2209 http fetch GET 200 https://registry.npmjs.org/electron-to-chromium/-/electron-to-chromium-1.5.302.tgz 13254ms (cache miss)
2210 timing reifyNode:node_modules/electron-to-chromium Completed in 13380ms
2211 http fetch GET 200 https://registry.npmjs.org/@eslint/eslintrc/-/eslintrc-3.3.3.tgz 13301ms (cache miss)
2212 timing reifyNode:node_modules/@eslint/eslintrc Completed in 13421ms
2213 http fetch GET 200 https://registry.npmjs.org/baseline-browser-mapping/-/baseline-browser-mapping-2.10.0.tgz 13529ms (cache miss)
2214 timing reifyNode:node_modules/baseline-browser-mapping Completed in 13656ms
2215 http fetch GET 200 https://registry.npmjs.org/@esbuild/darwin-arm64/-/darwin-arm64-0.21.5.tgz 13749ms (cache miss)
2216 timing reifyNode:node_modules/@esbuild/darwin-arm64 Completed in 13816ms
2217 http fetch GET 200 https://registry.npmjs.org/@eslint-community/regexpp/-/regexpp-4.12.2.tgz 13684ms (cache miss)
2218 timing reifyNode:node_modules/@eslint-community/regexpp Completed in 13809ms
2219 http fetch GET 200 https://registry.npmjs.org/@types/babel__traverse/-/babel__traverse-7.28.0.tgz 13682ms (cache miss)
2220 timing reifyNode:node_modules/@types/babel__traverse Completed in 13808ms
2221 http fetch GET 200 https://registry.npmjs.org/@types/babel__template/-/babel__template-7.4.4.tgz 13692ms (cache miss)
2222 timing reifyNode:node_modules/@types/babel__template Completed in 13818ms
2223 http fetch GET 200 https://registry.npmjs.org/escape-string-regexp/-/escape-string-regexp-4.0.0.tgz 13701ms (cache miss)
2224 timing reifyNode:node_modules/escape-string-regexp Completed in 13831ms
2225 http fetch GET 200 https://registry.npmjs.org/@types/babel__generator/-/babel__generator-7.27.0.tgz 13703ms (cache miss)
2226 timing reifyNode:node_modules/@types/babel__generator Completed in 13832ms
2227 http fetch GET 200 https://registry.npmjs.org/@jridgewell/resolve-uri/-/resolve-uri-3.1.2.tgz 13721ms (cache miss)
2228 timing reifyNode:node_modules/@jridgewell/resolve-uri Completed in 13851ms
2229 http fetch GET 200 https://registry.npmjs.org/@jridgewell/sourcemap-codec/-/sourcemap-codec-1.5.5.tgz 13770ms (cache miss)
2230 timing reifyNode:node_modules/@jridgewell/sourcemap-codec Completed in 13901ms
2231 http fetch GET 200 https://registry.npmjs.org/@babel/helper-string-parser/-/helper-string-parser-7.27.1.tgz 13868ms (cache miss)
2232 timing reifyNode:node_modules/@babel/helper-string-parser Completed in 13998ms
2233 http fetch GET 200 https://registry.npmjs.org/@babel/helper-plugin-utils/-/helper-plugin-utils-7.28.6.tgz 13900ms (cache miss)
2234 timing reifyNode:node_modules/@babel/helper-plugin-utils Completed in 14032ms
2235 http fetch GET 200 https://registry.npmjs.org/@babel/helper-module-imports/-/helper-module-imports-7.28.6.tgz 13962ms (cache miss)
2236 timing reifyNode:node_modules/@babel/helper-module-imports Completed in 14093ms
2237 http fetch GET 200 https://registry.npmjs.org/browserslist/-/browserslist-4.28.1.tgz 14048ms (cache miss)
2238 timing reifyNode:node_modules/browserslist Completed in 14179ms
2239 http fetch GET 200 https://registry.npmjs.org/lru-cache/-/lru-cache-5.1.1.tgz 14049ms (cache miss)
2240 timing reifyNode:node_modules/lru-cache Completed in 14181ms
2241 http fetch GET 200 https://registry.npmjs.org/jsesc/-/jsesc-3.1.0.tgz 14058ms (cache miss)
2242 timing reifyNode:node_modules/jsesc Completed in 14194ms
2243 http fetch GET 200 https://registry.npmjs.org/@babel/helper-validator-option/-/helper-validator-option-7.27.1.tgz 14071ms (cache miss)
2244 timing reifyNode:node_modules/@babel/helper-validator-option Completed in 14204ms
2245 http fetch GET 200 https://registry.npmjs.org/@babel/compat-data/-/compat-data-7.29.0.tgz 14077ms (cache miss)
2246 timing reifyNode:node_modules/@babel/compat-data Completed in 14210ms
2247 http fetch GET 200 https://registry.npmjs.org/@jridgewell/gen-mapping/-/gen-mapping-0.3.13.tgz 14136ms (cache miss)
2248 timing reifyNode:node_modules/@jridgewell/gen-mapping Completed in 14269ms
2249 http fetch GET 200 https://registry.npmjs.org/@babel/helper-globals/-/helper-globals-7.28.0.tgz 14191ms (cache miss)
2250 timing reifyNode:node_modules/@babel/helper-globals Completed in 14326ms
2251 http fetch GET 200 https://registry.npmjs.org/@jridgewell/trace-mapping/-/trace-mapping-0.3.31.tgz 14198ms (cache miss)
2252 timing reifyNode:node_modules/@jridgewell/trace-mapping Completed in 14331ms
2253 http fetch GET 200 https://registry.npmjs.org/picocolors/-/picocolors-1.1.1.tgz 14211ms (cache miss)
2254 timing reifyNode:node_modules/picocolors Completed in 14346ms
2255 http fetch GET 200 https://registry.npmjs.org/js-tokens/-/js-tokens-4.0.0.tgz 14386ms (cache miss)
2256 timing reifyNode:node_modules/js-tokens Completed in 14521ms
2257 http fetch GET 200 https://registry.npmjs.org/@babel/helper-validator-identifier/-/helper-validator-identifier-7.28.5.tgz 14527ms (cache miss)
2258 timing reifyNode:node_modules/@babel/helper-validator-identifier Completed in 14663ms
2259 http fetch GET 200 https://registry.npmjs.org/debug/-/debug-4.4.3.tgz 14634ms (cache miss)
2260 timing reifyNode:node_modules/debug Completed in 14769ms
2261 http fetch GET 200 https://registry.npmjs.org/convert-source-map/-/convert-source-map-2.0.0.tgz 14647ms (cache miss)
2262 timing reifyNode:node_modules/convert-source-map Completed in 14782ms
2263 http fetch GET 200 https://registry.npmjs.org/gensync/-/gensync-1.0.0-beta.2.tgz 14648ms (cache miss)
2264 timing reifyNode:node_modules/gensync Completed in 14783ms
2265 http fetch GET 200 https://registry.npmjs.org/@jridgewell/remapping/-/remapping-2.3.5.tgz 14675ms (cache miss)
2266 timing reifyNode:node_modules/@jridgewell/remapping Completed in 14811ms
2267 http fetch GET 200 https://registry.npmjs.org/@babel/template/-/template-7.28.6.tgz 15017ms (cache miss)
2268 timing reifyNode:node_modules/@babel/template Completed in 15153ms
2269 http fetch GET 200 https://registry.npmjs.org/@babel/helper-compilation-targets/-/helper-compilation-targets-7.28.6.tgz 15089ms (cache miss)
2270 timing reifyNode:node_modules/@babel/helper-compilation-targets Completed in 15228ms
2271 http fetch GET 200 https://registry.npmjs.org/@babel/traverse/-/traverse-7.29.0.tgz 15263ms (cache miss)
2272 timing reifyNode:node_modules/@babel/traverse Completed in 15399ms
2273 http fetch GET 200 https://registry.npmjs.org/@babel/helper-module-transforms/-/helper-module-transforms-7.28.6.tgz 15276ms (cache miss)
2274 timing reifyNode:node_modules/@babel/helper-module-transforms Completed in 15413ms
2275 http fetch GET 200 https://registry.npmjs.org/@rollup/rollup-darwin-arm64/-/rollup-darwin-arm64-4.59.0.tgz 15574ms (cache miss)
2276 timing reifyNode:node_modules/@rollup/rollup-darwin-arm64 Completed in 15642ms
2277 http fetch GET 200 https://registry.npmjs.org/@babel/code-frame/-/code-frame-7.29.0.tgz 16117ms (cache miss)
2278 timing reifyNode:node_modules/@babel/code-frame Completed in 16255ms
2279 http fetch GET 200 https://registry.npmjs.org/@types/babel__core/-/babel__core-7.20.5.tgz 16180ms (cache miss)
2280 timing reifyNode:node_modules/@types/babel__core Completed in 16321ms
2281 http fetch GET 200 https://registry.npmjs.org/react-refresh/-/react-refresh-0.17.0.tgz 16192ms (cache miss)
2282 timing reifyNode:node_modules/react-refresh Completed in 16335ms
2283 http fetch GET 200 https://registry.npmjs.org/@babel/types/-/types-7.29.0.tgz 16413ms (cache miss)
2284 timing reifyNode:node_modules/@babel/types Completed in 16549ms
2285 http fetch GET 200 https://registry.npmjs.org/caniuse-lite/-/caniuse-lite-1.0.30001774.tgz 16437ms (cache miss)
2286 timing reifyNode:node_modules/caniuse-lite Completed in 16562ms
2287 http fetch GET 200 https://registry.npmjs.org/@rolldown/pluginutils/-/pluginutils-1.0.0-beta.27.tgz 16488ms (cache miss)
2288 timing reifyNode:node_modules/@rolldown/pluginutils Completed in 16630ms
2289 http fetch GET 200 https://registry.npmjs.org/json5/-/json5-2.2.3.tgz 16500ms (cache miss)
2290 timing reifyNode:node_modules/json5 Completed in 16635ms
2291 http fetch GET 200 https://registry.npmjs.org/@babel/plugin-transform-react-jsx-source/-/plugin-transform-react-jsx-source-7.27.1.tgz 16507ms (cache miss)
2292 timing reifyNode:node_modules/@babel/plugin-transform-react-jsx-source Completed in 16649ms
2293 http fetch GET 200 https://registry.npmjs.org/@babel/plugin-transform-react-jsx-self/-/plugin-transform-react-jsx-self-7.27.1.tgz 16612ms (cache miss)
2294 timing reifyNode:node_modules/@babel/plugin-transform-react-jsx-self Completed in 16755ms
2295 http fetch GET 200 https://registry.npmjs.org/react-router-dom/-/react-router-dom-7.13.0.tgz 17459ms (cache miss)
2296 timing reifyNode:node_modules/react-router-dom Completed in 17604ms
2297 http fetch GET 200 https://registry.npmjs.org/@babel/helpers/-/helpers-7.28.6.tgz 17473ms (cache miss)
2298 timing reifyNode:node_modules/@babel/helpers Completed in 17611ms
2299 http fetch GET 200 https://registry.npmjs.org/@babel/generator/-/generator-7.29.1.tgz 17543ms (cache miss)
2300 timing reifyNode:node_modules/@babel/generator Completed in 17681ms
2301 http fetch GET 200 https://registry.npmjs.org/react/-/react-18.3.1.tgz 17765ms (cache miss)
2302 timing reifyNode:node_modules/react Completed in 17909ms
2303 http fetch GET 200 https://registry.npmjs.org/@types/prop-types/-/prop-types-15.7.15.tgz 17914ms (cache miss)
2304 timing reifyNode:node_modules/@types/prop-types Completed in 18060ms
2305 http fetch GET 200 https://registry.npmjs.org/eslint-plugin-react-refresh/-/eslint-plugin-react-refresh-0.4.26.tgz 17915ms (cache miss)
2306 timing reifyNode:node_modules/eslint-plugin-react-refresh Completed in 18060ms
2307 http fetch GET 200 https://registry.npmjs.org/glob-parent/-/glob-parent-6.0.2.tgz 17978ms (cache miss)
2308 timing reifyNode:node_modules/glob-parent Completed in 18128ms
2309 http fetch GET 200 https://registry.npmjs.org/eslint-plugin-react-hooks/-/eslint-plugin-react-hooks-5.2.0.tgz 18057ms (cache miss)
2310 timing reifyNode:node_modules/eslint-plugin-react-hooks Completed in 18201ms
2311 http fetch GET 200 https://registry.npmjs.org/globals/-/globals-15.15.0.tgz 18103ms (cache miss)
2312 timing reifyNode:node_modules/globals Completed in 18248ms
2313 http fetch GET 200 https://registry.npmjs.org/eslint-plugin-react/-/eslint-plugin-react-7.37.5.tgz 18668ms (cache miss)
2314 timing reifyNode:node_modules/eslint-plugin-react Completed in 18813ms
2315 http fetch GET 200 https://registry.npmjs.org/resolve/-/resolve-2.0.0-next.6.tgz 18728ms (cache miss)
2316 timing reifyNode:node_modules/resolve Completed in 18833ms
2317 http fetch GET 200 https://registry.npmjs.org/@types/react-dom/-/react-dom-18.3.7.tgz 18872ms (cache miss)
2318 timing reifyNode:node_modules/@types/react-dom Completed in 19018ms
2319 http fetch GET 200 https://registry.npmjs.org/@types/react/-/react-18.3.28.tgz 19743ms (cache miss)
2320 timing reifyNode:node_modules/@types/react Completed in 19891ms
2321 http fetch GET 200 https://registry.npmjs.org/@eslint/js/-/js-9.39.3.tgz 20008ms (cache miss)
2322 timing reifyNode:node_modules/@eslint/js Completed in 20156ms
2323 http fetch GET 200 https://registry.npmjs.org/globals/-/globals-14.0.0.tgz 20088ms (cache miss)
2324 timing reifyNode:node_modules/@eslint/eslintrc/node_modules/globals Completed in 20239ms
2325 http fetch GET 200 https://registry.npmjs.org/eslint-visitor-keys/-/eslint-visitor-keys-3.4.3.tgz 20238ms (cache miss)
2326 timing reifyNode:node_modules/@eslint-community/eslint-utils/node_modules/eslint-visitor-keys Completed in 20389ms
2327 http fetch GET 200 https://registry.npmjs.org/@vitejs/plugin-react/-/plugin-react-4.7.0.tgz 20550ms (cache miss)
2328 timing reifyNode:node_modules/@vitejs/plugin-react Completed in 20699ms
2329 http fetch GET 200 https://registry.npmjs.org/@babel/core/-/core-7.29.0.tgz 20910ms (cache miss)
2330 timing reifyNode:node_modules/@babel/core Completed in 21054ms
2331 http fetch GET 200 https://registry.npmjs.org/csstype/-/csstype-3.2.3.tgz 21245ms (cache miss)
2332 timing reifyNode:node_modules/csstype Completed in 21389ms
2333 http fetch GET 200 https://registry.npmjs.org/react-dom/-/react-dom-18.3.1.tgz 23933ms (cache miss)
2334 timing reifyNode:node_modules/react-dom Completed in 24081ms
2335 http fetch GET 200 https://registry.npmjs.org/@babel/parser/-/parser-7.29.0.tgz 24399ms (cache miss)
2336 timing reifyNode:node_modules/@babel/parser Completed in 24537ms
2337 http fetch GET 200 https://registry.npmjs.org/vite/-/vite-5.4.21.tgz 26452ms (cache miss)
2338 timing reifyNode:node_modules/vite Completed in 26599ms
2339 http fetch GET 200 https://registry.npmjs.org/eslint/-/eslint-9.39.3.tgz 26754ms (cache miss)
2340 timing reifyNode:node_modules/eslint Completed in 26901ms
2341 http fetch GET 200 https://registry.npmjs.org/lucide-react/-/lucide-react-0.575.0.tgz 31293ms (cache miss)
2342 timing reifyNode:node_modules/lucide-react Completed in 31438ms
2343 timing reify:unpack Completed in 31458ms
2344 timing reify:unretire Completed in 0ms
2345 timing build:queue Completed in 8ms
2346 timing build:link:node_modules/acorn Completed in 6ms
2347 timing build:link:node_modules/@babel/parser Completed in 7ms
2348 timing build:link:node_modules/baseline-browser-mapping Completed in 7ms
2349 timing build:link:node_modules/js-yaml Completed in 7ms
2350 timing build:link:node_modules/eslint Completed in 7ms
2351 timing build:link:node_modules/jsesc Completed in 7ms
2352 timing build:link:node_modules/json5 Completed in 7ms
2353 timing build:link:node_modules/nanoid Completed in 6ms
2354 timing build:link:node_modules/rollup Completed in 6ms
2355 timing build:link:node_modules/esbuild Completed in 7ms
2356 timing build:link:node_modules/browserslist Completed in 7ms
2357 timing build:link:node_modules/update-browserslist-db Completed in 6ms
2358 timing build:link:node_modules/resolve Completed in 6ms
2359 timing build:link:node_modules/semver Completed in 6ms
2360 timing build:link:node_modules/loose-envify Completed in 6ms
2361 timing build:link:node_modules/vite Completed in 5ms
2362 timing build:link:node_modules/which Completed in 5ms
2363 timing build:link Completed in 8ms
2364 info run esbuild@0.21.5 postinstall node_modules/esbuild node install.js
2365 info run esbuild@0.21.5 postinstall { code: 0, signal: null }
2366 timing build:run:postinstall:node_modules/esbuild Completed in 1343ms
2367 timing build:run:postinstall Completed in 1344ms
2368 timing build:deps Completed in 1360ms
2369 timing build Completed in 1361ms
2370 timing reify:build Completed in 1362ms
2371 timing reify:trash Completed in 3ms
2372 timing reify:save Completed in 88ms
2373 timing reify Completed in 73567ms
2374 silly ADD node_modules/is-weakset
2375 silly ADD node_modules/is-weakmap
2376 silly ADD node_modules/is-map
2377 silly ADD node_modules/generator-function
2378 silly ADD node_modules/async-function
2379 silly ADD node_modules/which-collection
2380 silly ADD node_modules/is-generator-function
2381 silly ADD node_modules/is-finalizationregistry
2382 silly ADD node_modules/is-async-function
2383 silly ADD node_modules/is-number-object
2384 silly ADD node_modules/is-boolean-object
2385 silly ADD node_modules/is-bigint
2386 silly ADD node_modules/isexe
2387 silly ADD
2388 silly ADD
2389 silly ADD
2390 silly ADD
2391 silly ADD
2392 silly ADD
2393 silly ADD
2394 silly ADD
2395 silly ADD
2396 silly ADD
2397 silly ADD
2398 silly ADD
2399 silly ADD
2400 silly ADD
2401 silly ADD
2402 silly ADD
2403 silly ADD
2404 silly ADD
2405 silly ADD
2406 silly ADD
2407 silly ADD
2408 silly ADD
2409 silly ADD node_modules/@rollup/rollup-darwin-arm64
2410 silly ADD
2411 silly ADD
2412 silly ADD node_modules/source-map-js
2413 silly ADD node_modules/nanoid
2414 silly ADD
2415 silly ADD
2416 silly ADD
2417 silly ADD
2418 silly ADD
2419 silly ADD
2420 silly ADD
2421 silly ADD
2422 silly ADD
2423 silly ADD
2424 silly ADD
2425 silly ADD
2426 silly ADD
2427 silly ADD
2428 silly ADD
2429 silly ADD
2430 silly ADD
2431 silly ADD
2432 silly ADD node_modules/@esbuild/darwin-arm64
2433 silly ADD
2434 silly ADD
2435 silly ADD
2436 silly ADD
2437 silly ADD node_modules/rollup
2438 silly ADD node_modules/postcss
2439 silly ADD node_modules/fsevents
2440 silly ADD node_modules/esbuild
2441 silly ADD node_modules/punycode
2442 silly ADD node_modules/escalade
2443 silly ADD node_modules/which-boxed-primitive
2444 silly ADD node_modules/has-bigints
2445 silly ADD node_modules/which-builtin-type
2446 silly ADD node_modules/reflect.getprototypeof
2447 silly ADD node_modules/for-each
2448 silly ADD node_modules/has-flag
2449 silly ADD node_modules/side-channel-weakmap
2450 silly ADD node_modules/side-channel-map
2451 silly ADD node_modules/side-channel-list
2452 silly ADD node_modules/shebang-regex
2453 silly ADD node_modules/isarray
2454 silly ADD node_modules/supports-preserve-symlinks-flag
2455 silly ADD node_modules/path-parse
2456 silly ADD node_modules/node-exports-info
2457 silly ADD node_modules/is-core-module
2458 silly ADD node_modules/set-cookie-parser
2459 silly ADD node_modules/cookie
2460 silly ADD node_modules/react-router
2461 silly ADD node_modules/scheduler
2462 silly ADD node_modules/react-is
2463 silly ADD node_modules/object-assign
2464 silly ADD node_modules/loose-envify
2465 silly ADD node_modules/callsites
2466 silly ADD node_modules/yocto-queue
2467 silly ADD node_modules/p-limit
2468 silly ADD node_modules/word-wrap
2469 silly ADD node_modules/fast-levenshtein
2470 silly ADD node_modules/deep-is
2471 silly ADD node_modules/concat-map
2472 silly ADD node_modules/balanced-match
2473 silly ADD node_modules/brace-expansion
2474 silly ADD node_modules/yallist
2475 silly ADD node_modules/p-locate
2476 silly ADD node_modules/type-check
2477 silly ADD node_modules/prelude-ls
2478 silly ADD node_modules/json-buffer
2479 silly ADD node_modules/array.prototype.flat
2480 silly ADD node_modules/argparse
2481 silly ADD node_modules/set-function-name
2482 silly ADD node_modules/is-extglob
2483 silly ADD node_modules/side-channel
2484 silly ADD node_modules/resolve-from
2485 silly ADD node_modules/parent-module
2486 silly ADD node_modules/dunder-proto
2487 silly ADD node_modules/functions-have-names
2488 silly ADD node_modules/keyv
2489 silly ADD node_modules/flatted
2490 silly ADD node_modules/path-exists
2491 silly ADD node_modules/locate-path
2492 silly ADD node_modules/flat-cache
2493 silly ADD node_modules/acorn-jsx
2494 silly ADD node_modules/acorn
2495 silly ADD node_modules/esrecurse
2496 silly ADD node_modules/is-symbol
2497 silly ADD node_modules/is-date-object
2498 silly ADD node_modules/has-tostringtag
2499 silly ADD node_modules/iterator.prototype
2500 silly ADD node_modules/possible-typed-array-names
2501 silly ADD node_modules/which-typed-array
2502 silly ADD node_modules/unbox-primitive
2503 silly ADD node_modules/typed-array-length
2504 silly ADD node_modules/typed-array-byte-offset
2505 silly ADD node_modules/typed-array-byte-length
2506 silly ADD node_modules/typed-array-buffer
2507 silly ADD node_modules/string.prototype.trimstart
2508 silly ADD node_modules/string.prototype.trimend
2509 silly ADD node_modules/string.prototype.trim
2510 silly ADD node_modules/stop-iteration-iterator
2511 silly ADD node_modules/set-proto
2512 silly ADD node_modules/safe-regex-test
2513 silly ADD node_modules/safe-push-apply
2514 silly ADD node_modules/safe-array-concat
2515 silly ADD node_modules/regexp.prototype.flags
2516 silly ADD node_modules/own-keys
2517 silly ADD node_modules/object.assign
2518 silly ADD node_modules/object-inspect
2519 silly ADD node_modules/is-weakref
2520 silly ADD node_modules/is-typed-array
2521 silly ADD node_modules/is-shared-array-buffer
2522 silly ADD node_modules/is-set
2523 silly ADD node_modules/is-regex
2524 silly ADD node_modules/is-negative-zero
2525 silly ADD node_modules/is-data-view
2526 silly ADD node_modules/is-callable
2527 silly ADD node_modules/is-array-buffer
2528 silly ADD node_modules/internal-slot
2529 silly ADD node_modules/has-symbols
2530 silly ADD node_modules/has-proto
2531 silly ADD node_modules/globalthis
2532 silly ADD node_modules/get-symbol-description
2533 silly ADD node_modules/get-proto
2534 silly ADD node_modules/function.prototype.name
2535 silly ADD node_modules/es-to-primitive
2536 silly ADD node_modules/es-set-tostringtag
2537 silly ADD node_modules/data-view-byte-offset
2538 silly ADD node_modules/data-view-byte-length
2539 silly ADD node_modules/data-view-buffer
2540 silly ADD node_modules/available-typed-arrays
2541 silly ADD node_modules/arraybuffer.prototype.slice
2542 silly ADD node_modules/array-buffer-byte-length
2543 silly ADD node_modules/gopd
2544 silly ADD node_modules/object-keys
2545 silly ADD node_modules/has-property-descriptors
2546 silly ADD node_modules/define-data-property
2547 silly ADD node_modules/function-bind
2548 silly ADD node_modules/set-function-length
2549 silly ADD node_modules/es-define-property
2550 silly ADD node_modules/call-bind-apply-helpers
2551 silly ADD node_modules/es-shim-unscopables
2552 silly ADD node_modules/es-errors
2553 silly ADD node_modules/math-intrinsics
2554 silly ADD node_modules/is-string
2555 silly ADD node_modules/get-intrinsic
2556 silly ADD node_modules/es-object-atoms
2557 silly ADD node_modules/es-abstract
2558 silly ADD node_modules/define-properties
2559 silly ADD node_modules/call-bound
2560 silly ADD node_modules/call-bind
2561 silly ADD node_modules/string.prototype.repeat
2562 silly ADD node_modules/string.prototype.matchall
2563 silly ADD node_modules/resolve
2564 silly ADD node_modules/prop-types
2565 silly ADD node_modules/object.values
2566 silly ADD node_modules/object.fromentries
2567 silly ADD node_modules/object.entries
2568 silly ADD node_modules/jsx-ast-utils
2569 silly ADD node_modules/hasown
2570 silly ADD node_modules/estraverse
2571 silly ADD node_modules/es-iterator-helpers
2572 silly ADD node_modules/doctrine
2573 silly ADD node_modules/array.prototype.tosorted
2574 silly ADD node_modules/array.prototype.flatmap
2575 silly ADD node_modules/array.prototype.findlast
2576 silly ADD node_modules/array-includes
2577 silly ADD node_modules/which
2578 silly ADD node_modules/shebang-command
2579 silly ADD node_modules/path-key
2580 silly ADD node_modules/color-name
2581 silly ADD node_modules/color-convert
2582 silly ADD node_modules/supports-color
2583 silly ADD node_modules/ansi-styles
2584 silly ADD node_modules/uri-js
2585 silly ADD node_modules/json-schema-traverse
2586 silly ADD node_modules/fast-json-stable-stringify
2587 silly ADD node_modules/@humanfs/core
2588 silly ADD node_modules/levn
2589 silly ADD node_modules/strip-json-comments
2590 silly ADD node_modules/js-yaml
2591 silly ADD node_modules/import-fresh
2592 silly ADD node_modules/@types/json-schema
2593 silly ADD node_modules/@eslint/object-schema
2594 silly ADD node_modules/optionator
2595 silly ADD node_modules/natural-compare
2596 silly ADD node_modules/minimatch
2597 silly ADD node_modules/lodash.merge
2598 silly ADD node_modules/json-stable-stringify-without-jsonify
2599 silly ADD node_modules/is-glob
2600 silly ADD node_modules/imurmurhash
2601 silly ADD node_modules/ignore
2602 silly ADD node_modules/glob-parent
2603 silly ADD node_modules/find-up
2604 silly ADD node_modules/file-entry-cache
2605 silly ADD node_modules/fast-deep-equal
2606 silly ADD node_modules/esutils
2607 silly ADD node_modules/esquery
2608 silly ADD node_modules/espree
2609 silly ADD node_modules/eslint-visitor-keys
2610 silly ADD node_modules/eslint-scope
2611 silly ADD node_modules/escape-string-regexp
2612 silly ADD node_modules/cross-spawn
2613 silly ADD node_modules/chalk
2614 silly ADD node_modules/ajv
2615 silly ADD node_modules/@types/estree
2616 silly ADD node_modules/@humanwhocodes/retry
2617 silly ADD node_modules/@humanwhocodes/module-importer
2618 silly ADD node_modules/@humanfs/node
2619 silly ADD node_modules/@eslint/plugin-kit
2620 silly ADD node_modules/@eslint/eslintrc
2621 silly ADD node_modules/@eslint/eslintrc/node_modules/globals
2622 silly ADD node_modules/@eslint/core
2623 silly ADD node_modules/@eslint/config-helpers
2624 silly ADD node_modules/@eslint/config-array
2625 silly ADD node_modules/@eslint-community/regexpp
2626 silly ADD node_modules/@eslint-community/eslint-utils
2627 silly ADD node_modules/@eslint-community/eslint-utils/node_modules/eslint-visitor-keys
2628 silly ADD node_modules/ms
2629 silly ADD node_modules/update-browserslist-db
2630 silly ADD node_modules/node-releases
2631 silly ADD node_modules/electron-to-chromium
2632 silly ADD node_modules/caniuse-lite
2633 silly ADD node_modules/baseline-browser-mapping
2634 silly ADD node_modules/@types/babel__traverse
2635 silly ADD node_modules/@types/babel__template
2636 silly ADD node_modules/@types/babel__generator
2637 silly ADD node_modules/@jridgewell/resolve-uri
2638 silly ADD node_modules/@jridgewell/sourcemap-codec
2639 silly ADD node_modules/@babel/helper-string-parser
2640 silly ADD node_modules/@babel/helper-globals
2641 silly ADD node_modules/@babel/helper-plugin-utils
2642 silly ADD node_modules/@babel/helper-module-imports
2643 silly ADD node_modules/lru-cache
2644 silly ADD node_modules/browserslist
2645 silly ADD node_modules/@babel/helper-validator-option
2646 silly ADD node_modules/@babel/compat-data
2647 silly ADD node_modules/jsesc
2648 silly ADD node_modules/@jridgewell/trace-mapping
2649 silly ADD node_modules/@jridgewell/gen-mapping
2650 silly ADD node_modules/picocolors
2651 silly ADD node_modules/js-tokens
2652 silly ADD node_modules/@babel/helper-validator-identifier
2653 silly ADD node_modules/semver
2654 silly ADD node_modules/json5
2655 silly ADD node_modules/gensync
2656 silly ADD node_modules/debug
2657 silly ADD node_modules/convert-source-map
2658 silly ADD node_modules/@jridgewell/remapping
2659 silly ADD node_modules/@babel/types
2660 silly ADD node_modules/@babel/traverse
2661 silly ADD node_modules/@babel/template
2662 silly ADD node_modules/@babel/parser
2663 silly ADD node_modules/@babel/helpers
2664 silly ADD node_modules/@babel/helper-module-transforms
2665 silly ADD node_modules/@babel/helper-compilation-targets
2666 silly ADD node_modules/@babel/generator
2667 silly ADD node_modules/@babel/code-frame
2668 silly ADD node_modules/react-refresh
2669 silly ADD node_modules/@types/babel__core
2670 silly ADD node_modules/@rolldown/pluginutils
2671 silly ADD node_modules/@babel/plugin-transform-react-jsx-source
2672 silly ADD node_modules/@babel/plugin-transform-react-jsx-self
2673 silly ADD node_modules/@babel/core
2674 silly ADD node_modules/csstype
2675 silly ADD node_modules/@types/prop-types
2676 silly ADD node_modules/react-router-dom
2677 silly ADD node_modules/react-dom
2678 silly ADD node_modules/react
2679 silly ADD node_modules/lucide-react
2680 silly ADD node_modules/globals
2681 silly ADD node_modules/eslint-plugin-react-refresh
2682 silly ADD node_modules/eslint-plugin-react-hooks
2683 silly ADD node_modules/eslint-plugin-react
2684 silly ADD node_modules/eslint
2685 silly ADD node_modules/vite
2686 silly ADD node_modules/@vitejs/plugin-react
2687 silly ADD node_modules/@types/react-dom
2688 silly ADD node_modules/@types/react
2689 silly ADD node_modules/@eslint/js
2690 timing command:install Completed in 73590ms
2691 verbose exit 0
2692 timing npm Completed in 73799ms
2693 info ok
